1,2,3,4,5,6,7,8,9,10,11,12,13,14,15,16,17,18,19,20,21,22,23,24,25,26,27,28,29,30,31,32,33,34,35,36,37,38,39,40,41,42,43,44,45,46,47,48,49,50,51,52,53,54,55,56,57,58,59,60,61,62,63,64,65,66,67,68,69,70,71,72,73,74,75,76,77,78,79,80,81,82,83,84,85,86,87,88,89,90,91,92,93,94,95,96,97,98,99,100,101,102,103,104,105,106,107,108,109,110,111,112,113,114,115,116,117,118,119,120,121,122,123,124,125,126,127,128,129,130,131,132,133,134,135,136,137,138,139,140,141,142,143,144,145,146,147,148,149,150,151,152,153,154,155,156,157,158,159,160,161,162,163,164,165,166,167,168,169,170,171,172,173,174,175,176,177,178,179,180,181,182,183,184,185,186,187,188,189,190,191,192,193,194,195,196,197,198,199,200,201,202,203,204,205,206,207,208,209,210,211,212,213,214,215,216,217,218,219,220,221,222
1,2,3,4,5,6,7,8,9,10,11,12,13,14,15,16,17,18,19,20,21,22,5,5,5,5,5,5,5,5,5,5,5,5,5,5,5,5,5,5,5,5,5,5,5,5,5,5,5,5,5,5,5,5,5,5,5,5,5,5,5,5,5,5,5,5,5,5,5,5,5,5,5,5,5,5,5,5,5,5,5,5,5,5,5,5,5,5,5,5,5,5,5,5,5,5,5,5,5,5,5,5,5,5,5,5,5,5,5,5,5,5,5,5,5,5,5,5,5,5,5,5,5,5,5,5,5,5,5,5,5,5,5,5,5,5,5,5,5,5,5,5,5,5,5,5,5,5,5,5,5,5,5,5,5,5,5,5,5,5,5,5,5,5,5,5,5,5,5,5,5,5,5,5,5,5,5,5,5,5,5,5,5,5,5,5,5,5,5,5,5,5,5,5,5,5,5,5,5,5,5,5,5,5,5,5,5,5,5,5,5,5,5,5,5,5,5,5,5,5,5,5,5
23,24,3,25,5,6,7,26,27,28,29,12,13,14,30,31,32,33,34,35,36,37,38,5,5,5,5,5,5,5,5,5,5,5,5,5,5,5,5,5,5,5,5,5,5,5,5,5,5,5,5,5,5,5,5,5,5,5,5,5,5,5,5,5,5,5,5,5,5,5,5,5,5,5,5,5,5,5,5,5,5,5,5,5,5,5,5,5,5,5,5,5,5,5,5,5,5,5,5,5,5,5,5,5,5,5,5,5,5,5,5,5,5,5,5,5,5,5,5,5,5,5,5,5,5,5,5,5,5,5,5,5,5,5,5,5,5,5,5,5,5,5,5,5,5,5,5,5,5,5,5,5,5,5,5,5,5,5,5,5,5,5,5,5,5,5,5,5,5,5,5,5,5,5,5,5,5,5,5,5,5,5,5,5,5,5,5,5,5,5,5,5,5,5,5,5,5,5,5,5,5,5,5,5,5,5,5,5,5,5,5,5,5,5,5,5,5,5,5,5,5,5,5
39,40,41,4,5,6,42,43,44,45,46,47,48,49,50,51,52,53,54,5,55,5,5,5,5,5,5,5,5,5,5,5,5,5,5,5,5,5,5,5,5,5,5,5,5,5,5,5,5,5,5,5,5,5,5,5,5,5,5,5,5,5,5,5,5,5,5,5,5,5,5,5,5,5,5,5,5,5,5,5,5,5,5,5,5,5,5,5,5,5,5,5,5,5,5,5,5,5,5,5,5,5,5,5,5,5,5,5,5,5,5,5,5,5,5,5,5,5,5,5,5,5,5,5,5,5,5,5,5,5,5,5,5,5,5,5,5,5,5,5,5,5,5,5,5,5,5,5,5,5,5,5,5,5,5,5,5,5,5,5,5,5,5,5,5,5,5,5,5,5,5,5,5,5,5,5,5,5,5,5,5,5,5,5,5,5,5,5,5,5,5,5,5,5,5,5,5,5,5,5,5,5,5,5,5,5,5,5,5,5,5,5,5,5,5,5,5,5,5,5,5,5,5
56,57,3,4,5,6,7,58,59,60,61,12,13,14,62,63,64,65,66,67,68,5,5,5,5,5,5,5,5,5,5,5,5,5,5,5,5,5,5,5,5,5,5,5,5,5,5,5,5,5,5,5,5,5,5,5,5,5,5,5,5,5,5,5,5,5,5,5,5,5,5,5,5,5,5,5,5,5,5,5,5,5,5,5,5,5,5,5,5,5,5,5,5,5,5,5,5,5,5,5,5,5,5,5,5,5,5,5,5,5,5,5,5,5,5,5,5,5,5,5,5,5,5,5,5,5,5,5,5,5,5,5,5,5,5,5,5,5,5,5,5,5,5,5,5,5,5,5,5,5,5,5,5,5,5,5,5,5,5,5,5,5,5,5,5,5,5,5,5,5,5,5,5,5,5,5,5,5,5,5,5,5,5,5,5,5,5,5,5,5,5,5,5,5,5,5,5,5,5,5,5,5,5,5,5,5,5,5,5,5,5,5,5,5,5,5,5,5,5,5,5,5,5
69,70,5,71,5,72,73,74,75,76,77,78,79,80,81,5,82,5,5,5,83,5,5,84,85,86,5,5,5,5,5,5,5,5,5,5,5,5,5,5,5,5,5,5,5,5,5,5,5,5,5,5,5,5,5,5,5,5,5,5,5,5,5,5,5,5,5,5,5,5,5,5,5,5,5,5,5,5,5,5,5,5,5,5,5,5,5,5,5,5,5,5,5,5,5,5,5,5,5,5,5,5,5,5,5,5,5,5,5,5,5,5,5,5,5,5,5,5,5,5,5,5,5,5,5,5,5,5,5,5,5,5,5,5,5,5,5,5,5,5,5,5,5,5,5,5,5,5,5,5,5,5,5,5,5,5,5,5,5,5,5,5,5,5,5,5,5,5,5,5,5,5,5,5,5,5,5,5,5,5,5,5,5,5,5,5,5,5,5,5,5,5,5,5,5,5,5,5,5,5,5,5,5,5,5,5,5,5,5,5,5,5,5,5,5,5,5,5,5,5,5,5,5
87,88,5,89,5,72,73,90,91,92,93,78,94,80,95,5,96,5,5,5,97,5,98,99,85,100,101,102,5,5,5,5,5,5,5,5,5,5,5,5,5,5,5,5,5,5,5,5,5,5,5,5,5,5,5,5,5,5,5,5,5,5,5,5,5,5,5,5,5,5,5,5,5,5,5,5,5,5,5,5,5,5,5,5,5,5,5,5,5,5,5,5,5,5,5,5,5,5,5,5,5,5,5,5,5,5,5,5,5,5,5,5,5,5,5,5,5,5,5,5,5,5,5,5,5,5,5,5,5,5,5,5,5,5,5,5,5,5,5,5,5,5,5,5,5,5,5,5,5,5,5,5,5,5,5,5,5,5,5,5,5,5,5,5,5,5,5,5,5,5,5,5,5,5,5,5,5,5,5,5,5,5,5,5,5,5,5,5,5,5,5,5,5,5,5,5,5,5,5,5,5,5,5,5,5,5,5,5,5,5,5,5,5,5,5,5,5,5,5,5,5,5,5
103,104,5,105,5,72,73,106,107,108,109,78,110,80,111,5,112,5,5,5,113,5,114,115,85,100,101,102,116,5,5,5,5,5,5,5,5,5,5,5,5,5,5,5,5,5,5,5,5,5,5,5,5,5,5,5,5,5,5,5,5,5,5,5,5,5,5,5,5,5,5,5,5,5,5,5,5,5,5,5,5,5,5,5,5,5,5,5,5,5,5,5,5,5,5,5,5,5,5,5,5,5,5,5,5,5,5,5,5,5,5,5,5,5,5,5,5,5,5,5,5,5,5,5,5,5,5,5,5,5,5,5,5,5,5,5,5,5,5,5,5,5,5,5,5,5,5,5,5,5,5,5,5,5,5,5,5,5,5,5,5,5,5,5,5,5,5,5,5,5,5,5,5,5,5,5,5,5,5,5,5,5,5,5,5,5,5,5,5,5,5,5,5,5,5,5,5,5,5,5,5,5,5,5,5,5,5,5,5,5,5,5,5,5,5,5,5,5,5,5,5,5,5
117,118,41,119,5,6,42,120,121,122,123,47,48,49,124,125,126,127,128,5,129,5,5,5,5,5,5,5,5,130,131,132,5,5,5,5,5,5,5,5,5,5,5,5,5,5,5,5,5,5,5,5,5,5,5,5,5,5,5,5,5,5,5,5,5,5,5,5,5,5,5,5,5,5,5,5,5,5,5,5,5,5,5,5,5,5,5,5,5,5,5,5,5,5,5,5,5,5,5,5,5,5,5,5,5,5,5,5,5,5,5,5,5,5,5,5,5,5,5,5,5,5,5,5,5,5,5,5,5,5,5,5,5,5,5,5,5,5,5,5,5,5,5,5,5,5,5,5,5,5,5,5,5,5,5,5,5,5,5,5,5,5,5,5,5,5,5,5,5,5,5,5,5,5,5,5,5,5,5,5,5,5,5,5,5,5,5,5,5,5,5,5,5,5,5,5,5,5,5,5,5,5,5,5,5,5,5,5,5,5,5,5,5,5,5,5,5,5,5,5,5,5,5
133,134,135,136,5,137,5,138,139,140,141,142,143,144,145,146,147,148,149,5,150,5,5,5,5,151,152,153,5,154,5,5,5,155,156,157,133,158,159,133,160,133,133,133,161,162,163,149,164,165,166,167,133,168,169,170,133,171,172,173,174,175,176,177,178,179,180,5,5,5,5,5,5,5,5,5,5,5,5,5,5,5,5,5,5,5,5,5,5,5,5,5,5,5,5,5,5,5,5,5,5,5,5,5,5,5,5,5,5,5,5,5,5,5,5,5,5,5,5,5,5,5,5,5,5,5,5,5,5,5,5,5,5,5,5,5,5,5,5,5,5,5,5,5,5,5,5,5,5,5,5,5,5,5,5,5,5,5,5,5,5,5,5,5,5,5,5,5,5,5,5,5,5,5,5,5,5,5,5,5,5,5,5,5,5,5,5,5,5,5,5,5,5,5,5,5,5,5,5,5,5,5,5,5,5,5,5,5,5,5,5,5,5,5,5,5,5,5,5,5,5,5,5
181,182,183,184,5,137,5,185,186,187,188,189,190,191,192,193,194,195,196,197,198,5,5,199,200,151,152,153,5,201,5,5,5,202,5,203,181,204,5,181,205,181,181,181,5,206,5,5,5,165,5,167,181,5,207,5,181,171,172,173,174,175,176,177,5,5,5,208,209,210,211,199,181,212,213,5,5,5,5,5,5,5,5,5,5,5,5,5,5,5,5,5,5,5,5,5,5,5,5,5,5,5,5,5,5,5,5,5,5,5,5,5,5,5,5,5,5,5,5,5,5,5,5,5,5,5,5,5,5,5,5,5,5,5,5,5,5,5,5,5,5,5,5,5,5,5,5,5,5,5,5,5,5,5,5,5,5,5,5,5,5,5,5,5,5,5,5,5,5,5,5,5,5,5,5,5,5,5,5,5,5,5,5,5,5,5,5,5,5,5,5,5,5,5,5,5,5,5,5,5,5,5,5,5,5,5,5,5,5,5,5,5,5,5,5,5,5,5,5,5,5,5,5
214,215,5,5,5,216,5,217,218,219,220,221,222,223,224,5,225,5,5,5,226,5,5,5,5,151,152,153,5,5,5,5,5,5,5,227,214,228,5,5,5,5,5,214,5,5,5,5,5,5,5,5,5,5,5,5,5,171,172,173,174,175,176,177,5,5,5,5,5,5,5,5,5,5,5,5,5,5,5,5,5,5,5,5,5,5,5,5,5,5,5,5,5,5,5,5,5,5,5,5,5,5,5,5,5,5,5,5,5,5,5,5,5,5,5,5,5,5,5,5,5,5,5,5,5,5,5,5,5,5,5,5,5,5,5,5,5,5,5,5,5,5,5,5,5,5,5,5,5,5,5,5,5,5,5,5,5,5,5,5,5,5,5,5,5,5,5,5,5,5,5,5,5,5,5,5,5,5,5,5,5,5,5,5,5,5,5,5,5,5,5,5,5,5,5,5,5,5,5,5,5,5,5,5,5,5,5,5,5,5,5,5,5,5,5,5,5,5,5,5,5,5,5
229,230,231,232,5,216,5,233,234,235,236,237,238,239,240,5,241,242,243,5,244,5,5,5,245,151,152,153,5,246,5,5,5,247,5,5,229,248,5,5,5,229,5,229,5,249,5,250,5,165,251,167,229,252,253,254,5,171,172,173,174,175,176,177,5,255,5,256,257,5,5,5,5,5,258,259,260,261,262,5,5,5,5,5,5,5,5,5,5,5,5,5,5,5,5,5,5,5,5,5,5,5,5,5,5,5,5,5,5,5,5,5,5,5,5,5,5,5,5,5,5,5,5,5,5,5,5,5,5,5,5,5,5,5,5,5,5,5,5,5,5,5,5,5,5,5,5,5,5,5,5,5,5,5,5,5,5,5,5,5,5,5,5,5,5,5,5,5,5,5,5,5,5,5,5,5,5,5,5,5,5,5,5,5,5,5,5,5,5,5,5,5,5,5,5,5,5,5,5,5,5,5,5,5,5,5,5,5,5,5,5,5,5,5,5,5,5,5,5,5,5,5,5
263,264,265,5,5,216,5,266,267,268,269,270,271,272,273,5,274,5,5,5,275,276,5,5,5,151,152,153,5,5,5,5,5,5,5,5,263,277,5,5,5,5,5,263,5,5,5,5,5,5,5,5,5,5,5,5,5,171,172,173,174,175,176,177,5,5,5,5,5,5,5,5,5,5,5,5,5,5,5,5,5,5,5,5,5,5,5,5,5,5,5,5,5,5,5,5,5,5,5,5,5,5,5,5,5,5,5,5,5,5,5,5,5,5,5,5,5,5,5,5,5,5,5,5,5,5,5,5,5,5,5,5,5,5,5,5,5,5,5,5,5,5,5,5,5,5,5,5,5,5,5,5,5,5,5,5,5,5,5,5,5,5,5,5,5,5,5,5,5,5,5,5,5,5,5,5,5,5,5,5,5,5,5,5,5,5,5,5,5,5,5,5,5,5,5,5,5,5,5,5,5,5,5,5,5,5,5,5,5,5,5,5,5,5,5,5,5,5,5,5,5,5,5
278,279,5,280,5,72,5,281,282,283,284,285,286,287,288,5,289,290,291,292,293,5,38,294,295,296,297,298,5,299,300,5,5,5,5,5,5,5,5,5,5,5,5,278,5,301,5,5,5,302,5,303,5,5,304,5,5,5,5,5,5,5,5,5,5,5,5,5,5,5,305,5,5,5,5,5,5,5,5,306,307,5,5,5,5,5,5,5,5,5,5,5,5,5,5,5,5,5,5,5,5,5,5,5,5,5,5,5,5,5,5,5,5,5,5,5,5,5,5,5,5,5,5,5,5,5,5,5,5,5,5,5,5,5,5,5,5,5,5,5,5,5,5,5,5,5,5,5,5,5,5,5,5,5,5,5,5,5,5,5,5,5,5,5,5,5,5,5,5,5,5,5,5,5,5,5,5,5,5,5,5,5,5,5,5,5,5,5,5,5,5,5,5,5,5,5,5,5,5,5,5,5,5,5,5,5,5,5,5,5,5,5,5,5,5,5,5,5,5,5,5,5,5
308,309,310,311,5,72,5,312,313,314,315,316,317,318,319,5,320,321,322,323,324,5,325,326,5,327,328,329,5,330,5,5,5,331,5,332,5,5,5,5,5,5,5,5,5,333,5,5,5,334,5,335,5,5,336,5,5,5,5,337,5,5,5,338,339,5,5,5,5,5,340,5,5,5,5,5,5,5,5,341,342,343,5,5,5,5,5,5,5,5,5,5,5,5,5,5,5,5,5,5,5,5,5,5,5,5,5,5,5,5,5,5,5,5,5,5,5,5,5,5,5,5,5,5,5,5,5,5,5,5,5,5,5,5,5,5,5,5,5,5,5,5,5,5,5,5,5,5,5,5,5,5,5,5,5,5,5,5,5,5,5,5,5,5,5,5,5,5,5,5,5,5,5,5,5,5,5,5,5,5,5,5,5,5,5,5,5,5,5,5,5,5,5,5,5,5,5,5,5,5,5,5,5,5,5,5,5,5,5,5,5,5,5,5,5,5,5,5,5,5,5,5,5
344,345,346,347,5,216,5,348,349,350,351,352,353,354,355,356,357,5,5,5,358,5,5,5,359,360,361,362,5,363,5,5,5,364,5,365,344,366,5,5,5,5,5,344,5,5,5,5,5,367,5,368,5,5,5,5,5,369,5,5,5,5,370,371,372,373,5,5,374,5,5,5,5,5,375,5,5,5,5,5,5,5,376,377,378,379,380,381,382,5,5,5,5,5,5,5,5,5,5,5,5,5,5,5,5,5,5,5,5,5,5,5,5,5,5,5,5,5,5,5,5,5,5,5,5,5,5,5,5,5,5,5,5,5,5,5,5,5,5,5,5,5,5,5,5,5,5,5,5,5,5,5,5,5,5,5,5,5,5,5,5,5,5,5,5,5,5,5,5,5,5,5,5,5,5,5,5,5,5,5,5,5,5,5,5,5,5,5,5,5,5,5,5,5,5,5,5,5,5,5,5,5,5,5,5,5,5,5,5,5,5,5,5,5,5,5,5,5,5,5,5,5,5
383,384,5,385,5,72,5,386,387,388,389,390,391,392,393,5,394,395,396,397,398,5,5,399,400,401,402,403,5,404,5,5,5,405,5,5,383,406,5,5,5,383,5,5,5,407,5,5,5,408,5,409,5,410,411,5,5,5,5,5,5,5,412,5,5,413,5,5,5,5,414,5,5,5,415,5,5,5,5,416,417,5,418,5,5,419,380,5,5,420,421,422,5,5,5,5,5,5,5,5,5,5,5,5,5,5,5,5,5,5,5,5,5,5,5,5,5,5,5,5,5,5,5,5,5,5,5,5,5,5,5,5,5,5,5,5,5,5,5,5,5,5,5,5,5,5,5,5,5,5,5,5,5,5,5,5,5,5,5,5,5,5,5,5,5,5,5,5,5,5,5,5,5,5,5,5,5,5,5,5,5,5,5,5,5,5,5,5,5,5,5,5,5,5,5,5,5,5,5,5,5,5,5,5,5,5,5,5,5,5,5,5,5,5,5,5,5,5,5,5,5,5,5
423,424,425,426,5,137,5,427,387,428,429,430,431,432,393,5,433,5,5,5,434,5,5,5,400,401,402,403,5,404,5,5,5,405,5,5,423,435,5,5,5,5,5,5,5,5,5,5,5,5,5,5,5,5,5,5,5,5,5,5,5,5,412,5,5,413,5,5,5,5,5,5,5,5,436,5,5,5,5,5,5,5,418,5,5,419,380,5,5,420,421,422,437,438,423,439,440,441,5,5,5,5,5,5,5,5,5,5,5,5,5,5,5,5,5,5,5,5,5,5,5,5,5,5,5,5,5,5,5,5,5,5,5,5,5,5,5,5,5,5,5,5,5,5,5,5,5,5,5,5,5,5,5,5,5,5,5,5,5,5,5,5,5,5,5,5,5,5,5,5,5,5,5,5,5,5,5,5,5,5,5,5,5,5,5,5,5,5,5,5,5,5,5,5,5,5,5,5,5,5,5,5,5,5,5,5,5,5,5,5,5,5,5,5,5,5,5,5,5,5,5,5,5
442,443,444,445,5,216,5,446,447,448,449,430,450,451,452,5,453,5,5,5,454,5,455,5,456,457,458,459,460,461,462,5,5,463,464,465,442,466,5,5,5,442,5,442,5,5,5,5,5,5,5,5,5,5,5,5,5,467,5,5,468,469,470,471,5,472,5,473,474,5,5,5,442,475,5,476,477,5,5,5,5,5,5,5,5,5,5,5,5,5,5,5,5,5,5,5,5,5,478,479,480,481,482,483,484,485,486,487,488,489,490,5,5,5,5,5,5,5,5,5,5,5,5,5,5,5,5,5,5,5,5,5,5,5,5,5,5,5,5,5,5,5,5,5,5,5,5,5,5,5,5,5,5,5,5,5,5,5,5,5,5,5,5,5,5,5,5,5,5,5,5,5,5,5,5,5,5,5,5,5,5,5,5,5,5,5,5,5,5,5,5,5,5,5,5,5,5,5,5,5,5,5,5,5,5,5,5,5,5,5,5,5,5,5,5,5,5,5,5,5,5,5,5
491,492,493,494,5,137,5,495,496,497,498,499,450,451,500,5,501,502,503,5,504,5,505,5,456,457,458,459,506,461,507,5,5,508,509,510,491,511,5,491,5,491,491,491,5,512,513,503,5,514,5,5,5,515,516,517,5,467,5,5,468,469,470,471,518,519,5,520,521,5,5,5,491,522,5,523,477,524,5,5,5,5,5,5,5,5,5,5,5,5,5,5,5,5,5,5,5,5,525,526,527,528,529,530,531,485,532,533,534,489,535,536,537,538,503,491,5,5,5,5,5,5,5,5,5,5,5,5,5,5,5,5,5,5,5,5,5,5,5,5,5,5,5,5,5,5,5,5,5,5,5,5,5,5,5,5,5,5,5,5,5,5,5,5,5,5,5,5,5,5,5,5,5,5,5,5,5,5,5,5,5,5,5,5,5,5,5,5,5,5,5,5,5,5,5,5,5,5,5,5,5,5,5,5,5,5,5,5,5,5,5,5,5,5,5,5,5,5,5,5,5,5,5
539,540,541,445,5,137,5,542,496,543,544,270,450,451,545,5,546,5,5,5,547,5,455,5,456,457,458,459,460,461,462,5,5,508,509,548,539,549,5,5,5,539,5,539,5,5,5,5,5,5,5,5,5,5,5,5,5,467,5,5,468,469,470,471,5,472,5,550,521,5,5,5,539,522,5,523,477,5,5,5,5,5,5,5,5,5,5,5,5,5,5,5,5,5,5,5,5,5,551,526,527,528,552,530,553,485,486,487,554,489,555,536,5,538,5,539,556,5,5,5,5,5,5,5,5,5,5,5,5,5,5,5,5,5,5,5,5,5,5,5,5,5,5,5,5,5,5,5,5,5,5,5,5,5,5,5,5,5,5,5,5,5,5,5,5,5,5,5,5,5,5,5,5,5,5,5,5,5,5,5,5,5,5,5,5,5,5,5,5,5,5,5,5,5,5,5,5,5,5,5,5,5,5,5,5,5,5,5,5,5,5,5,5,5,5,5,5,5,5,5,5,5,5
557,558,5,559,5,72,5,560,561,562,563,564,565,566,567,5,568,5,5,5,569,5,114,5,570,571,572,573,574,575,5,5,5,576,5,5,557,5,5,5,5,5,5,5,5,5,5,5,5,5,5,5,5,5,5,5,5,577,5,5,5,578,579,5,5,5,5,5,5,5,5,5,5,5,5,5,5,5,5,5,5,5,580,5,5,581,5,5,5,5,5,582,5,5,5,5,5,5,5,5,5,5,5,5,5,5,5,583,5,5,5,5,5,5,5,5,5,584,5,5,5,5,5,5,5,5,5,5,5,5,5,5,5,5,5,5,5,5,5,5,5,5,5,5,5,5,5,5,5,5,5,5,5,5,5,5,5,5,5,5,5,5,5,5,5,5,5,5,5,5,5,5,5,5,5,5,5,5,5,5,5,5,5,5,5,5,5,5,5,5,5,5,5,5,5,5,5,5,5,5,5,5,5,5,5,5,5,5,5,5,5,5,5,5,5,5,5,5,5,5,5,5,5
585,586,587,4,5,6,588,589,590,591,592,593,594,595,596,597,598,599,600,5,601,5,5,5,5,602,603,604,5,5,5,5,5,5,5,5,585,5,5,5,5,5,5,5,5,5,5,5,5,5,5,5,5,5,5,5,5,5,5,5,5,5,605,606,5,5,5,5,5,5,5,5,5,5,5,5,5,5,5,5,5,5,5,5,5,5,5,5,5,5,5,5,5,5,5,5,5,5,5,5,5,5,5,5,5,607,5,5,5,5,5,5,5,5,5,5,5,5,608,5,5,5,5,5,5,5,5,5,5,5,5,5,5,5,5,5,5,5,5,5,5,5,5,5,5,5,5,5,5,5,5,5,5,5,5,5,5,5,5,5,5,5,5,5,5,5,5,5,5,5,5,5,5,5,5,5,5,5,5,5,5,5,5,5,5,5,5,5,5,5,5,5,5,5,5,5,5,5,5,5,5,5,5,5,5,5,5,5,5,5,5,5,5,5,5,5,5,5,5,5,5,5,5
609,610,611,612,5,137,5,613,614,615,616,270,450,451,617,5,618,619,620,5,621,5,5,5,622,623,624,625,5,626,5,5,627,628,5,629,609,630,631,609,632,609,609,609,5,633,634,620,5,635,5,5,609,636,637,638,609,5,639,640,5,5,641,5,5,642,5,643,644,5,5,5,609,645,646,647,648,649,5,5,5,5,5,5,5,5,5,5,650,5,5,5,5,5,5,5,5,5,651,652,653,654,655,656,5,5,657,5,5,658,5,659,660,538,620,609,5,5,5,609,620,609,661,662,663,664,5,665,5,5,5,5,5,5,5,5,5,5,5,5,5,5,5,5,5,5,5,5,5,5,5,5,5,5,5,5,5,5,5,5,5,5,5,5,5,5,5,5,5,5,5,5,5,5,5,5,5,5,5,5,5,5,5,5,5,5,5,5,5,5,5,5,5,5,5,5,5,5,5,5,5,5,5,5,5,5,5,5,5,5,5,5,5,5,5,5,5,5,5,5,5,5,5
666,667,5,668,5,216,5,669,614,670,671,189,672,673,674,5,675,5,5,5,676,5,5,5,677,678,679,680,5,5,5,5,5,681,5,682,666,683,5,5,5,5,5,666,5,5,5,5,5,5,5,5,5,5,5,5,5,684,5,5,5,5,641,685,5,686,5,5,687,5,5,5,5,5,5,5,688,5,5,5,5,5,5,5,5,5,5,5,5,5,5,5,5,5,5,5,5,5,5,5,5,5,5,5,5,5,5,5,5,5,5,5,5,5,5,5,5,5,5,5,5,5,5,689,5,5,5,5,690,691,5,5,5,5,5,5,5,5,5,5,5,5,5,5,5,5,5,5,5,5,5,5,5,5,5,5,5,5,5,5,5,5,5,5,5,5,5,5,5,5,5,5,5,5,5,5,5,5,5,5,5,5,5,5,5,5,5,5,5,5,5,5,5,5,5,5,5,5,5,5,5,5,5,5,5,5,5,5,5,5,5,5,5,5,5,5,5,5,5,5,5,5,5
692,693,5,694,5,216,5,695,696,697,698,699,700,701,702,703,704,705,706,5,707,5,5,5,708,709,710,5,5,626,5,5,5,711,5,5,692,5,5,5,5,692,5,692,5,712,5,5,5,713,714,715,692,716,5,717,5,718,719,720,721,722,723,724,5,725,5,726,727,5,5,5,5,5,5,728,729,5,5,5,5,5,5,5,5,5,5,5,5,5,5,5,5,5,5,5,5,5,5,5,5,5,5,5,5,5,5,5,5,5,5,5,5,5,5,692,5,5,5,5,5,5,5,730,5,5,5,5,5,5,731,5,5,5,5,5,5,5,5,5,5,5,5,5,5,5,5,5,5,5,5,5,5,5,5,5,5,5,5,5,5,5,5,5,5,5,5,5,5,5,5,5,5,5,5,5,5,5,5,5,5,5,5,5,5,5,5,5,5,5,5,5,5,5,5,5,5,5,5,5,5,5,5,5,5,5,5,5,5,5,5,5,5,5,5,5,5,5,5,5,5,5,5
732,733,734,735,5,72,736,737,738,739,740,741,742,743,744,5,745,746,747,5,748,5,5,5,749,750,751,752,5,753,5,5,5,5,5,754,5,5,5,5,5,5,5,5,5,5,5,5,5,5,5,5,5,5,5,5,5,5,5,5,5,5,5,5,5,5,5,5,5,5,5,5,5,5,5,5,5,5,5,5,5,5,5,5,5,5,5,5,5,5,5,5,5,5,5,5,5,5,5,5,5,5,5,5,5,5,5,5,5,5,5,5,5,5,5,5,5,5,5,5,5,5,5,5,5,5,5,5,5,5,5,5,5,5,5,5,5,5,5,5,5,5,5,5,5,5,5,5,5,5,5,5,5,5,5,5,5,5,5,5,5,5,5,5,5,5,5,5,5,5,5,5,5,5,5,5,5,5,5,5,5,5,5,5,5,5,5,5,5,5,5,5,5,5,5,5,5,5,5,5,5,5,5,5,5,5,5,5,5,5,5,5,5,5,5,5,5,5,5,5,5,5,5
755,756,757,758,5,137,5,759,760,761,762,763,764,765,766,5,5,5,5,5,767,5,5,5,768,769,5,5,5,770,5,5,5,5,5,5,5,5,5,5,5,5,5,5,5,5,5,5,5,5,5,5,5,5,5,5,5,5,5,5,5,5,5,5,5,771,5,5,5,5,5,5,5,5,5,5,5,5,5,5,5,5,5,5,5,5,5,5,5,5,5,5,5,5,5,5,5,5,5,5,5,5,5,5,5,5,5,5,5,5,5,5,5,5,5,5,5,5,5,5,5,5,5,5,5,5,5,5,772,5,5,773,5,5,5,5,5,5,5,5,5,5,5,5,5,5,5,5,5,5,5,5,5,5,5,5,5,5,5,5,5,5,5,5,5,5,5,5,5,5,5,5,5,5,5,5,5,5,5,5,5,5,5,5,5,5,5,5,5,5,5,5,5,5,5,5,5,5,5,5,5,5,5,5,5,5,5,5,5,5,5,5,5,5,5,5,5,5,5,5,5,5,5
774,775,5,776,5,72,73,777,186,778,779,78,780,80,781,5,782,5,5,5,783,5,5,784,85,785,5,5,5,130,786,5,5,5,5,5,5,5,5,5,5,5,5,5,5,5,5,5,5,5,5,5,5,5,5,5,5,5,5,5,5,5,5,5,5,5,5,5,5,5,5,5,5,5,5,5,5,5,5,5,5,5,5,5,5,5,5,5,5,5,5,5,5,5,5,5,5,5,5,5,5,5,5,5,787,5,5,5,5,5,5,5,5,5,5,5,5,5,5,5,5,5,5,5,5,5,5,5,5,5,5,5,5,5,5,5,5,5,5,5,5,5,5,5,5,5,5,5,5,5,5,5,5,5,5,5,5,5,5,5,5,5,5,5,5,5,5,5,5,5,5,5,5,5,5,5,5,5,5,5,5,5,5,5,5,5,5,5,5,5,5,5,5,5,5,5,5,5,5,5,5,5,5,5,5,5,5,5,5,5,5,5,5,5,5,5,5,5,5,5,5,5,5
788,789,587,4,5,6,588,790,791,792,793,593,594,595,794,795,796,797,798,5,799,800,5,5,5,5,5,5,5,5,5,5,5,5,5,5,5,5,5,5,5,5,5,5,5,5,5,5,5,5,5,5,5,5,5,5,5,5,5,5,5,5,5,5,5,5,5,5,5,5,5,5,5,5,5,5,5,5,5,5,5,5,5,5,5,5,5,5,5,5,5,5,5,5,5,5,5,5,5,5,5,5,5,5,5,5,5,5,5,5,5,5,5,5,5,5,5,5,5,5,5,5,5,5,5,5,5,5,5,5,5,5,5,5,5,5,5,5,5,5,5,5,5,5,5,5,5,5,5,5,5,5,5,5,5,5,5,5,5,5,5,5,5,5,5,5,5,5,5,5,5,5,5,5,5,5,5,5,5,5,5,5,5,5,5,5,5,5,5,5,5,5,5,5,5,5,5,5,5,5,5,5,5,5,5,5,5,5,5,5,5,5,5,5,5,5,5,5,5,5,5,5,5
801,802,5,71,5,72,73,803,804,805,806,78,780,80,807,5,782,5,5,5,808,5,5,809,85,810,811,5,5,5,5,5,5,5,5,5,5,5,5,5,5,5,5,5,5,5,5,5,5,5,5,5,5,5,5,5,5,812,5,5,5,5,5,5,5,5,5,5,5,5,5,5,5,5,5,5,5,5,5,5,5,5,5,5,5,5,5,5,5,5,5,5,5,5,5,5,5,5,5,5,5,5,5,5,5,5,5,5,5,5,5,5,5,5,5,5,5,5,5,5,5,5,5,5,5,5,5,5,5,5,5,5,5,5,5,5,5,5,5,5,5,5,5,5,5,5,5,5,5,5,5,5,5,5,5,5,5,5,5,5,5,5,5,5,5,5,5,5,5,5,5,5,5,5,5,5,5,5,5,5,5,5,5,5,5,5,5,5,5,5,5,5,5,5,5,5,5,5,5,5,5,5,5,5,5,5,5,5,5,5,5,5,5,5,5,5,5,5,5,5,5,5,5
813,814,5,815,5,72,73,816,817,818,819,78,780,80,820,5,782,5,5,5,821,5,5,822,85,823,824,825,5,826,5,5,5,5,5,5,5,5,5,5,5,5,5,5,5,5,5,5,5,5,5,5,5,5,5,5,5,5,5,5,5,5,5,827,5,5,5,5,5,5,5,5,5,5,5,5,5,5,5,5,5,5,5,5,5,5,5,5,5,5,5,5,5,5,5,5,5,5,5,5,5,5,5,5,5,5,5,5,5,5,5,5,5,5,5,5,5,5,5,5,5,5,5,828,5,5,5,5,5,5,5,5,829,5,5,5,5,5,5,5,5,5,5,5,5,5,5,5,5,5,5,5,5,5,5,5,5,5,5,5,5,5,5,5,5,5,5,5,5,5,5,5,5,5,5,5,5,5,5,5,5,5,5,5,5,5,5,5,5,5,5,5,5,5,5,5,5,5,5,5,5,5,5,5,5,5,5,5,5,5,5,5,5,5,5,5,5,5,5,5,5,5,5
830,831,587,4,5,6,588,832,833,834,835,593,594,595,836,837,838,839,840,5,841,5,5,5,5,5,5,5,5,5,5,5,5,5,5,5,5,5,5,5,5,5,5,5,5,5,5,5,5,5,5,5,5,5,5,5,5,5,5,5,5,5,5,5,5,5,5,5,5,5,5,5,5,5,5,5,5,5,5,5,5,5,5,5,5,5,5,5,5,5,5,5,5,5,5,5,5,5,5,5,5,5,5,5,5,5,5,5,5,5,5,5,5,5,5,5,5,5,5,5,5,5,5,5,5,5,5,5,5,5,5,5,5,5,5,5,5,5,5,5,5,5,5,5,5,5,5,5,5,5,5,5,5,5,5,5,5,5,5,5,5,5,5,5,5,5,5,5,5,5,5,5,5,5,5,5,5,5,5,5,5,5,5,5,5,5,5,5,5,5,5,5,5,5,5,5,5,5,5,5,5,5,5,5,5,5,5,5,5,5,5,5,5,5,5,5,5,5,5,5,5,5,5
842,843,844,845,5,216,5,846,847,848,849,850,851,852,853,5,854,855,856,5,857,5,5,5,858,859,860,861,5,862,863,5,5,864,5,5,842,5,5,5,5,842,5,5,5,865,5,866,5,867,5,868,842,869,5,5,5,870,5,5,5,5,5,5,5,5,5,5,871,5,5,5,5,5,5,5,872,873,5,5,5,5,874,5,875,876,5,877,5,5,5,878,5,5,5,5,5,5,5,5,5,5,5,5,5,5,5,5,5,5,5,5,5,5,5,5,5,5,5,5,5,5,5,5,5,5,5,5,5,5,5,5,5,879,880,5,5,5,5,5,5,5,5,5,5,5,5,5,5,5,5,5,5,5,5,5,5,5,5,5,5,5,5,5,5,5,5,5,5,5,5,5,5,5,5,5,5,5,5,5,5,5,5,5,5,5,5,5,5,5,5,5,5,5,5,5,5,5,5,5,5,5,5,5,5,5,5,5,5,5,5,5,5,5,5,5,5,5,5,5,5,5,5
881,882,883,884,5,72,5,885,886,887,888,699,889,890,891,892,893,894,895,5,896,5,5,5,897,898,899,900,5,901,5,5,5,902,5,5,881,903,5,5,5,881,5,5,5,904,5,5,5,905,5,906,5,907,908,5,5,909,910,911,5,5,912,913,5,914,5,5,5,5,915,5,5,5,5,5,5,916,917,5,5,5,918,5,919,920,5,921,5,922,923,924,5,5,5,5,5,5,5,5,5,5,5,5,5,5,925,5,5,5,5,5,5,5,5,5,5,5,5,5,5,5,5,5,5,5,5,5,5,5,5,5,926,5,927,928,5,5,5,5,5,5,5,5,5,5,5,5,5,5,5,5,5,5,5,5,5,5,5,5,5,5,5,5,5,5,5,5,5,5,5,5,5,5,5,5,5,5,5,5,5,5,5,5,5,5,5,5,5,5,5,5,5,5,5,5,5,5,5,5,5,5,5,5,5,5,5,5,5,5,5,5,5,5,5,5,5,5,5,5,5,5,5
929,930,931,884,5,72,5,932,933,934,935,936,937,938,939,940,941,942,943,5,944,5,5,5,897,898,899,900,5,901,5,5,5,945,5,5,929,946,5,5,5,929,5,5,5,947,5,5,5,905,5,5,5,907,5,5,5,909,910,911,5,5,912,913,5,914,5,5,5,5,5,5,5,5,5,5,5,916,948,5,5,5,918,5,919,920,5,921,5,922,923,949,5,5,5,5,5,5,5,5,5,5,5,5,5,5,950,5,5,5,5,5,5,5,5,5,5,5,5,5,5,5,5,5,5,5,5,5,5,5,5,5,926,5,951,5,5,5,5,5,5,5,5,5,5,5,5,5,5,5,5,5,5,5,5,5,5,5,5,5,5,5,5,5,5,5,5,5,5,5,5,5,5,5,5,5,5,5,5,5,5,5,5,5,5,5,5,5,5,5,5,5,5,5,5,5,5,5,5,5,5,5,5,5,5,5,5,5,5,5,5,5,5,5,5,5,5,5,5,5,5,5,5
952,953,5,954,5,72,5,955,956,957,958,959,960,961,962,963,964,965,966,5,967,5,5,5,968,969,970,971,5,972,5,5,5,973,5,5,952,974,5,5,5,5,5,5,5,5,5,5,5,5,5,5,5,5,5,5,5,975,976,5,5,5,977,5,5,5,5,5,5,5,5,5,5,5,5,5,5,978,5,5,5,5,979,5,980,981,982,983,5,984,985,5,5,5,5,5,5,5,5,5,5,5,5,5,5,5,5,5,5,5,5,5,5,5,5,5,5,5,986,5,5,5,5,5,5,5,5,5,5,5,5,5,5,5,987,5,988,5,5,5,5,5,5,5,5,5,5,5,5,5,5,5,5,5,5,5,5,5,5,5,5,5,5,5,5,5,5,5,5,5,5,5,5,5,5,5,5,5,5,5,5,5,5,5,5,5,5,5,5,5,5,5,5,5,5,5,5,5,5,5,5,5,5,5,5,5,5,5,5,5,5,5,5,5,5,5,5,5,5,5,5,5,5
989,990,5,991,5,72,5,992,993,994,995,47,996,997,962,5,998,999,1000,1001,1002,5,5,1003,968,969,970,971,5,972,5,5,5,1004,5,5,989,5,5,5,5,989,5,5,5,1005,5,5,5,1006,5,5,5,1007,5,5,5,975,976,5,5,5,977,5,5,373,5,5,5,5,1008,5,5,5,5,5,5,5,5,1009,5,5,979,5,980,981,1010,983,5,984,985,5,5,5,5,5,5,5,5,5,5,5,5,5,5,5,5,5,5,5,5,5,5,5,5,5,5,5,5,5,5,5,5,5,5,5,5,5,5,5,5,5,5,5,1011,5,1012,5,5,5,5,5,5,5,5,5,5,5,5,5,5,5,5,5,5,5,5,5,5,5,5,5,5,5,5,5,5,5,5,5,5,5,5,5,5,5,5,5,5,5,5,5,5,5,5,5,5,5,5,5,5,5,5,5,5,5,5,5,5,5,5,5,5,5,5,5,5,5,5,5,5,5,5,5,5,5,5,5,5,5,5,5,5
1013,1014,1015,1016,5,137,5,1017,1018,1019,1020,1021,1022,1023,1024,5,1025,1026,1027,1028,1029,5,5,1030,1031,1032,1033,1034,5,1035,5,5,5,1036,5,1037,1013,1038,5,5,5,5,5,5,5,1039,5,5,5,1040,5,1041,5,1042,1043,5,5,1044,5,5,5,1045,1046,1047,5,5,5,5,5,5,1048,5,5,5,5,5,5,5,1049,1050,1051,5,1052,5,5,1053,5,5,1054,5,5,1055,5,5,5,5,5,5,5,5,5,5,5,5,5,5,5,5,5,5,5,5,5,5,5,5,5,5,5,5,5,5,5,5,5,5,5,5,5,5,5,5,5,5,5,5,5,5,1056,1030,1057,1058,5,5,5,5,5,5,5,5,5,5,5,5,5,5,5,5,5,5,5,5,5,5,5,5,5,5,5,5,5,5,5,5,5,5,5,5,5,5,5,5,5,5,5,5,5,5,5,5,5,5,5,5,5,5,5,5,5,5,5,5,5,5,5,5,5,5,5,5,5,5,5,5,5,5,5,5,5,5,5,5,5
1059,1060,1061,1062,5,72,5,1063,956,1064,1065,1066,1067,1068,1069,5,1070,1071,1072,1073,1074,5,5,1075,5,1076,1077,1078,5,1079,5,5,5,5,5,5,1059,5,5,5,5,1059,5,5,5,1080,5,5,5,1081,5,1082,5,1083,1084,5,5,1085,1086,5,5,5,1087,5,5,5,5,5,5,5,1088,5,5,5,5,5,5,5,5,1089,5,5,1090,5,5,5,5,5,5,1091,1092,5,5,5,5,5,5,5,5,5,5,5,5,5,5,5,5,5,5,5,5,5,5,5,5,5,5,5,5,5,5,5,5,5,5,5,5,5,5,5,5,5,5,5,5,5,5,5,1093,5,5,5,5,5,5,5,5,5,5,5,5,5,5,5,5,5,5,5,5,5,5,5,5,5,5,5,5,5,5,5,5,5,5,5,5,5,5,5,5,5,5,5,5,5,5,5,5,5,5,5,5,5,5,5,5,5,5,5,5,5,5,5,5,5,5,5,5,5,5,5,5,5,5,5,5,5,5,5,5,5,5,5,5
1094,1095,1096,1062,5,72,5,1097,1098,1099,1100,1101,1102,1103,1069,5,1104,1105,1106,1107,1108,5,5,1109,5,1076,1077,1078,5,1079,5,5,5,5,5,5,1094,5,5,5,5,1094,5,5,5,1110,5,5,5,1081,5,1082,5,1083,1111,5,5,1085,1086,5,5,5,1087,5,5,5,5,5,5,5,1112,5,5,5,5,5,5,5,5,1113,5,5,1090,5,5,5,5,5,5,1091,1092,5,5,5,5,5,5,5,5,5,5,5,5,5,5,5,5,5,5,5,5,5,5,5,5,5,5,5,5,5,5,5,5,5,5,5,5,5,5,5,5,5,5,5,5,5,5,5,5,5,5,5,5,5,5,5,5,5,5,5,5,5,5,5,5,5,5,5,5,5,5,5,5,5,5,5,5,5,5,5,5,5,5,5,5,5,5,5,5,5,5,5,5,5,5,5,5,5,5,5,5,5,5,5,5,5,5,5,5,5,5,5,5,5,5,5,5,5,5,5,5,5,5,5,5,5,5,5,5,5,5,5,5
1114,1115,1116,1062,5,72,5,1117,1118,1119,1120,1121,1122,1123,1069,5,1124,1125,1126,1127,1128,5,5,1129,5,1076,1077,1078,5,1079,5,5,5,5,5,5,1114,5,5,5,5,1114,5,5,5,1130,5,5,5,1081,5,1082,5,1083,1084,5,5,1085,1086,5,5,5,1087,5,5,5,5,5,5,5,1131,5,5,5,5,5,5,5,5,1132,1133,5,1090,5,5,5,5,5,5,1091,1092,5,5,5,5,5,5,5,5,5,5,5,5,5,5,5,5,5,5,5,5,5,5,5,5,5,5,5,5,5,5,5,5,5,5,5,5,5,5,5,5,5,5,5,5,5,5,5,5,5,5,5,5,5,5,5,5,5,5,5,5,5,5,5,5,5,5,5,5,5,5,5,5,5,5,5,5,5,5,5,5,5,5,5,5,5,5,5,5,5,5,5,5,5,5,5,5,5,5,5,5,5,5,5,5,5,5,5,5,5,5,5,5,5,5,5,5,5,5,5,5,5,5,5,5,5,5,5,5,5,5,5,5
1134,1135,1136,1062,5,72,5,1137,1138,1139,1140,1141,1142,1143,1069,5,1144,1145,1146,1107,1147,5,5,1148,5,1076,1077,1078,5,1079,5,5,5,5,5,5,1134,5,5,5,5,1134,5,5,5,1149,5,5,5,1081,5,5,5,1083,1150,5,5,1085,1086,5,5,5,1087,5,5,5,5,5,5,5,1151,5,5,5,5,5,5,5,5,1152,1153,5,1090,5,5,5,5,5,5,1091,1092,5,5,5,5,5,5,5,5,5,5,5,5,5,5,5,5,5,5,5,5,5,5,5,5,5,5,5,5,5,5,5,5,5,5,5,5,5,5,5,5,5,5,5,5,5,5,5,1154,5,5,5,5,5,5,5,5,5,5,5,5,5,5,5,5,5,5,5,5,5,5,5,5,5,5,5,5,5,5,5,5,5,5,5,5,5,5,5,5,5,5,5,5,5,5,5,5,5,5,5,5,5,5,5,5,5,5,5,5,5,5,5,5,5,5,5,5,5,5,5,5,5,5,5,5,5,5,5,5,5,5,5,5
1155,1156,1157,1158,5,72,5,1159,1160,1161,1162,593,1163,1164,1069,1165,1166,1167,1168,1107,1169,5,5,1170,5,1076,1077,1078,5,1079,5,5,5,5,5,1171,1155,5,5,5,5,5,5,5,5,1172,5,5,5,1081,5,5,5,1083,1150,5,5,1085,1086,5,5,5,1087,5,5,5,5,5,5,5,1173,5,5,5,5,5,5,5,5,1174,1175,5,1090,5,5,5,5,5,5,1091,1092,5,5,5,5,5,5,5,5,5,5,5,5,5,5,5,5,5,5,5,5,5,5,5,5,5,5,5,5,5,5,5,5,5,5,5,5,5,5,5,5,5,5,5,5,5,5,5,5,5,5,5,5,5,5,5,5,5,5,5,5,5,5,5,5,5,5,5,5,5,5,5,5,5,5,5,5,5,5,5,5,5,5,5,5,5,5,5,5,5,5,5,5,5,5,5,5,5,5,5,5,5,5,5,5,5,5,5,5,5,5,5,5,5,5,5,5,5,5,5,5,5,5,5,5,5,5,5,5,5,5,5,5
1176,1177,1178,1062,5,72,5,1179,1180,1181,1182,1183,1184,1185,1069,5,1186,1187,1188,1189,1190,5,5,1191,5,1076,1077,1078,5,1079,5,5,5,5,5,1192,1176,1193,5,5,5,1176,5,5,5,1194,5,5,5,1081,5,1082,5,1083,1111,5,5,1085,1086,5,5,5,1087,5,5,5,5,5,5,5,1195,5,5,5,5,5,5,5,5,1196,1197,5,1090,5,5,5,5,5,5,1091,1092,5,5,5,5,5,5,5,5,5,5,5,5,5,5,5,5,5,5,5,5,5,5,5,5,5,5,5,5,5,5,5,5,5,5,5,5,5,5,5,5,5,5,5,5,5,5,5,1198,5,5,5,5,5,5,5,5,5,5,5,5,5,5,5,5,5,5,5,5,5,5,5,5,5,5,5,5,5,5,5,5,5,5,5,5,5,5,5,5,5,5,5,5,5,5,5,5,5,5,5,5,5,5,5,5,5,5,5,5,5,5,5,5,5,5,5,5,5,5,5,5,5,5,5,5,5,5,5,5,5,5,5,5
1199,1200,1201,1202,5,137,5,1203,1204,1205,1206,1207,450,451,1024,5,1208,1209,1210,5,1211,5,5,5,1212,1076,1077,1078,5,1213,5,5,5,1214,1215,1216,1199,1217,5,1199,5,1199,1199,1199,5,1218,1219,1210,5,1081,5,1082,1199,1083,1111,1220,1199,1085,1086,5,5,5,1087,5,1221,1222,5,1223,1224,5,5,5,1199,1225,1226,1227,1228,5,5,5,5,5,1052,5,5,1053,5,5,5,5,1092,5,1229,1230,1199,1231,1232,1233,1234,1235,1236,1237,1238,1239,5,5,5,5,1240,5,5,1241,1242,1243,1210,1199,5,5,5,1199,1210,1199,5,5,5,1244,1245,5,5,5,5,5,5,5,5,5,5,5,5,5,5,5,5,5,5,5,5,5,5,5,5,5,5,5,5,5,5,5,5,5,5,5,5,5,5,5,5,5,5,5,5,5,5,5,5,5,5,5,5,5,5,5,5,5,5,5,5,5,5,5,5,5,5,5,5,5,5,5,5,5,5,5,5,5,5,5,5,5,5,5,5,5,5,5,5,5,5,5,5,5,5,5,5
1246,1247,587,4,5,6,588,1248,1249,1250,1251,593,594,595,1252,1253,1254,1255,1256,5,1257,5,5,5,5,5,5,5,5,5,5,5,5,5,5,5,5,5,5,5,5,5,5,5,5,5,5,5,5,5,5,5,5,5,5,5,5,5,5,5,5,5,5,5,5,5,5,5,5,5,5,5,5,5,5,5,5,5,5,5,5,5,5,5,5,5,5,5,5,5,5,5,5,5,5,5,5,5,5,5,5,5,5,5,5,5,5,5,5,5,5,5,5,5,5,5,5,5,5,5,5,5,5,5,5,5,5,5,5,5,5,5,5,5,5,5,5,5,5,5,5,5,5,5,5,5,5,5,5,5,5,5,5,5,5,5,5,5,5,5,5,5,5,5,5,5,5,5,5,5,5,5,5,5,5,5,5,5,5,5,5,5,5,5,5,5,5,5,5,5,5,5,5,5,5,5,5,5,5,5,5,5,5,5,5,5,5,5,5,5,5,5,5,5,5,5,5,5,5,5,5,5,5
1258,1259,1260,1261,5,216,5,1262,1263,1264,1265,1183,1266,354,1267,1268,1269,1270,1271,1272,1273,5,5,1274,5,1275,1276,1277,5,1278,5,5,5,1279,5,5,1258,5,5,5,5,1258,5,5,5,1280,5,5,5,1281,5,1282,5,1283,1284,5,5,5,5,5,5,5,5,1285,5,5,5,5,1286,1287,5,5,5,5,5,5,5,5,5,5,5,5,1288,1258,1289,1290,5,1291,5,5,5,5,5,5,5,5,5,5,5,5,5,5,5,5,5,5,1292,5,5,5,5,5,5,5,5,5,5,5,1293,5,5,5,5,5,5,1294,5,5,5,1295,5,5,5,5,1296,5,5,5,5,5,5,5,5,1297,5,5,5,5,5,5,5,5,5,5,5,5,5,5,5,5,5,5,5,5,5,5,5,5,5,5,5,5,5,5,5,5,5,5,5,5,5,5,5,5,5,5,5,5,5,5,5,5,5,5,5,5,5,5,5,5,5,5,5,5,5,5,5,5,5,5,5,5,5,5,5,5,5,5,5,5,5,5,5
1298,1299,1300,1301,5,137,5,1302,1303,1304,1305,1306,450,451,1307,5,1308,1309,1310,5,1311,5,5,5,1312,1313,1314,1315,5,1316,5,5,5,1317,5,5,1298,5,5,1298,5,1298,5,1298,5,1318,1319,1310,5,1320,5,1321,5,5,1322,1323,1298,5,1324,5,5,5,5,5,5,1325,1326,1327,1328,5,5,5,1298,1329,5,1330,1331,1332,5,5,5,5,5,5,5,5,5,5,5,5,5,5,5,5,5,5,5,5,5,1333,1334,1335,1336,5,5,5,5,5,5,1337,5,1338,1339,5,1310,1298,5,5,5,1298,5,5,5,5,5,5,5,1340,5,5,5,5,5,5,5,5,5,5,5,5,5,5,5,5,1341,5,5,5,5,5,5,5,5,5,5,5,5,5,5,5,5,5,5,5,5,5,5,5,5,5,5,5,5,5,5,5,5,5,5,5,5,5,5,5,5,5,5,5,5,5,5,5,5,5,5,5,5,5,5,5,5,5,5,5,5,5,5,5,5,5,5,5,5,5,5,5,5,5,5,5,5,5,5
1342,1343,5,71,5,72,73,1344,1345,1346,1347,78,79,80,1348,5,82,5,5,5,1349,5,5,1350,85,1351,1352,1353,5,5,5,5,5,5,5,5,5,5,5,5,5,5,5,5,5,5,5,5,5,5,5,5,5,5,5,5,5,5,5,5,5,5,5,5,5,5,5,5,5,5,5,5,5,5,5,5,5,5,5,5,5,5,5,5,5,5,5,5,5,5,5,5,5,5,5,5,5,5,5,5,5,5,5,5,5,5,5,5,5,5,5,5,5,5,5,5,5,5,5,5,5,5,5,5,5,5,5,5,5,5,5,5,5,5,5,5,5,5,5,5,5,5,5,5,5,5,5,5,5,5,5,5,5,5,5,5,5,5,5,5,5,5,5,5,5,5,5,5,5,5,5,5,5,5,5,5,5,5,5,5,5,5,5,5,5,5,5,5,5,5,5,5,5,5,5,5,5,5,5,5,5,5,5,5,5,5,5,5,5,5,5,5,5,5,5,5,5,5,5,5,5,5,5
1354,1355,5,1356,5,72,73,1357,1358,1359,1360,78,780,80,1361,5,782,5,5,5,1362,5,5,1363,85,1364,1352,1353,5,5,5,5,5,5,5,5,5,5,5,5,5,5,5,5,5,5,5,5,5,5,5,5,5,5,5,5,5,1365,5,5,5,5,5,827,5,5,5,5,5,5,5,5,5,5,5,5,5,5,5,5,5,5,5,5,5,5,5,5,5,5,5,5,5,5,5,5,5,5,5,5,5,5,5,5,5,5,5,5,5,5,5,5,5,5,5,5,5,5,5,5,5,5,5,1366,5,5,5,5,5,5,5,5,5,5,5,5,5,5,5,5,5,5,5,5,5,5,5,5,5,5,5,5,5,5,5,5,5,5,5,5,5,5,5,5,5,5,5,5,5,5,5,5,5,5,5,5,5,5,5,5,5,5,5,5,5,5,5,5,5,5,5,5,5,5,5,5,5,5,5,5,5,5,5,5,5,5,5,5,5,5,5,5,5,5,5,5,5,5,5,5,5,5,5
1367,1368,1369,1370,5,216,5,1371,1372,1373,1374,270,1375,1376,1377,5,1378,5,5,5,1379,5,5,5,1380,5,5,5,5,1381,5,5,5,5,5,1382,5,5,5,5,5,5,5,1367,5,5,5,5,5,1383,5,5,5,5,5,5,5,5,5,5,5,5,5,5,5,5,5,1384,5,5,5,5,1367,5,5,5,5,5,5,5,5,5,5,5,5,5,5,5,5,5,5,5,5,5,5,5,5,5,5,5,5,5,5,5,5,5,5,5,5,5,5,5,5,5,5,5,5,5,5,5,5,5,5,5,5,5,5,1385,5,5,5,5,5,5,5,5,5,5,5,5,5,5,5,5,5,5,5,5,5,5,5,5,5,5,5,5,5,5,5,5,5,5,5,5,5,5,5,5,5,5,5,5,5,5,5,5,5,5,5,5,5,5,5,5,5,5,5,5,5,5,5,5,5,5,5,5,5,5,5,5,5,5,5,5,5,5,5,5,5,5,5,5,5,5,5,5,5,5,5,5,5,5,5
1386,1387,1388,1389,5,216,5,1390,1391,1392,1393,1394,1395,1396,1397,5,1398,1399,1400,5,1401,5,5,5,1402,1403,1404,1405,1406,1407,1408,5,5,1409,5,1410,1386,1411,5,5,5,5,5,5,5,5,5,1412,5,1413,1414,1415,5,5,5,5,5,5,5,5,1416,5,5,1417,1418,5,5,5,1419,5,5,5,5,5,5,1420,1421,1422,5,5,5,1423,5,5,5,5,5,5,5,5,5,5,5,5,5,5,5,5,5,5,5,5,5,5,1424,5,5,1425,5,1426,5,5,5,5,5,5,5,5,5,5,5,5,5,5,5,5,5,5,5,5,5,5,5,5,5,5,5,5,5,5,5,5,5,5,5,1427,5,5,5,5,5,5,5,5,5,5,5,5,5,5,5,5,5,5,5,5,5,5,5,5,5,5,5,5,5,5,5,5,5,5,5,5,5,5,5,5,5,5,5,5,5,5,5,5,5,5,5,5,5,5,5,5,5,5,5,5,5,5,5,5,5,5,5,5,5,5,5,5,5,5,5,5,5
1428,1429,1430,1431,5,216,5,1432,1433,1434,1435,189,672,673,1436,5,1437,1438,1439,5,1440,5,5,5,1441,1403,1404,1405,1442,1443,1444,5,1445,1446,5,1447,1428,5,5,5,5,1428,5,1428,5,1448,5,1449,5,1450,5,1451,5,1452,5,5,5,5,5,5,1416,5,5,1417,1453,1454,5,5,1455,5,5,5,5,5,5,5,1456,1457,5,5,5,5,5,5,5,5,5,5,5,5,5,5,5,5,5,5,5,5,5,5,5,5,5,5,1458,5,5,1459,5,5,5,5,5,5,5,5,5,5,5,5,5,5,5,5,1460,5,5,5,5,1461,5,5,5,5,5,5,5,5,5,5,5,5,5,5,5,1462,5,5,5,5,5,5,5,5,5,5,5,5,5,5,5,5,5,5,5,5,5,5,5,5,5,5,5,5,5,5,5,5,5,5,5,5,5,5,5,5,5,5,5,5,5,5,5,5,5,5,5,5,5,5,5,5,5,5,5,5,5,5,5,5,5,5,5,5,5,5,5,5,5,5,5,5,5
1463,1464,1465,1466,5,137,5,1467,1468,1469,1470,1394,450,451,1471,5,1472,1473,1474,5,1475,5,5,5,1476,1403,1404,1405,1477,1478,1479,5,5,1480,5,1481,1463,1482,5,5,5,1463,5,1463,5,1483,1484,1474,5,1485,5,1415,1463,1486,1487,1488,1463,5,5,5,1416,5,5,1417,5,5,5,1489,1490,5,5,5,1463,1491,5,1492,1421,1493,5,5,5,5,5,5,5,5,5,5,5,5,5,5,5,5,5,5,5,5,1494,1495,1496,1497,1498,1499,1500,5,5,1501,1502,5,5,1503,1504,1505,1474,1463,1506,5,5,1463,1474,1463,5,5,5,5,5,5,5,5,5,5,5,5,5,5,5,5,5,5,5,5,5,5,5,1507,5,5,5,5,5,5,5,5,5,5,5,5,5,5,5,5,5,5,5,5,5,5,5,5,5,5,5,5,5,5,5,5,5,5,5,5,5,5,5,5,5,5,5,5,5,5,5,5,5,5,5,5,5,5,5,5,5,5,5,5,5,5,5,5,5,5,5,5,5,5,5,5,5,5,5,5,5
1508,1509,1510,1511,5,216,5,1512,1513,1514,1515,1516,1517,1518,1519,5,1520,1521,1522,5,1523,5,5,5,1524,1525,1526,1527,5,1528,5,5,5,1529,5,5,1508,1530,5,5,5,5,1508,1508,5,1531,1532,1533,5,1534,1535,5,1508,1536,5,1537,1508,1538,1539,5,5,5,1540,5,1541,5,5,1542,1543,5,5,5,1508,5,1544,1545,1546,1547,5,5,5,5,1548,5,5,1549,5,5,5,5,1550,1551,5,5,5,5,5,5,5,5,5,5,5,5,5,5,1552,5,5,5,5,5,5,5,5,1508,5,5,1553,1508,1522,5,5,5,5,1554,5,5,5,5,5,5,5,5,1555,5,1556,1557,5,5,5,5,5,5,5,5,1558,5,5,5,5,5,5,5,5,5,5,5,5,5,5,5,5,5,5,5,5,5,5,5,5,5,5,5,5,5,5,5,5,5,5,5,5,5,5,5,5,5,5,5,5,5,5,5,5,5,5,5,5,5,5,5,5,5,5,5,5,5,5,5,5,5,5,5,5,5,5,5,5,5,5,5,5
1559,1560,1561,1562,5,72,5,1563,1564,1565,1566,1567,1568,1569,1570,5,1571,5,5,5,1572,5,1573,5,5,1574,1575,1576,1577,1578,5,5,5,1579,1580,5,1559,1581,5,5,5,1559,5,5,5,5,5,5,5,1582,5,5,1559,5,5,5,5,5,1583,5,5,1584,5,1585,5,1586,5,5,5,5,5,5,5,5,5,5,5,1587,5,5,5,5,5,5,5,5,5,5,5,5,5,5,5,5,5,5,5,5,5,5,5,5,5,5,5,5,5,1588,5,5,5,5,5,5,5,5,5,5,5,5,5,5,5,5,5,5,5,5,5,5,5,5,5,5,5,5,5,5,5,5,5,5,5,5,5,5,5,1589,1590,5,5,5,5,5,5,5,5,5,5,5,5,5,5,5,5,5,5,5,5,5,5,5,5,5,5,5,5,5,5,5,5,5,5,5,5,5,5,5,5,5,5,5,5,5,5,5,5,5,5,5,5,5,5,5,5,5,5,5,5,5,5,5,5,5,5,5,5,5,5,5,5,5,5
1591,1592,1593,1594,5,72,5,1595,1596,1597,1598,1021,1599,1600,1601,5,1602,5,5,5,1603,5,5,5,1604,1605,860,1606,5,1607,5,5,5,1608,5,1609,1591,1610,5,5,5,5,1591,1591,5,5,5,5,5,1611,5,5,5,5,5,5,5,1612,5,1613,5,5,1614,1615,5,373,5,5,5,5,5,5,5,5,5,5,5,5,5,5,5,5,1616,5,1617,1618,5,1619,5,5,1620,1621,5,5,5,5,5,5,5,5,5,5,5,5,5,5,1622,5,5,5,5,5,5,5,5,5,5,5,5,5,5,5,5,5,5,5,5,5,5,5,5,5,5,5,1623,5,5,5,5,5,5,5,5,1624,5,5,5,5,5,5,5,5,5,5,5,5,5,5,5,5,5,5,5,5,5,5,5,5,5,5,5,5,5,5,5,5,5,5,5,5,5,5,5,5,5,5,5,5,5,5,5,5,5,5,5,5,5,5,5,5,5,5,5,5,5,5,5,5,5,5,5,5,5,5,5,5,5,5,5,5,5,5,5
1625,1626,1627,1628,5,216,5,1629,1630,1631,1632,1633,672,673,1601,5,1634,5,5,5,1635,5,5,5,1604,1605,1636,1637,5,1607,5,5,5,1638,5,1639,1625,1640,5,5,5,1625,5,1625,5,5,5,5,5,1611,5,1641,5,5,5,5,5,1612,5,5,5,5,1614,1615,5,373,5,5,1642,5,5,5,5,5,1643,5,1644,1645,5,5,5,5,1616,5,1617,1618,5,1619,5,5,5,5,5,5,5,5,5,5,5,5,5,5,5,5,5,5,5,5,5,5,5,5,5,5,5,5,5,5,5,5,5,5,5,5,5,5,5,5,690,5,5,5,5,5,1646,5,5,5,5,5,5,5,5,1647,5,5,5,5,5,5,5,5,5,5,5,5,5,5,5,5,5,5,5,5,5,5,5,5,5,5,5,5,5,5,5,5,5,5,5,5,5,5,5,5,5,5,5,5,5,5,5,5,5,5,5,5,5,5,5,5,5,5,5,5,5,5,5,5,5,5,5,5,5,5,5,5,5,5,5,5,5,5,5
1648,1649,1650,1651,5,72,5,1652,1653,1654,1655,1656,353,354,1657,1658,1659,5,5,5,1660,5,5,5,1661,1662,1663,1664,5,1665,5,5,5,5,5,5,1648,5,5,5,5,1648,5,1648,5,5,5,5,5,1666,5,1667,5,5,5,5,5,5,5,5,5,5,5,5,5,5,5,5,5,5,5,5,5,5,5,5,5,5,5,5,5,5,1668,5,1669,1670,5,1671,5,5,1672,5,5,5,5,5,5,5,5,5,5,5,5,5,5,5,5,5,5,5,5,5,5,5,5,5,5,5,5,5,5,5,5,5,5,5,5,5,5,5,5,5,5,5,5,5,5,5,5,5,5,5,5,5,5,5,5,5,5,1673,5,5,5,5,5,5,5,5,5,5,5,5,5,5,5,5,5,5,5,5,5,5,5,5,5,5,5,5,5,5,5,5,5,5,5,5,5,5,5,5,5,5,5,5,5,5,5,5,5,5,5,5,5,5,5,5,5,5,5,5,5,5,5,5,5,5,5,5,5,5,5,5,5
1674,1675,1676,1677,5,72,5,1678,1679,1680,1681,1682,1683,1600,1684,5,1685,1686,1687,1688,1689,5,5,1690,1691,1692,1693,1694,5,1665,5,5,5,1695,5,1696,1674,1697,5,5,5,5,5,5,5,1698,5,5,5,1699,5,1700,5,1701,1702,5,5,1703,5,5,5,5,1704,5,5,5,5,5,5,5,1705,5,5,5,1706,5,5,5,5,1707,1708,5,1668,5,1669,1670,5,1671,5,1709,5,5,5,5,5,5,5,5,5,5,5,5,5,5,5,5,5,5,5,5,5,5,5,5,5,5,5,5,5,5,5,5,5,5,5,5,5,5,5,5,5,5,5,5,5,5,5,5,1710,5,5,5,5,5,5,5,5,5,5,5,5,5,5,5,5,5,5,5,5,5,5,5,5,5,5,5,5,5,5,5,5,5,5,5,5,5,5,5,5,5,5,5,5,5,5,5,5,5,5,5,5,5,5,5,5,5,5,5,5,5,5,5,5,5,5,5,5,5,5,5,5,5,5,5,5,5,5,5,5,5,5,5,5
1711,1712,1713,1714,5,137,5,1715,1716,1717,1718,1183,1719,1720,1684,1721,1722,1723,1724,1725,1726,5,5,1727,1661,1662,1663,1664,5,1665,5,5,5,1695,1728,1729,1711,1730,5,5,5,5,5,1711,5,1731,5,5,5,1666,5,1732,5,1733,1734,5,5,5,5,5,5,5,5,5,5,5,5,5,5,5,1735,5,5,5,5,5,5,5,5,1736,5,5,1668,5,1669,1670,5,1671,5,5,1672,5,1737,1738,1711,1739,1740,1741,5,5,5,5,5,5,5,5,5,5,5,5,5,5,5,5,5,5,5,5,5,5,5,5,5,5,5,5,5,5,5,5,5,5,5,5,5,5,5,5,1742,5,5,5,5,5,5,5,5,5,5,5,1743,5,5,5,5,5,5,5,5,5,5,5,5,5,5,5,5,5,5,5,5,5,5,5,5,5,5,5,5,5,5,5,5,5,5,5,5,5,5,5,5,5,5,5,5,5,5,5,5,5,5,5,5,5,5,5,5,5,5,5,5,5,5,5,5,5,5,5,5,5,5,5,5
1744,1745,1746,1747,5,72,5,1748,1679,1749,1750,1751,1752,1753,1684,5,1754,1755,1756,1688,1757,5,5,1758,1691,1692,1693,1694,5,1665,5,5,5,1695,5,5,1744,1759,5,5,5,1744,5,1744,5,1760,5,5,5,1699,5,1700,5,1701,1702,5,5,1703,5,5,5,5,1704,5,5,5,5,5,5,5,1761,5,5,5,1706,5,5,5,5,1762,1763,5,1668,5,1669,1670,5,1671,5,1709,5,5,5,5,5,5,5,5,5,5,5,5,5,5,5,5,5,5,5,5,5,5,5,5,5,5,5,5,5,5,5,5,5,5,5,5,5,5,5,5,5,5,5,5,5,5,5,5,1764,5,5,5,5,5,5,5,5,5,5,5,5,5,5,5,5,5,5,5,5,5,5,5,5,5,5,5,5,5,5,5,5,5,5,5,5,5,5,5,5,5,5,5,5,5,5,5,5,5,5,5,5,5,5,5,5,5,5,5,5,5,5,5,5,5,5,5,5,5,5,5,5,5,5,5,5,5,5,5,5,5,5,5,5
1765,1766,1767,1768,5,216,5,1769,1770,1771,1772,1773,1774,1775,1776,5,1777,5,5,5,1778,5,5,5,1779,1780,1781,1782,5,1783,5,5,5,5,5,5,1765,1784,5,5,5,5,5,5,5,5,5,5,5,5,5,5,5,5,5,5,5,1785,5,1786,5,5,5,5,5,373,5,5,5,5,5,5,5,5,5,5,5,5,5,5,5,5,1787,5,1788,1789,5,1790,5,5,5,1791,5,5,5,5,5,5,5,5,5,5,5,5,5,5,1792,5,5,5,5,5,5,5,5,5,5,5,5,5,5,5,5,5,5,5,5,5,5,5,5,5,5,5,1793,5,5,5,5,5,5,5,5,5,5,5,5,5,5,5,5,5,5,5,5,5,5,5,5,5,5,5,5,5,5,5,5,5,5,5,5,5,5,5,5,5,5,5,5,5,5,5,5,5,5,5,5,5,5,5,5,5,5,5,5,5,5,5,5,5,5,5,5,5,5,5,5,5,5,5,5,5,5,5,5,5,5,5,5,5,5,5,5
1794,1795,1796,4,5,6,1797,1798,1799,1800,1801,499,1802,1803,1804,1805,1806,1807,1808,5,1809,5,5,5,1810,5,5,5,5,5,5,5,5,5,5,1811,5,5,5,5,5,5,5,1794,5,5,5,5,5,5,5,5,5,5,5,5,5,5,5,5,5,5,5,5,5,5,5,5,5,5,5,5,5,5,5,5,5,5,5,5,5,5,5,5,5,5,5,5,5,5,5,5,5,5,5,5,5,5,5,5,5,5,5,5,5,5,5,5,5,5,5,5,5,5,5,5,5,5,5,5,5,5,5,5,5,5,5,5,5,5,5,5,5,5,5,5,5,5,5,5,5,5,5,5,5,5,5,5,5,5,5,5,5,5,5,5,5,5,5,5,5,5,5,5,5,5,5,5,5,5,5,5,5,5,5,5,5,5,5,5,5,5,5,5,5,5,5,5,5,5,5,5,5,5,5,5,5,5,5,5,5,5,5,5,5,5,5,5,5,5,5,5,5,5,5,5,5,5,5,5,5,5,5
1812,1813,1814,1815,5,216,5,1816,1817,1818,1819,1066,143,144,1820,1821,1822,1823,1824,5,1825,5,5,5,5,1826,710,1827,5,1828,5,5,5,1829,5,1830,1812,1831,1832,5,1833,5,1812,5,1834,1835,5,1824,1836,1837,1838,1839,1812,5,1840,1841,1812,1703,5,5,1842,722,723,1843,5,5,5,5,5,5,5,5,5,5,5,5,5,5,5,5,5,5,5,5,5,5,5,5,5,5,5,5,5,5,5,5,5,5,5,5,5,5,5,5,5,5,5,5,5,5,5,5,5,5,5,5,5,5,5,5,5,5,5,1844,5,5,5,5,5,5,5,5,5,5,5,5,5,5,5,5,5,5,5,5,5,5,5,5,5,5,5,5,5,5,5,5,5,5,5,5,5,5,5,5,5,5,5,5,5,5,5,5,5,5,5,5,5,5,5,5,5,5,5,5,5,5,5,5,5,5,5,5,5,5,5,5,5,5,5,5,5,5,5,5,5,5,5,5,5,5,5,5,5,5,5,5,5,5,5,5,5,5,5
1845,1846,1847,1848,5,72,1849,1850,1851,1852,1853,699,1854,1855,1856,5,1857,1858,1859,1860,1861,5,5,1862,1863,1864,1865,1866,5,1867,5,5,1868,5,5,5,1845,5,5,5,5,5,5,5,5,5,5,5,5,5,5,5,5,5,5,5,5,5,5,5,5,1869,5,1870,5,1871,5,5,5,5,5,5,5,5,5,5,5,5,5,5,5,5,1872,5,5,5,5,5,5,5,5,5,5,5,5,5,5,5,5,5,5,5,5,5,5,1873,5,5,5,5,5,5,5,5,5,5,5,5,5,5,5,5,5,5,1874,5,5,5,5,5,5,5,5,5,5,5,5,5,5,5,5,5,5,1875,5,5,5,5,5,5,5,5,5,5,5,5,5,5,5,5,5,5,5,5,5,5,5,5,5,5,5,5,5,5,5,5,5,5,5,5,5,5,5,5,5,5,5,5,5,5,5,5,5,5,5,5,5,5,5,5,5,5,5,5,5,5,5,5,5,5,5,5,5,5,5,5,5,5,5,5,5,5,5
1876,1877,1878,1879,5,216,5,1880,1881,1882,1883,1884,1517,1518,1885,5,1886,1887,1888,5,1889,5,1890,5,1891,1892,1893,1894,1895,1896,5,5,5,1897,5,5,1876,1898,5,5,5,1876,5,1876,5,1899,5,1888,5,1900,5,1901,1876,5,5,1902,1876,5,1903,5,5,1904,1905,1906,1907,5,5,1908,1909,5,5,5,1876,5,5,5,1910,1911,1912,5,5,5,5,5,5,5,5,5,1913,5,5,5,5,5,5,5,5,5,5,5,5,5,5,5,5,5,5,5,5,5,5,5,5,5,5,5,5,5,1914,5,5,5,5,5,5,1915,5,1916,5,1917,5,5,5,5,5,5,5,5,5,5,5,1918,5,5,5,5,1919,5,5,5,5,1920,1921,5,5,5,5,5,5,5,5,5,5,5,5,5,5,5,5,5,5,5,5,5,5,5,5,5,5,5,5,5,5,5,5,5,5,5,5,5,5,5,5,5,5,5,5,5,5,5,5,5,5,5,5,5,5,5,5,5,5,5,5,5,5,5,5,5,5,5,5,5,5
1922,1923,5,1924,5,216,5,1925,1926,1927,1928,1929,1930,1931,1932,5,1933,1934,1935,5,1936,5,5,5,1937,1938,1939,1940,5,1941,5,5,1942,1943,1944,5,1922,1945,5,5,5,5,5,5,5,1946,5,1947,5,5,5,5,1922,5,5,5,5,1948,5,5,5,1949,5,1950,5,1951,5,5,1952,5,5,5,5,5,5,5,1953,5,5,5,5,5,5,5,5,5,5,5,5,5,1954,5,5,5,5,5,5,5,5,5,5,5,5,5,5,1955,1956,5,5,5,5,5,5,5,5,5,5,5,5,5,5,5,5,5,5,5,5,5,5,1957,5,5,5,5,5,5,5,5,5,5,5,5,5,5,5,5,5,5,5,5,5,5,5,5,5,5,5,5,5,5,5,5,5,5,5,5,5,5,5,5,5,5,5,5,5,5,5,5,5,5,5,5,5,5,5,5,5,5,5,5,5,5,5,5,5,5,5,5,5,5,5,5,5,5,5,5,5,5,5,5,5,5,5,5,5,5,5,5,5,5,5,5,5
1958,1959,1960,1961,5,216,5,1962,1963,1964,1965,78,1966,1967,1968,5,1969,5,5,5,1970,5,5,5,1971,1972,1973,5,5,1974,5,5,5,5,5,5,5,5,5,5,5,5,5,5,5,5,5,5,5,5,5,5,5,5,5,5,5,1975,5,5,5,5,1976,5,5,5,5,5,5,5,5,5,5,5,5,5,5,5,5,5,5,5,1977,5,5,1978,1979,5,5,5,5,1980,5,5,5,5,5,5,5,5,5,5,5,5,5,1981,5,1982,5,5,5,5,5,5,5,5,5,5,5,5,5,5,5,5,5,5,5,1983,690,5,5,5,5,5,5,5,1984,5,5,5,5,5,5,5,5,5,5,5,5,5,5,5,5,5,5,5,5,5,5,5,5,5,5,5,5,5,5,5,5,5,5,5,5,5,5,5,5,5,5,5,5,5,5,5,5,5,5,5,5,5,5,5,5,5,5,5,5,5,5,5,5,5,5,5,5,5,5,5,5,5,5,5,5,5,5,5,5,5,5,5,5,5,5
1985,1986,1987,1988,5,137,5,1989,1990,1991,1992,1993,1994,1967,1995,5,1996,5,5,5,1997,5,5,5,1998,1972,1973,5,5,1974,5,5,5,5,5,5,1985,1999,5,5,5,5,5,5,5,5,5,5,5,5,5,5,5,5,5,5,5,1975,5,5,5,5,1976,5,2000,5,5,5,5,5,5,5,5,5,5,5,5,5,5,5,5,5,1977,5,5,1978,1979,5,5,5,5,2001,5,5,5,5,5,5,5,5,5,5,5,5,5,2002,5,2003,5,5,5,5,5,5,5,5,5,5,2004,5,5,5,5,5,5,5,5,1983,5,5,5,5,5,5,5,5,2005,5,5,5,5,5,5,5,5,5,5,5,5,5,5,5,5,2006,2007,5,5,5,5,5,5,5,5,5,5,5,5,5,5,5,5,5,5,5,5,5,5,5,5,5,5,5,5,5,5,5,5,5,5,5,5,5,5,5,5,5,5,5,5,5,5,5,5,5,5,5,5,5,5,5,5,5,5,5,5,5,5,5,5,5,5,5,5
2008,2009,1960,1961,5,216,5,2010,1963,2011,2012,78,2013,1967,2014,5,2015,5,5,5,2016,5,5,5,1971,1972,1973,5,5,1974,5,5,5,5,5,5,5,5,5,5,5,5,5,5,5,5,5,5,5,5,5,5,5,5,5,5,5,1975,5,5,5,5,1976,5,5,5,5,5,5,5,5,5,5,5,5,5,5,5,5,5,5,5,1977,5,5,1978,1979,5,5,5,5,1980,5,5,5,5,5,5,5,5,5,5,5,5,5,1981,5,1982,5,5,5,5,5,5,5,5,5,5,5,5,5,5,5,5,5,5,5,1983,690,5,5,5,5,5,5,5,1984,5,5,5,5,5,5,5,5,5,5,5,5,5,5,5,5,5,5,5,5,5,5,5,5,5,5,5,5,5,5,5,5,5,5,5,5,5,5,5,5,5,5,5,5,5,5,5,5,5,5,5,5,5,5,5,5,5,5,5,5,5,5,5,5,5,5,5,5,5,5,5,5,5,5,5,5,5,5,5,5,5,5,5,5,5,5
2017,2018,1960,1961,5,216,5,2019,1963,2020,2021,78,2022,1967,2023,5,2024,5,5,5,2025,5,5,5,1971,1972,1973,5,5,1974,5,5,5,5,5,5,2017,5,5,5,5,5,5,5,5,5,5,5,5,5,5,5,5,5,5,5,5,1975,5,5,5,5,1976,5,5,5,5,5,5,5,5,5,5,5,5,5,5,5,5,5,5,5,1977,5,5,1978,1979,5,5,5,5,1980,5,5,5,5,5,5,5,5,5,5,5,5,5,1981,5,2026,5,5,5,5,5,5,5,5,5,5,5,5,5,5,5,5,5,5,5,1983,690,5,5,5,5,5,5,5,1984,5,5,5,5,5,5,5,5,5,5,5,5,5,5,5,5,5,5,5,5,5,5,5,5,5,5,5,5,5,5,5,5,5,5,5,5,5,5,5,5,5,5,5,5,5,5,5,5,5,5,5,5,5,5,5,5,5,5,5,5,5,5,5,5,5,5,5,5,5,5,5,5,5,5,5,5,5,5,5,5,5,5,5,5,5,5
2027,2028,2029,2030,5,72,1395,2031,2032,2033,2034,1993,2035,2036,2037,5,2038,2039,2040,2041,2042,5,5,2043,2044,2045,2046,2047,5,2048,2049,5,2050,5,5,2051,5,5,5,5,5,5,5,5,5,5,5,5,5,5,5,5,5,5,5,5,5,5,5,5,5,5,5,5,5,5,5,5,5,5,5,5,5,5,5,5,5,5,5,5,5,5,5,5,5,5,5,5,5,5,5,5,5,5,5,5,5,5,5,5,5,5,5,5,2052,5,5,5,5,2053,5,5,5,5,5,5,5,5,5,5,5,5,5,5,5,5,5,5,5,5,5,5,2054,5,5,5,5,5,5,5,5,5,5,5,5,5,5,5,5,5,5,5,5,5,5,5,5,5,5,5,5,5,5,5,5,5,5,5,5,5,5,5,5,5,5,5,5,5,5,5,5,5,5,5,5,5,5,5,5,5,5,5,5,5,5,5,5,5,5,5,5,5,5,5,5,5,5,5,5,5,5,5,5,5,5,5,5,5,5,5,5,5,5
2055,2056,2057,2058,5,72,450,2059,2060,2061,2062,2063,2064,2065,2066,2067,2068,2069,2070,2071,2072,5,5,5,2073,2074,2075,2076,5,5,5,5,5,5,5,2077,5,5,5,5,5,5,5,5,5,5,5,5,5,5,5,5,5,5,5,5,5,5,5,5,5,5,5,5,5,2078,5,5,5,5,5,5,5,5,5,5,5,5,5,5,5,5,5,5,5,5,5,5,5,5,5,5,5,5,5,5,5,5,5,5,5,5,5,5,5,5,5,5,5,2079,5,5,5,5,5,5,5,5,5,5,5,5,5,5,5,5,5,5,5,5,5,5,5,5,5,5,5,5,5,5,5,5,5,5,5,5,5,5,5,5,5,5,5,5,5,5,5,5,5,5,5,5,5,5,5,5,5,5,5,5,5,5,5,5,5,5,5,5,5,5,5,5,5,5,5,5,5,5,5,5,5,5,5,5,5,5,5,5,5,5,5,5,5,5,5,5,5,5,5,5,5,5,5,5,5,5,5,5,5,5,5,5,5
2080,2081,2082,2083,5,216,5,2084,2085,2086,2087,2088,2089,2090,2091,2092,2093,2094,2095,5,2096,2097,2098,5,2099,5,5,5,5,2100,5,5,5,2101,5,5,2080,5,2102,5,2103,2080,2080,2080,2104,2105,5,2095,5,5,2106,5,5,5,2107,2108,5,5,5,5,5,5,5,5,5,5,5,5,2109,5,5,5,5,2110,5,5,5,2111,5,5,5,5,5,5,5,5,5,5,5,5,5,5,5,5,5,5,5,5,5,5,5,5,5,5,5,5,5,5,2112,5,5,5,5,5,2095,2080,5,5,5,5,5,2080,5,5,5,5,5,2113,5,5,5,5,5,5,5,5,5,5,5,5,5,5,5,5,5,5,5,2114,5,5,5,5,5,5,5,5,5,5,5,5,5,5,5,5,5,5,5,5,5,5,5,5,5,5,5,5,5,5,5,5,5,5,5,5,5,5,5,5,5,5,5,5,5,5,5,5,5,5,5,5,5,5,5,5,5,5,5,5,5,5,5,5,5,5,5,5,5,5,5,5,5,5,5
2115,2116,1960,1961,5,216,5,2117,2118,2119,2120,78,2022,1967,2121,5,2122,5,5,5,2123,5,5,5,1971,1972,1973,5,5,1974,5,5,5,5,5,5,5,5,5,5,5,5,5,5,5,5,5,5,5,5,5,5,5,5,5,5,5,1975,5,5,5,5,1976,5,5,5,5,5,5,5,5,5,5,5,5,5,5,5,5,5,5,5,1977,5,5,1978,1979,5,5,5,5,1980,5,5,5,5,5,5,5,5,5,5,5,5,5,2124,5,2125,5,5,5,5,5,5,5,5,5,5,5,5,5,5,5,5,5,5,5,1983,690,5,5,5,5,5,5,5,1984,5,5,5,5,5,5,5,5,5,5,5,5,5,5,5,5,5,5,5,5,5,5,5,5,5,5,5,5,5,5,5,5,5,5,5,5,5,5,5,5,5,5,5,5,5,5,5,5,5,5,5,5,5,5,5,5,5,5,5,5,5,5,5,5,5,5,5,5,5,5,5,5,5,5,5,5,5,5,5,5,5,5,5,5,5,5
2126,2127,2128,2129,5,216,5,2130,2131,2132,2133,2134,450,451,2135,5,2136,2137,2138,5,2139,5,5,5,2140,2141,2142,2143,2144,2145,2146,5,5,2147,2148,5,2126,2149,5,5,2150,2126,2126,2126,5,2151,2152,2138,5,2153,5,5,2126,2154,5,2155,2126,5,5,5,5,5,5,5,5,5,5,2156,2157,5,5,5,2126,2158,5,2159,2160,2161,5,5,5,5,2162,5,2163,2164,5,2165,5,5,5,5,5,5,5,5,5,5,2166,2167,2168,2169,2170,2171,2172,5,5,5,2173,5,2174,2175,2176,5,2138,2126,5,5,5,2126,2138,2126,5,5,2177,5,5,2178,5,2179,5,5,5,5,5,5,5,5,5,5,5,5,2180,5,5,5,5,5,5,5,5,5,5,5,5,2181,2162,5,5,5,5,5,5,5,5,5,5,5,5,5,5,5,5,5,5,5,5,5,5,5,5,5,5,5,5,5,5,5,5,5,5,5,5,5,5,5,5,5,5,5,5,5,5,5,5,5,5,5,5,5,5,5,5,5,5,5,5,5,5,5,5,5,5
2182,2183,2057,71,5,72,450,2184,2185,2186,2187,499,2064,2065,2188,2189,2190,5,5,5,2191,2192,5,5,5,2193,2194,2195,5,5,5,5,5,5,5,2196,5,5,5,5,5,5,5,5,5,5,5,5,5,5,5,5,5,5,5,5,5,5,5,5,5,5,5,5,5,5,5,5,5,5,5,5,5,5,5,5,5,5,5,5,5,5,5,5,5,5,5,5,5,5,5,5,5,5,5,5,5,5,5,5,5,5,5,5,5,5,5,5,5,5,5,5,5,5,5,5,5,5,5,5,5,5,5,5,5,5,5,5,5,5,5,5,5,5,5,5,5,5,5,5,5,5,5,5,5,5,5,5,5,5,5,5,5,5,5,5,5,5,5,5,5,5,5,5,5,5,5,5,5,5,5,5,5,5,5,5,5,5,5,5,5,5,5,5,5,5,5,5,5,5,5,5,5,5,5,5,5,5,5,5,5,5,5,5,5,5,5,5,5,5,5,5,5,5,5,5,5,5,5,5,5,5,5
2197,2198,2199,4,5,216,5,2200,2201,2202,2203,237,1517,1518,2204,5,2205,2206,2207,5,2208,5,5,5,5,2209,5,5,5,5,5,5,5,2210,5,5,5,5,5,5,5,5,2197,2197,5,2211,2212,2213,5,2214,2215,2216,2197,5,2217,2218,2197,5,5,5,5,5,5,5,5,5,5,2219,2220,5,5,5,2197,5,5,2221,2222,2223,5,5,5,5,5,5,5,5,5,5,5,5,5,5,5,5,5,5,5,5,5,5,5,5,5,5,5,5,5,5,5,5,5,5,5,5,5,2197,5,5,5,2197,2207,5,5,5,5,5,5,5,5,5,5,5,5,5,5,5,5,5,5,5,5,2224,5,5,5,5,2225,5,5,5,5,5,5,5,5,5,5,5,5,5,5,5,5,5,5,5,5,5,5,5,5,5,5,5,5,5,5,5,5,5,5,5,5,5,5,5,5,5,5,5,5,5,5,5,5,5,5,5,5,5,5,5,5,5,5,5,5,5,5,5,5,5,5,5,5,5,5,5,5,5,5,5,5
2226,2227,2228,2229,5,216,5,2230,2231,2232,2233,2234,2235,765,2236,5,2237,5,5,5,2238,5,2239,5,5,2240,2241,5,5,2242,5,5,5,2243,5,2244,5,5,5,5,5,5,5,5,5,5,5,5,5,5,5,5,5,5,5,5,5,5,5,5,5,2245,2246,5,5,5,5,5,5,5,5,5,5,5,5,5,5,5,5,5,5,5,5,5,5,5,5,5,5,5,5,5,5,5,5,5,5,5,5,5,5,5,5,5,5,5,5,2247,5,5,5,5,5,5,5,5,5,5,5,5,5,5,5,5,5,5,5,2248,5,5,5,5,5,5,5,5,5,5,5,5,5,5,5,5,5,5,5,5,5,5,5,5,2249,5,5,5,5,5,5,5,5,5,5,5,5,5,5,5,5,5,5,5,5,5,5,5,5,5,5,5,5,5,5,5,5,5,5,5,5,5,5,5,5,5,5,5,5,5,5,5,5,5,5,5,5,5,5,5,5,5,5,5,5,5,5,5,5,5,5,5,5,5,5
2250,2251,2252,2253,5,216,5,2254,267,2255,2256,2257,450,451,2258,2259,2260,2261,2032,5,2262,5,5,5,2263,2264,2265,5,2266,2267,2268,5,5,2269,5,5,2250,2270,5,5,5,2250,5,2250,5,2271,5,2032,5,5,5,2272,5,2273,5,2274,2250,2275,5,5,5,5,5,5,5,5,5,2276,2277,5,5,5,5,5,5,2278,2279,5,5,5,5,5,5,5,5,5,5,5,5,5,5,5,5,5,5,5,5,5,5,2280,2281,2282,2283,5,5,2284,5,5,5,5,5,5,2285,5,2032,2250,5,5,5,5,2032,5,5,5,5,5,5,5,5,5,5,5,5,5,5,5,5,2286,5,5,5,5,5,5,5,2287,5,5,5,5,5,5,5,5,5,5,5,5,5,5,5,5,5,5,5,5,5,5,5,5,5,5,5,5,5,5,5,5,5,5,5,5,5,5,5,5,5,5,5,5,5,5,5,5,5,5,5,5,5,5,5,5,5,5,5,5,5,5,5,5,5,5,5,5,5,5,5,5,5,5,5,5,5
2288,2289,2290,2291,5,72,5,2292,2293,2294,2295,2234,2296,2297,2298,5,2299,5,5,5,2300,5,2301,5,5,2302,2303,2304,5,2305,5,5,5,2306,5,5,2288,5,5,5,5,5,5,5,5,5,5,5,5,5,5,5,5,5,5,5,5,5,5,5,5,2307,5,2308,5,5,5,5,5,5,5,5,5,5,5,5,5,5,5,5,5,5,5,5,5,5,5,5,5,5,5,5,5,5,5,5,5,5,5,5,5,5,5,5,5,5,5,5,5,5,5,5,5,5,5,5,5,5,5,5,5,5,5,5,5,5,5,5,5,5,5,5,5,5,5,5,5,5,5,5,5,5,5,5,5,5,5,5,5,5,5,5,5,5,5,5,5,5,5,5,5,5,5,5,5,5,5,5,5,5,5,5,5,5,5,5,5,5,5,5,5,5,5,5,5,5,5,5,5,5,5,5,5,5,5,5,5,5,5,5,5,5,5,5,5,5,5,5,5,5,5,5,5,5,5,5,5,5,5,5,5,5,5
2309,2310,2311,2312,5,72,5,2313,2314,2315,2316,2317,2318,1185,2319,5,2320,2321,2322,5,2323,5,5,2324,2325,2326,2327,2328,5,2329,5,5,5,2330,5,5,2309,2331,5,5,5,2309,5,5,5,2332,5,5,5,2333,5,2334,5,2335,2336,5,5,2337,5,5,5,5,2338,2339,5,5,5,5,5,5,2340,5,5,5,5,5,5,5,5,2341,2342,5,2343,5,5,5,5,5,5,5,5,2344,5,5,5,5,5,5,5,5,5,5,5,5,5,2345,2346,5,5,5,5,5,5,5,5,5,5,5,5,5,5,5,5,5,5,5,5,5,5,5,5,5,5,5,2347,5,5,5,2348,5,5,5,5,5,5,5,5,5,5,5,5,5,5,5,5,5,5,5,5,5,5,5,5,5,5,5,5,5,5,5,5,5,5,5,5,5,5,5,5,5,5,5,5,5,5,5,5,5,5,5,5,5,5,5,5,5,5,5,5,5,5,5,5,5,5,5,5,5,5,5,5,5,5,5,5,5,5,5,5,5,5,5,5
2349,2350,2351,2352,5,137,5,2353,2354,2355,2356,221,2357,2358,2359,5,2360,2361,2362,5,2363,5,5,2364,2365,2366,2367,2368,5,2369,5,5,5,2370,5,2371,2349,2372,5,5,5,2349,5,5,5,2373,5,5,5,2374,2375,2376,5,5,2377,2378,5,2379,2380,5,5,5,2381,5,5,5,5,5,5,5,5,5,2349,2382,5,5,5,2383,5,5,5,5,2384,5,5,5,5,5,5,5,5,5,5,5,5,5,5,5,5,5,5,5,5,5,5,5,5,5,5,5,5,5,5,5,5,5,5,5,5,5,5,5,5,5,5,5,5,5,5,5,5,5,5,5,5,2385,5,5,5,5,5,5,5,5,5,5,5,5,5,5,5,5,5,5,5,5,5,2386,2387,5,5,5,5,5,5,5,5,5,5,5,5,5,5,5,5,5,5,5,5,5,5,5,5,5,5,5,5,5,5,5,5,5,5,5,5,5,5,5,5,5,5,5,5,5,5,5,5,5,5,5,5,5,5,5,5,5,5,5,5,5,5,5,5
2388,2389,2390,2391,5,72,5,2392,2393,2394,2395,2396,2397,1600,2398,5,2399,2400,2401,2402,2403,5,5,2404,5,2405,2406,2407,5,2408,2409,5,5,2410,5,5,2388,2411,5,5,5,2388,5,5,5,2412,5,5,5,2413,5,5,5,2414,2415,5,5,5,5,5,5,5,5,5,5,5,5,5,5,5,2416,5,5,5,5,5,5,5,5,2417,2418,5,5,5,5,5,5,5,2419,2420,2421,5,5,5,5,5,5,5,5,5,5,5,5,5,5,5,5,5,5,5,5,5,5,5,5,5,5,5,5,5,5,5,5,5,5,5,5,5,5,5,5,5,5,5,5,5,5,5,2422,5,5,2423,5,5,5,5,5,5,5,5,5,5,5,5,5,5,5,5,5,5,5,5,5,5,5,5,5,5,5,5,5,5,5,5,5,5,5,5,5,5,5,5,5,5,5,5,5,5,5,5,5,5,5,5,5,5,5,5,5,5,5,5,5,5,5,5,5,5,5,5,5,5,5,5,5,5,5,5,5,5,5,5,5
2424,2425,2426,2391,5,72,5,2427,2393,2428,2429,2430,2431,2432,2398,5,2433,2434,2435,2402,2436,5,5,2437,5,2405,2406,2407,5,2408,2409,5,5,2410,5,5,2424,5,5,5,5,2424,5,5,5,2438,5,5,5,2413,5,2439,5,2414,2415,5,5,5,5,5,5,5,5,5,5,5,5,5,5,5,2440,5,5,5,5,5,5,5,5,2441,2442,5,5,5,5,5,5,5,5,2420,2421,5,5,5,5,5,5,5,5,5,5,5,5,5,5,5,5,5,5,5,5,5,5,5,5,5,5,5,5,5,5,5,5,5,5,5,5,5,5,5,5,5,5,5,5,5,5,5,5,5,5,2423,5,5,5,5,5,5,5,5,5,5,5,5,5,5,5,5,5,5,5,5,5,5,5,5,5,5,5,5,5,5,5,5,5,5,5,5,5,5,5,5,5,5,5,5,5,5,5,5,5,5,5,5,5,5,5,5,5,5,5,5,5,5,5,5,5,5,5,5,5,5,5,5,5,5,5,5,5,5,5,5,5
2443,2444,2390,2391,5,72,5,2445,2446,2447,2448,2396,2397,1600,2449,5,2450,2451,2452,2453,2454,5,5,2455,2456,2457,2458,2459,5,2460,2461,5,5,2462,5,5,5,5,5,5,5,2443,5,5,5,2463,5,5,5,2464,5,5,5,2465,2466,5,5,5,5,5,5,5,5,5,5,5,5,5,5,5,2467,5,5,5,5,5,5,5,5,2468,5,5,5,5,5,5,5,5,2469,2470,5,5,5,5,5,5,5,5,5,5,5,5,5,5,5,5,5,5,5,5,5,5,5,5,5,5,5,5,5,5,5,5,5,5,5,5,5,5,5,5,5,5,5,5,5,5,5,5,2471,5,5,2472,5,5,5,5,5,5,5,5,5,5,5,5,5,5,5,5,5,5,5,5,5,5,5,5,5,5,5,5,5,5,5,5,5,5,5,5,5,5,5,5,5,5,5,5,5,5,5,5,5,5,5,5,5,5,5,5,5,5,5,5,5,5,5,5,5,5,5,5,5,5,5,5,5,5,5,5,5,5,5,5,5
2473,2474,5,2391,5,72,5,2475,2446,2476,2477,2478,2479,2432,2449,5,2480,2481,2482,2453,2483,5,5,2484,2456,2457,2458,2459,5,2460,2461,5,5,2462,5,5,5,5,5,5,5,2473,5,5,5,2485,5,5,5,2464,5,2486,5,2465,2466,5,5,5,5,5,5,5,5,5,5,5,5,5,5,5,2487,5,5,5,5,5,5,5,5,2488,2489,5,5,5,5,5,5,5,5,2470,5,5,5,5,5,5,5,5,5,5,5,5,5,5,5,5,5,5,5,5,5,5,5,5,5,5,5,5,5,5,5,5,5,5,5,5,5,5,5,5,5,5,5,5,5,5,5,5,5,5,5,2472,5,5,5,5,5,5,5,5,5,5,5,5,5,5,5,5,5,5,5,5,5,5,5,5,5,5,5,5,5,5,5,5,5,5,5,5,5,5,5,5,5,5,5,5,5,5,5,5,5,5,5,5,5,5,5,5,5,5,5,5,5,5,5,5,5,5,5,5,5,5,5,5,5,5,5,5,5,5,5,5,5
2490,2491,2492,2493,5,216,5,2494,139,2495,2496,2497,190,191,2498,2499,2500,2501,2502,2503,2504,5,5,2505,5,2506,2507,5,5,2508,5,5,5,5,5,2509,2490,5,5,5,5,2490,2490,2490,5,2510,5,5,5,2511,5,2512,2490,5,2513,5,2490,2514,5,5,5,5,2515,5,5,5,5,2516,2517,2518,2519,2505,2490,2520,5,5,5,5,5,5,5,5,5,5,5,5,5,5,5,5,5,5,5,5,5,5,5,5,5,5,5,5,5,5,5,5,5,5,5,5,5,5,5,5,5,5,5,5,5,5,5,2490,5,5,5,5,5,5,5,5,5,5,5,5,5,5,5,5,5,5,5,5,5,5,5,5,5,5,5,2521,5,5,5,5,5,5,5,5,5,5,5,5,5,5,5,5,5,5,5,5,5,5,5,5,5,5,5,5,5,5,5,5,5,5,5,5,5,5,5,5,5,5,5,5,5,5,5,5,5,5,5,5,5,5,5,5,5,5,5,5,5,5,5,5,5,5,5,5,5,5,5,5,5
2522,2523,2524,2525,5,72,5,2526,2527,2528,2529,2530,2531,2532,2533,5,2534,2535,2536,2537,2538,5,5,2539,5,2540,2541,2542,5,2267,2543,5,5,2544,5,5,5,5,5,5,5,5,5,5,5,2545,5,5,5,5,5,2546,5,5,2547,5,5,5,5,5,5,5,5,5,5,5,5,5,5,5,2548,5,5,5,5,5,5,5,5,2549,2550,5,5,5,5,5,5,5,5,2551,5,5,5,5,5,5,5,5,5,5,5,5,5,5,5,5,5,5,5,5,5,5,5,5,5,5,5,5,5,5,5,5,5,5,5,5,5,5,5,5,5,5,5,5,5,5,5,5,5,5,5,5,5,5,5,5,5,5,5,5,5,5,5,5,5,5,5,5,5,5,5,5,5,5,5,5,5,5,5,5,5,5,5,5,5,5,5,5,5,5,5,5,5,5,5,5,5,5,5,5,5,5,5,5,5,5,5,5,5,5,5,5,5,5,5,5,5,5,5,5,5,5,5,5,5,5,5,5,5,5,5,5,5
2552,2553,2554,2525,5,72,5,2555,2527,2556,2557,47,2558,2559,2533,5,2560,2561,2562,2537,2563,5,5,2564,5,2540,2541,2542,5,2267,2565,5,5,2544,5,5,5,5,5,5,5,2552,5,5,5,2566,5,5,5,2567,5,2546,5,5,2547,5,5,5,5,5,5,5,5,5,5,5,5,5,5,5,2568,5,5,5,5,5,5,5,5,2569,5,5,5,5,5,5,5,5,5,2551,5,5,5,5,5,5,5,5,5,5,5,5,5,5,5,5,5,5,5,5,5,5,5,5,5,5,5,5,5,5,5,5,5,5,5,5,5,5,5,5,5,5,5,5,5,5,5,5,5,5,5,5,5,5,5,5,5,5,5,5,5,5,5,5,5,5,5,5,5,5,5,5,5,5,5,5,5,5,5,5,5,5,5,5,5,5,5,5,5,5,5,5,5,5,5,5,5,5,5,5,5,5,5,5,5,5,5,5,5,5,5,5,5,5,5,5,5,5,5,5,5,5,5,5,5,5,5,5,5,5,5,5,5
2570,2571,2572,2573,5,137,5,2574,2575,2576,2577,2578,450,451,2579,5,2580,2581,2582,5,2583,5,5,5,2584,2585,2586,2587,5,2588,5,5,5,2589,5,5,2570,2590,2591,2570,5,2570,2570,2570,5,2592,2593,2582,5,2594,5,2595,2570,2596,2597,2598,2570,5,5,5,5,2599,5,5,5,2600,2601,2602,2603,5,5,5,2570,2604,2605,2606,2607,2608,5,5,5,5,5,5,5,5,5,5,5,5,5,5,2609,2610,2570,2611,2612,2613,5,2614,2615,2616,2617,2618,5,5,5,5,5,2619,5,2620,2621,2622,2582,2570,5,5,5,2570,2582,2570,5,5,5,5,5,5,5,5,5,5,5,5,5,5,5,5,5,5,5,5,5,5,2623,2624,5,5,5,5,5,5,5,5,5,2625,5,5,5,2570,2626,5,5,5,5,5,5,5,5,5,5,5,5,5,5,5,5,5,5,5,5,5,5,5,5,5,5,5,5,5,5,5,5,5,5,5,5,5,5,5,5,5,5,5,5,5,5,5,5,5,5,5,5,5,5,5,5,5,5,5,5,5,5
2627,2628,2629,2630,5,137,5,2631,2632,2633,2634,2635,190,191,2636,2637,2638,2639,2640,2641,2642,2643,5,2644,2645,2646,2647,2648,5,2649,2650,5,2651,2652,5,2653,2627,5,5,2627,5,5,5,5,5,2654,5,5,5,2655,5,2656,2627,5,2657,5,2627,5,5,5,5,5,5,5,2658,5,5,2659,2660,2661,2662,2644,5,5,5,5,5,5,5,5,5,5,5,5,5,5,5,5,5,5,5,5,5,5,5,5,5,5,5,5,5,5,5,5,2663,5,5,5,5,5,5,5,5,5,5,5,5,2664,5,5,5,2627,5,5,5,5,5,2665,5,5,5,5,5,5,5,5,5,5,5,5,2666,5,5,5,5,5,5,5,5,5,5,5,2667,5,5,5,5,5,5,5,5,2668,5,5,5,5,5,5,5,5,5,5,5,5,5,5,5,5,5,5,5,5,5,5,5,5,5,5,5,5,5,5,5,5,5,5,5,5,5,5,5,5,5,5,5,5,5,5,5,5,5,5,5,5,5,5,5,5,5,5,5,5,5
2669,2670,5,2671,5,216,5,2672,2673,2674,2675,2676,2677,2678,2679,2680,2681,5,5,5,2682,5,5,5,5,2683,2684,2685,5,5,5,5,5,2686,5,5,5,5,5,5,5,5,5,2669,5,5,5,5,5,5,5,5,5,5,5,5,5,5,2687,5,5,5,5,5,5,5,5,5,5,5,5,5,5,5,2688,5,2689,5,5,5,5,5,5,5,5,5,5,5,5,5,5,5,5,5,5,5,5,5,5,5,5,5,5,5,5,5,5,5,5,5,5,5,5,5,5,5,5,5,5,5,5,5,5,5,5,5,5,5,5,5,5,5,5,879,5,5,5,5,5,5,5,5,5,5,5,5,5,5,5,5,5,5,5,5,5,5,5,5,5,5,5,5,5,5,5,5,5,5,5,5,5,5,5,5,5,5,5,5,5,5,5,5,5,5,5,5,5,5,5,5,5,5,5,5,5,5,5,5,5,5,5,5,5,5,5,5,5,5,5,5,5,5,5,5,5,5,5,5,5,5,5,5,5
2690,2691,2692,2693,5,72,5,2694,2695,2696,2697,2698,2699,1600,2700,5,2701,2702,2703,2704,2705,5,5,2706,2707,2708,2709,2710,5,2711,2712,5,5,2713,5,5,2690,5,5,5,5,2690,5,5,5,2714,5,5,5,1281,5,2715,5,2716,2717,5,5,5,5,5,5,2718,5,1285,5,5,5,5,5,5,2719,5,5,5,5,5,5,5,5,2720,2721,5,2722,5,5,2723,5,5,5,2724,5,2725,5,5,5,5,5,5,5,5,5,5,5,5,5,5,2726,5,5,5,5,5,5,5,5,5,5,5,5,5,5,5,5,5,5,5,5,5,5,5,5,5,5,5,5,5,5,5,2727,5,5,5,5,5,5,5,5,5,5,5,5,5,5,5,5,5,5,5,5,5,5,5,5,5,5,5,5,5,5,5,5,5,5,5,5,5,5,5,5,5,5,5,5,5,5,5,5,5,5,5,5,5,5,5,5,5,5,5,5,5,5,5,5,5,5,5,5,5,5,5,5,5,5,5,5,5,5,5,5,5,5,5,5
2728,2729,2426,2693,5,72,5,2730,2695,2731,2732,2430,2431,2432,2700,5,2733,2734,2735,2704,2736,5,5,2737,2707,2708,2709,2710,5,2711,2712,5,5,2713,5,5,2728,5,5,5,5,2728,5,5,5,2738,5,5,5,1281,5,2715,5,2716,2717,5,5,5,5,5,5,2718,5,1285,5,5,5,5,5,5,2739,5,5,5,5,5,5,5,5,2740,2741,5,2722,5,5,2723,5,5,5,2724,5,2725,5,5,5,5,5,5,5,5,5,5,5,5,5,5,2726,5,5,5,5,5,5,5,5,5,5,5,5,5,5,5,5,5,5,5,5,5,5,5,5,5,5,5,5,5,5,5,5,5,5,5,5,5,5,5,5,5,5,5,5,5,5,5,5,5,5,5,5,5,5,5,5,5,5,5,5,5,5,5,5,5,5,5,5,5,5,5,5,5,5,5,5,5,5,5,5,5,5,5,5,5,5,5,5,5,5,5,5,5,5,5,5,5,5,5,5,5,5,5,5,5,5,5,5,5,5,5,5,5,5,5,5
2742,2743,2744,2745,5,137,5,2746,2747,2748,2749,2750,190,191,2751,2752,2753,2754,2755,2756,2757,5,5,2758,2759,360,2760,362,5,2761,5,5,5,2762,5,5,2742,2763,5,5,5,2742,2742,2742,5,2764,5,5,5,2765,5,2766,2742,2767,2768,5,5,2769,2770,5,2771,5,370,371,2772,373,5,2773,2774,2775,2776,2758,2742,2777,2778,5,5,5,5,5,5,5,2779,5,5,2780,380,5,5,5,5,5,5,5,5,5,5,5,5,5,5,5,5,5,5,5,5,5,5,5,5,5,5,5,5,5,5,5,5,5,5,2742,5,5,5,5,5,5,5,5,5,5,5,5,2781,5,5,5,5,5,5,2782,5,5,5,5,5,5,5,5,5,5,5,5,5,5,5,5,5,5,5,5,5,2742,5,5,5,5,5,5,5,5,5,5,5,5,5,5,5,5,5,5,5,5,5,5,5,5,5,5,5,5,5,5,5,5,5,5,5,5,5,5,5,5,5,5,5,5,5,5,5,5,5,5,5,5,5,5,5,5,5,5,5
2783,2784,2785,2786,5,216,5,2787,2788,2789,2790,2578,2791,2792,2793,2794,2795,2796,2797,5,2798,5,5,5,2799,360,2760,362,5,2761,5,5,5,2800,5,2801,2783,2802,5,5,5,2783,5,2783,5,2803,5,5,5,2765,5,2766,5,2767,2804,2805,2783,2769,2770,5,2771,5,370,2806,5,373,5,5,5,5,2807,5,5,5,2808,5,5,2809,5,5,5,5,2779,5,5,2780,380,5,5,5,5,5,5,5,5,5,5,5,5,5,5,5,5,5,5,5,5,5,5,5,5,5,5,5,5,5,5,5,2810,5,5,5,5,5,5,5,5,5,5,5,5,5,5,2811,2812,2813,5,5,5,5,5,2782,5,5,5,5,5,5,5,5,5,5,5,5,5,5,5,5,5,5,5,5,5,5,2794,5,5,5,5,5,5,5,5,5,5,5,5,5,5,5,5,5,5,5,5,5,5,5,5,5,5,5,5,5,5,5,5,5,5,5,5,5,5,5,5,5,5,5,5,5,5,5,5,5,5,5,5,5,5,5,5,5,5
