17017,17018,17019,16866,5,72,5,17020,10109,17021,17022,3823,17023,6154,16871,5,17024,17025,17026,16875,17027,5,5,17028,16878,16879,16880,16881,5,16882,5,5,5,16883,5,5,17017,5,5,5,5,5,5,5,5,17029,5,5,5,16885,5,16886,5,16887,16888,5,5,5,5,5,5,5,5,16915,5,373,5,5,5,5,17030,5,5,5,5,5,5,5,5,17031,5,5,16893,5,16894,16895,5,16896,5,16897,16898,5,5,5,5,5,5,5,5,5,5,5,5,5,5,5,5,5,5,5,5,5,5,5,5,5,5,5,5,5,5,5,5,5,5,5,5,5,5,5,5,5,5,5,5,5,5,5,5,5,5,5,5,5,5,5,5,5,5,5,5,5,5,5,5,5,5,5,5,5,5,5,5,5,5,5,5,5,5,5,5,5,5,5,5,5,5,5,5,5,5,5,5,5,5,5,5,5,5,5,5,5,5,5,5,5,5,5,5,5,5,5,5,5,5,5,5,5,5,5,5,5,5,5,5,5,5,5,5,5,5,5,5
17032,17033,17034,16866,5,72,5,17035,17036,17037,17038,14773,17039,17040,16871,5,17041,17042,17043,16875,17044,5,5,17045,16878,16879,16880,16881,5,16882,5,5,5,16883,5,5,17032,17046,5,5,5,17032,5,5,5,17047,5,5,5,16885,5,16886,5,16887,5,5,5,5,5,5,5,5,5,16915,5,373,5,5,5,5,17048,5,5,5,5,5,5,5,5,17049,17050,5,16893,5,16894,16895,5,16896,5,16897,16898,5,5,5,5,5,5,5,5,5,5,5,5,5,5,5,5,5,5,5,5,5,5,5,5,5,5,5,5,5,5,5,5,5,5,5,5,5,5,5,5,5,5,5,5,5,5,5,5,5,5,5,5,5,5,5,5,5,5,5,5,5,5,5,5,5,5,5,5,5,5,5,5,5,5,5,5,5,5,5,5,5,5,5,5,5,5,5,5,5,5,5,5,5,5,5,5,5,5,5,5,5,5,5,5,5,5,5,5,5,5,5,5,5,5,5,5,5,5,5,5,5,5,5,5,5,5,5,5,5,5,5,5
17051,17052,5,16866,5,72,5,17053,4681,17054,17055,4400,17056,5415,16871,5,17057,17058,17059,16875,17060,5,5,17061,16878,16879,16880,16881,5,16882,5,5,5,16883,5,5,17051,5,5,5,5,17051,5,5,5,17062,5,5,5,16885,5,16886,5,16887,16888,5,5,5,5,5,5,5,5,16915,5,373,5,5,5,5,17063,5,5,5,5,5,5,5,5,17064,5,5,16893,5,16894,16895,5,16896,5,16897,16898,5,5,5,5,5,5,5,5,5,5,5,5,5,5,5,5,5,5,5,5,5,5,5,5,5,5,5,16951,5,5,5,5,5,5,5,5,5,5,5,5,5,5,5,5,5,5,5,5,5,5,5,5,5,5,5,5,5,5,5,5,5,5,5,5,5,5,5,5,5,5,5,5,5,5,5,5,5,5,5,5,5,5,5,5,5,5,5,5,5,5,5,5,5,5,5,5,5,5,5,5,5,5,5,5,5,5,5,5,5,5,5,5,5,5,5,5,5,5,5,5,5,5,5,5,5,5,5,5,5,5,5,5
17065,17066,4092,16866,5,72,5,17067,9075,17068,17069,14773,4096,4097,16871,5,17070,17071,17072,16875,17073,5,5,17074,16878,16879,16880,16881,5,16882,5,5,5,16883,5,5,17065,5,5,5,5,17065,5,5,5,17075,5,5,5,16885,5,16886,5,16887,5,5,5,5,5,5,5,5,5,16915,5,373,5,5,5,5,17076,5,5,5,5,5,5,5,5,17077,17078,5,16893,5,16894,16895,5,16896,5,16897,16898,5,5,5,5,5,5,5,5,5,5,5,5,5,5,5,5,5,5,5,5,5,5,5,5,5,5,5,5,5,5,5,5,5,5,5,5,5,5,5,5,5,5,5,5,5,5,5,17079,5,5,5,5,5,5,5,5,5,5,5,5,5,5,5,5,5,5,5,5,5,5,5,5,5,5,5,5,5,5,5,5,5,5,5,5,5,5,5,5,5,5,5,5,5,5,5,5,5,5,5,5,5,5,5,5,5,5,5,5,5,5,5,5,5,5,5,5,5,5,5,5,5,5,5,5,5,5,5,5,5,5,5,5
17080,17081,17082,16866,5,72,5,17083,17084,17085,17086,699,17087,17088,16871,5,17089,17090,17091,16875,17092,5,5,17093,16878,16879,16880,16881,5,16882,5,5,5,16883,5,5,17080,17094,5,5,5,5,5,5,5,17095,5,5,5,16885,5,16886,5,16887,16888,5,5,5,5,5,5,5,5,16915,5,373,5,5,5,5,17096,5,5,5,5,5,5,5,5,17097,5,5,16893,5,16894,16895,5,16896,5,16897,16898,5,5,5,5,5,5,5,5,5,5,5,5,5,5,5,5,5,5,5,5,5,5,5,5,5,5,5,5,5,5,5,5,5,5,5,5,5,5,5,5,5,5,5,5,5,5,5,5,5,5,5,5,5,5,5,5,5,5,5,5,5,5,5,5,5,5,5,5,5,5,5,5,5,5,5,5,5,5,5,5,5,5,5,5,5,5,5,5,5,5,5,5,5,5,5,5,5,5,5,5,5,5,5,5,5,5,5,5,5,5,5,5,5,5,5,5,5,5,5,5,5,5,5,5,5,5,5,5,5,5,5,5
17098,17099,5,16866,5,72,5,17100,27,17101,17102,285,17103,5433,16871,5,17104,17105,17106,16875,17107,5,5,17108,16878,16879,16880,16881,5,16882,5,5,5,16883,5,5,17098,5,5,5,5,17098,5,5,5,17109,5,5,5,16885,5,16886,5,16887,16888,5,5,5,5,5,5,5,5,16915,5,373,5,5,5,5,17110,5,5,5,5,5,5,5,5,17111,17112,5,16893,5,16894,16895,5,16896,5,16897,16898,5,5,5,5,5,5,5,5,5,5,5,5,5,5,5,5,5,5,5,5,5,5,5,5,5,5,5,5,5,5,5,5,5,5,5,5,5,5,5,5,5,5,5,5,5,5,5,5,5,5,5,5,5,5,5,5,5,5,5,5,5,5,5,5,5,5,5,5,5,5,5,5,5,5,5,5,5,5,5,5,5,5,5,5,5,5,5,5,5,5,5,5,5,5,5,5,5,5,5,5,5,5,5,5,5,5,5,5,5,5,5,5,5,5,5,5,5,5,5,5,5,5,5,5,5,5,5,5,5,5,5,5
17113,17114,5,16970,5,72,5,17115,17116,17117,17118,17119,17120,17121,16871,17122,17123,17124,17125,16875,17126,5,5,17127,16878,16879,16880,16881,5,16882,5,5,5,16883,5,5,17113,5,5,5,5,17113,5,5,5,17128,5,5,5,16885,5,16886,5,16887,16888,5,5,5,5,5,5,5,5,16915,5,373,5,5,5,5,17129,5,5,5,5,5,5,5,5,17130,17131,5,16893,5,16894,16895,5,16896,5,16897,16898,5,5,5,5,5,5,5,5,5,5,5,5,5,5,5,5,5,5,5,5,5,5,5,5,5,5,5,16951,5,5,5,5,5,5,5,5,5,5,5,5,5,5,5,5,5,5,5,5,5,5,5,5,5,5,5,5,5,5,5,5,5,5,5,5,5,5,5,5,5,5,5,5,5,5,5,5,5,5,5,5,5,5,5,5,5,5,5,5,5,5,5,5,5,5,5,5,5,5,5,5,5,5,5,5,5,5,5,5,5,5,5,5,5,5,5,5,5,5,5,5,5,5,5,5,5,5,5,5,5,5,5,5
17132,17133,5,16866,5,72,5,17134,10204,17135,17136,4007,17137,5451,16871,5,17138,17139,17140,5,17141,5,5,17142,16878,16879,16880,16881,5,16882,5,5,5,16883,5,5,17132,17143,5,5,5,17132,5,5,5,17144,5,5,5,16885,5,16886,5,16887,16888,5,5,5,5,5,5,5,5,16915,5,373,5,5,5,5,17145,5,5,5,5,5,5,5,5,17146,17147,5,16893,5,16894,16895,5,16896,5,16897,16898,5,5,5,5,5,5,5,5,5,5,5,5,5,5,5,5,5,5,5,5,5,5,5,5,5,5,5,5,5,5,5,5,5,5,5,5,5,5,5,5,5,5,5,5,5,5,5,5,5,5,5,5,5,5,5,5,5,5,5,5,5,5,5,5,5,5,5,5,5,5,5,5,5,5,5,5,5,5,5,5,5,5,5,5,5,5,5,5,5,5,5,5,5,5,5,5,5,5,5,5,5,5,5,5,5,5,5,5,5,5,5,5,5,5,5,5,5,5,5,5,5,5,5,5,5,5,5,5,5,5,5,5
17148,17149,17150,16866,5,72,5,17151,16987,10406,17152,2698,17153,1185,16871,5,17154,17155,17156,16875,17157,5,5,17158,16878,16879,16880,16881,5,16882,5,5,5,16883,5,5,17148,17159,5,5,5,17148,5,5,5,17160,5,5,5,16885,5,16886,5,16887,16888,5,5,5,5,5,5,5,5,16889,5,373,5,5,5,5,17161,5,5,5,5,5,5,5,5,17162,17163,5,16893,5,16894,16895,5,16896,5,16897,16898,5,5,5,5,5,5,5,5,5,5,5,5,5,5,5,5,5,5,5,5,5,5,5,5,5,5,5,5,5,5,5,5,5,5,5,5,5,5,5,5,5,5,5,5,5,5,5,17164,5,5,5,5,5,5,5,5,5,5,5,5,5,5,5,5,5,5,5,5,5,5,5,5,5,5,5,5,5,5,5,5,5,5,5,5,5,5,5,5,5,5,5,5,5,5,5,5,5,5,5,5,5,5,5,5,5,5,5,5,5,5,5,5,5,5,5,5,5,5,5,5,5,5,5,5,5,5,5,5,5,5,5,5
17165,17166,17167,16866,5,72,5,17168,4681,17169,17170,2698,17171,4193,16871,5,17172,17173,17174,16875,17175,5,5,17176,16878,16879,16880,16881,5,16882,5,5,5,16883,5,5,17165,5,5,5,5,5,5,5,5,17177,5,5,5,16885,5,16886,5,16887,16888,5,5,5,5,5,5,5,5,16915,5,373,5,5,5,5,17178,5,5,5,5,5,5,5,5,17179,17180,5,16893,5,16894,16895,5,16896,5,16897,16898,5,5,5,5,5,5,5,5,5,5,5,5,5,5,5,5,5,5,5,5,5,5,5,5,5,5,5,5,5,5,5,5,5,5,5,5,5,5,5,5,5,5,5,5,5,5,5,17181,5,5,5,5,5,5,5,5,5,5,5,5,5,5,5,5,5,5,5,5,5,5,5,5,5,5,5,5,5,5,5,5,5,5,5,5,5,5,5,5,5,5,5,5,5,5,5,5,5,5,5,5,5,5,5,5,5,5,5,5,5,5,5,5,5,5,5,5,5,5,5,5,5,5,5,5,5,5,5,5,5,5,5,5
17182,17183,5,16866,5,72,5,17184,4681,17185,17186,17187,17188,4193,16871,5,17189,17190,17191,16875,17192,5,5,17193,16878,16879,16880,16881,5,16882,5,5,5,16883,5,5,17182,5,5,5,5,17182,5,5,5,17194,5,5,5,16885,5,16886,5,16887,16888,5,5,5,5,5,5,5,5,16915,5,373,5,5,5,5,17195,5,5,5,5,5,5,5,5,17196,5,5,16893,5,16894,16895,5,16896,5,16897,16898,5,5,5,5,5,5,5,5,5,5,5,5,5,5,5,5,5,5,5,5,5,5,5,5,5,5,5,5,5,5,5,5,5,5,5,5,5,5,5,5,5,5,5,5,5,5,5,17197,5,5,5,5,5,5,5,5,5,5,5,5,5,5,5,5,5,5,5,5,5,5,5,5,5,5,5,5,5,5,5,5,5,5,5,5,5,5,5,5,5,5,5,5,5,5,5,5,5,5,5,5,5,5,5,5,5,5,5,5,5,5,5,5,5,5,5,5,5,5,5,5,5,5,5,5,5,5,5,5,5,5,5,5
17198,17199,17200,16866,5,72,5,17201,17202,17203,17204,16026,17205,6642,16871,5,17206,17207,17208,16875,17209,5,5,17210,16878,16879,16880,16881,5,16882,5,5,5,16883,5,17211,17198,5,5,17198,5,5,5,5,5,17212,5,5,5,16885,5,5,5,16887,16888,5,5,5,5,5,5,5,5,16889,5,373,5,5,5,5,17213,5,5,5,5,5,5,5,5,17214,5,5,16893,5,16894,16895,5,16896,5,16897,5,5,5,5,5,5,5,5,5,5,5,5,5,5,5,5,5,5,5,5,5,5,5,5,5,5,5,5,5,5,5,5,5,5,5,5,5,5,5,5,5,5,5,5,5,5,5,5,5,5,5,5,5,5,5,5,5,5,5,5,5,5,5,5,5,5,5,5,5,5,5,5,5,5,5,5,5,5,5,5,5,5,5,5,5,5,5,5,5,5,5,5,5,5,5,5,5,5,5,5,5,5,5,5,5,5,5,5,5,5,5,5,5,5,5,5,5,5,5,5,5,5,5,5,5,5,5,5,5,5,5,5,5
17215,17216,2554,16866,5,72,5,17217,10154,17218,17219,47,17220,2559,16871,17221,17222,17223,17224,16875,17225,5,5,17226,16878,16879,16880,16881,5,16882,5,5,5,16883,5,5,17215,17227,5,5,5,17215,5,17215,5,17228,5,5,5,16885,5,16886,5,16887,16888,5,5,5,5,5,5,5,5,16915,5,373,5,5,5,5,17229,5,5,5,5,5,5,5,5,17230,5,5,16893,5,16894,16895,5,16896,5,16897,16898,5,5,5,5,5,5,5,5,5,5,5,5,5,5,5,5,5,5,5,5,5,5,5,5,5,5,5,5,5,5,5,5,5,5,5,5,5,5,5,5,5,5,5,5,5,5,5,5,5,5,5,5,5,5,5,5,5,5,5,5,5,5,5,5,5,5,5,5,5,5,5,5,5,5,5,5,5,5,5,5,5,5,5,5,5,5,5,5,5,5,5,5,5,5,5,5,5,5,5,5,5,5,5,5,5,5,5,5,5,5,5,5,5,5,5,5,5,5,5,5,5,5,5,5,5,5,5,5,5,5,5,5
17231,17232,17233,17234,5,137,5,17235,17236,17237,17238,2088,190,191,17239,17240,17241,17242,17243,17244,17245,17246,5,17247,17248,17249,17250,17251,17252,17253,17254,5,17255,17256,5,5,17231,17257,5,5,5,17231,17231,17231,5,17258,5,5,5,17259,5,17260,17231,17261,17262,5,5,5,17263,5,5,5,5,17264,5,5,5,17265,17266,17267,17268,17247,17231,5,5,5,5,5,5,5,5,5,17269,5,5,17270,17271,5,17272,5,5,17273,5,5,5,5,5,5,5,5,5,5,5,5,17274,5,5,5,5,5,5,5,5,5,5,5,5,5,5,5,5,17231,5,5,5,5,5,17275,5,5,5,5,5,5,5,5,5,5,5,5,17276,5,5,17277,5,5,5,5,5,5,5,5,5,5,5,5,5,5,5,5,5,5,5,5,5,5,5,5,5,5,5,5,5,5,5,5,5,5,5,5,5,5,5,5,5,5,5,5,5,5,5,5,5,5,5,5,5,5,5,5,5,5,5,5,5,5,5,5,5,5,5,5,5,5,5,5,5,5,5,5,5,5,5
17278,17279,17280,17281,5,216,5,17282,4469,17283,17284,6865,1517,1518,17285,5,17286,17287,17288,5,17289,5,5,5,17290,17291,17292,17293,5,17294,17295,5,5,17296,5,5,17278,5,5,5,5,17278,5,17278,5,17297,17298,17288,5,17299,17300,17301,17302,17303,17304,17305,17302,17306,17307,17308,17309,5,17310,17311,5,5,5,17312,17313,5,5,5,17278,17314,5,17315,17316,17317,5,5,5,5,5,5,5,5,5,5,5,5,5,5,5,5,5,5,5,5,5,5,5,5,5,17318,5,5,5,5,5,5,5,5,5,5,5,17278,5,5,5,5,5,5,5,5,17319,5,5,17320,5,17321,5,5,5,5,5,5,5,5,5,5,5,5,5,5,5,5,17322,5,5,5,5,5,5,5,5,5,5,5,5,5,5,5,5,5,5,5,5,5,5,5,5,5,5,5,5,5,5,5,5,5,5,5,5,5,5,5,5,5,5,5,5,5,5,5,5,5,5,5,5,5,5,5,5,5,5,5,5,5,5,5,5,5,5,5,5,5,5,5,5,5,5,5,5
17323,17324,17325,17326,5,216,5,17327,1513,17328,17329,1394,1375,1376,17330,5,17331,17332,17333,5,17334,5,5,5,17335,17336,17337,17293,17338,17339,17340,5,5,17341,5,17342,17323,5,5,5,5,17323,5,5,5,17343,17344,4578,5,17345,17346,17347,17348,17349,5,17350,17323,17306,17351,5,17309,5,17310,17352,17353,5,5,17354,17355,5,5,5,17323,17356,5,17357,17358,17359,5,5,5,5,5,5,5,5,5,5,5,5,17360,5,5,5,5,5,5,5,5,5,5,5,5,5,17361,5,5,5,5,5,5,5,5,5,5,5,5,5,5,5,5,5,5,5,17362,5,5,17363,5,17321,5,5,5,5,5,5,5,10033,5,5,5,5,5,5,5,5,5,5,5,5,5,5,5,5,5,5,5,5,5,5,5,17364,5,5,5,5,5,5,17365,5,5,5,5,5,5,5,5,5,5,5,5,5,5,5,5,5,5,5,5,5,5,5,5,5,5,5,5,5,5,5,5,5,5,5,5,5,5,5,5,5,5,5,5,5,5,5,5,5,5,5,5,5,5
17366,17367,17368,17369,5,216,5,17370,2118,17371,17372,763,7055,7056,17373,17374,17375,17376,17377,17378,17379,5,5,5,17380,17336,17337,17293,5,17294,17381,5,5,17382,5,5,17366,5,5,5,5,17366,5,5,5,17383,5,5,5,17345,5,5,5,5,17384,5,5,17306,17351,5,17309,5,17310,17352,17385,5,5,5,5,5,17386,5,5,5,5,5,5,5,5,5,5,5,5,5,5,5,5,5,5,5,5,5,5,5,5,5,5,5,5,5,5,5,5,5,17387,5,5,5,5,5,5,5,5,5,5,5,5,5,17388,5,5,5,5,5,17389,5,5,5,5,17321,5,5,5,5,5,5,5,5,5,5,5,5,5,5,5,5,5,5,5,5,5,5,17390,5,5,5,5,5,5,5,5,5,5,5,5,5,5,5,5,5,5,5,5,5,5,5,5,5,5,17391,17392,5,5,5,5,5,5,5,5,5,5,5,5,5,5,5,5,5,5,5,5,5,5,5,5,5,5,5,5,5,5,5,5,5,5,5,5,5,5,5,5,5,5
17393,17394,14927,17395,5,72,5,17396,17397,17398,17399,17400,14932,4213,17401,5,17402,17403,17404,17405,17406,5,5,17407,17408,17336,17337,17293,5,17409,17410,5,5,17411,5,5,17393,17412,5,5,5,17393,5,5,5,17413,5,5,5,17345,5,17414,5,17415,17416,5,5,17306,17351,5,17309,5,17310,17352,5,3393,5,5,5,5,17417,5,5,5,5,5,5,5,17418,17419,5,5,5,5,5,5,5,5,5,17420,17360,5,5,5,5,5,5,5,5,5,5,5,5,5,5,5,5,5,5,5,5,5,5,5,5,5,5,5,5,5,5,5,5,5,17421,5,5,5,5,17321,5,5,5,5,5,5,5,5,5,5,5,5,5,5,5,5,5,5,5,5,5,5,5,5,5,5,5,5,5,5,5,5,5,5,5,5,5,5,5,5,5,5,5,5,5,5,5,5,5,5,5,5,5,5,5,5,5,5,5,5,5,5,5,5,5,5,5,5,5,5,5,5,5,5,5,5,5,5,5,5,5,5,5,5,5,5,5,5,5,5,5,5,5
17422,17423,17424,17425,5,137,5,17426,17427,17428,17429,11116,1517,1518,17430,5,17431,17432,17433,5,17434,17435,5,5,5,17436,17437,17438,5,17439,5,17440,5,17441,17442,5,17422,5,5,5,5,17422,5,17422,5,17443,17444,17445,5,17446,17447,17448,17422,17449,5,17450,17422,5,5,5,17451,5,5,17452,17453,17454,5,17455,17456,5,5,5,17422,17457,17458,17459,17460,17461,5,5,5,5,5,5,5,5,5,5,5,5,17462,5,5,5,5,5,5,5,5,5,5,5,5,17463,5,5,5,5,5,5,5,5,5,5,5,5,5,5,17464,17422,5,5,5,5,5,5,5,5,5,5,5,5,5,5,5,5,5,5,5,5,5,5,5,17465,5,5,17466,5,5,5,5,5,5,5,5,5,5,5,5,5,5,5,5,5,5,5,5,5,5,5,5,5,5,5,5,5,5,5,5,5,5,5,5,5,5,5,5,5,5,5,5,5,5,5,5,5,5,5,5,5,5,5,5,5,5,5,5,5,5,5,5,5,5,5,5,5,5,5,5,5,5,5,5
17467,17468,17469,17470,5,137,5,17471,7311,17472,17473,6865,1517,1518,17474,5,17475,17476,17477,5,17478,5,5,5,5,17479,5,5,5,130,17480,5,5,17481,5,5,17467,5,5,5,5,5,17467,17467,5,17482,17483,17484,5,17485,17486,17487,17467,5,17488,17489,17467,5,5,5,5,5,5,5,17490,5,5,17491,17492,5,5,5,17467,5,17493,17494,17495,17496,5,5,5,5,5,5,5,5,5,5,5,5,5,5,5,5,5,5,5,5,5,5,5,5,5,5,5,5,5,5,5,5,5,5,5,5,5,17467,5,5,5,17467,5,5,5,5,5,5,5,5,5,5,5,5,5,5,5,5,5,17497,5,5,5,5,5,5,5,5,17498,5,5,5,5,5,5,5,5,5,5,5,5,5,5,5,5,5,5,5,5,5,5,5,5,5,5,5,5,5,5,5,5,5,5,5,5,5,5,5,5,5,5,5,5,5,5,5,5,5,5,5,5,5,5,5,5,5,5,5,5,5,5,5,5,5,5,5,5,5,5,5,5,5,5,5,5
17499,17500,17501,17502,5,72,5,17503,17504,17505,17506,1516,17507,17508,17509,5,17510,17511,17512,17513,17514,5,5,17515,17516,17517,17518,17519,5,17520,5,5,5,17521,5,5,17499,17522,5,5,5,17499,5,5,5,17523,5,5,5,17524,5,5,5,17525,17526,5,5,5,5,17527,5,5,17528,5,5,5,5,5,5,5,17529,5,5,5,5,5,5,5,5,17530,17531,5,17532,5,17533,17534,17535,17536,5,17537,5,5,5,5,5,5,5,5,5,5,5,5,5,5,5,5,5,5,5,5,5,5,5,5,5,5,5,5,5,5,5,5,5,5,5,5,5,5,5,5,5,5,17538,5,5,5,17539,5,5,5,5,5,5,5,5,5,5,5,5,5,5,5,5,5,5,5,5,5,5,5,5,5,5,5,5,5,5,5,5,5,5,5,5,5,5,5,5,5,5,5,5,5,5,5,5,5,5,5,5,5,5,5,5,5,5,5,5,5,5,5,5,5,5,5,5,5,5,5,5,5,5,5,5,5,5,5,5,5,5,5,5,5,5
17540,17541,17542,17502,5,72,5,17543,9,17544,17545,6170,17546,17547,17509,5,17548,17549,17550,17513,17551,5,5,17552,17516,17517,17518,17519,5,17520,5,5,5,17521,5,5,17540,17553,5,5,5,17540,5,5,5,17554,5,5,5,17524,5,17555,5,17525,17526,5,5,5,5,17527,5,5,17528,5,5,5,5,5,5,5,17556,5,5,5,5,5,5,5,5,17557,17558,5,17532,5,17533,17534,17535,17536,5,17537,5,5,5,5,5,5,5,5,5,5,5,5,5,5,5,5,5,5,5,5,5,5,5,5,5,5,5,5,5,5,5,5,5,5,5,5,5,5,5,5,5,5,17538,5,5,5,17559,5,5,5,5,5,5,5,5,5,5,5,5,5,5,5,5,5,5,5,5,5,5,5,5,5,5,5,5,5,5,5,5,5,5,5,5,5,5,5,5,5,5,5,5,5,5,5,5,5,5,5,5,5,5,5,5,5,5,5,5,5,5,5,5,5,5,5,5,5,5,5,5,5,5,5,5,5,5,5,5,5,5,5,5,5,5
17560,17561,5,17502,5,72,5,17562,3045,17563,17564,1207,17565,2432,17509,5,17566,17567,17568,17513,17569,5,5,17570,17516,17517,17518,17519,5,17520,5,5,5,17521,5,5,17560,17571,5,5,5,17560,5,5,5,17572,5,5,5,17524,5,17555,5,17525,17526,5,5,5,5,17527,5,5,17528,5,5,13492,5,5,5,5,17573,5,5,5,5,5,5,5,5,17574,17575,5,17532,5,17533,17534,17535,17536,5,17537,5,5,5,5,5,5,5,5,5,5,5,5,5,5,5,5,5,5,5,5,5,5,5,5,5,5,5,5,5,5,5,5,5,5,5,5,5,5,5,5,5,5,17538,5,5,5,17576,5,5,5,5,5,5,5,5,5,5,5,5,5,5,5,5,5,5,5,5,5,5,5,5,5,5,5,5,5,5,5,5,5,5,5,5,5,5,5,5,5,5,5,5,5,5,5,5,5,5,5,5,5,5,5,5,5,5,5,5,5,5,5,5,5,5,5,5,5,5,5,5,5,5,5,5,5,5,5,5,5,5,5,5,5,5
17577,17578,17579,17502,5,72,5,17580,3045,17581,17582,1183,17583,2559,17509,5,17584,17585,17586,17513,17587,5,5,17588,17516,17517,17518,17519,5,17520,5,5,5,17521,5,5,17577,17589,5,5,5,5,5,5,5,17590,5,5,5,17524,5,17555,5,17525,17526,5,5,5,5,17527,5,5,17528,5,5,13492,5,5,5,5,17591,5,5,5,5,5,5,5,5,17592,5,5,17532,5,17533,17534,17535,17536,5,17537,5,5,5,5,5,5,5,5,5,5,5,5,5,5,5,5,5,5,5,5,5,5,5,5,5,5,5,5,5,5,5,5,5,5,5,5,5,5,5,5,5,5,17538,5,5,5,17576,5,5,5,5,5,5,5,5,5,5,5,5,5,5,5,5,5,5,5,5,5,5,5,5,5,5,5,5,5,5,5,5,5,5,5,5,5,5,5,5,5,5,5,5,5,5,5,5,5,5,5,5,5,5,5,5,5,5,5,5,5,5,5,5,5,5,5,5,5,5,5,5,5,5,5,5,5,5,5,5,5,5,5,5,5,5
17593,17594,5,17595,5,72,5,17596,9516,17597,17598,1656,17599,17600,17601,5,17602,17603,17604,17605,17606,5,5,17607,5,17608,17609,17610,5,17520,5,5,5,17611,5,5,17593,5,5,5,5,17593,5,5,5,17612,5,5,5,17613,5,17614,5,17615,17616,5,5,5,5,5,5,5,5,5,5,5,5,5,5,5,17617,5,5,5,5,5,5,5,5,17618,17619,5,17620,5,17621,17622,5,17623,5,17624,17625,5,5,5,5,5,5,5,5,5,5,5,5,5,5,5,5,5,5,5,5,5,5,5,5,5,5,5,5,5,5,5,5,5,5,5,5,5,5,5,5,5,5,5,5,5,5,5,5,5,5,5,5,5,5,5,5,5,5,5,5,5,5,5,5,5,5,5,5,5,5,5,5,5,5,5,5,5,5,5,5,5,5,5,5,5,5,5,5,5,5,5,5,5,5,5,5,5,5,5,5,5,5,5,5,5,5,5,5,5,5,5,5,5,5,5,5,5,5,5,5,5,5,5,5,5,5,5,5,5,5,5,5
17626,17627,1746,17595,5,72,5,17628,17629,17630,17631,6091,10938,1753,17601,5,17632,17633,17634,17605,17635,5,5,17636,5,17608,17609,17610,5,17520,5,5,5,17611,5,5,17626,5,5,5,5,17626,5,5,5,17637,5,5,5,17613,5,17614,5,17615,17616,5,5,5,5,5,5,5,5,5,5,5,5,5,5,5,17638,5,5,5,5,5,5,5,5,17639,5,5,17620,5,17621,17622,5,17623,5,17624,17625,5,5,5,5,5,5,5,5,5,5,5,5,5,5,5,5,5,5,5,5,5,5,5,5,5,5,5,5,5,5,5,5,5,5,5,5,5,5,5,5,5,5,5,5,5,5,5,17640,5,5,5,5,5,5,5,5,5,5,5,5,5,5,5,5,5,5,5,5,5,5,5,5,5,5,5,5,5,5,5,5,5,5,5,5,5,5,5,5,5,5,5,5,5,5,5,5,5,5,5,5,5,5,5,5,5,5,5,5,5,5,5,5,5,5,5,5,5,5,5,5,5,5,5,5,5,5,5,5,5,5,5,5
17641,17642,17643,17644,5,216,5,17645,3413,17646,17647,3783,1022,1023,17648,5,17649,17650,17651,17652,17653,5,5,17654,5,17655,17656,8401,5,17520,5,5,5,17657,5,17658,17641,17659,5,5,5,5,5,5,5,17660,5,5,5,8407,5,17661,5,17662,17663,5,5,8411,5,5,5,8412,8413,5,17664,5,5,5,5,5,17665,5,5,5,5,5,5,5,5,17666,17667,5,17668,5,17669,17670,4271,17671,17672,5,17673,5,5,5,5,5,5,5,5,5,5,5,5,5,5,5,5,5,5,5,5,5,5,5,5,5,5,5,5,5,5,5,5,5,5,5,5,5,5,5,5,5,5,5,5,5,17674,5,17675,17654,5,5,5,5,5,5,5,5,5,5,5,5,5,5,5,5,5,5,5,5,5,5,5,5,5,5,5,5,5,5,5,5,5,5,5,5,5,5,5,5,5,5,5,5,5,5,5,5,5,5,5,5,5,5,5,5,5,5,5,5,5,5,5,5,5,5,5,5,5,5,5,5,5,5,5,5,5,5,5,5,5,5,5
17676,17677,17678,17679,5,72,5,17680,12189,17681,17682,4400,17683,12499,17684,5,17685,17686,17687,17688,17689,5,5,17690,17691,17692,17693,3122,5,17694,5,5,5,17695,5,5,17676,5,5,5,5,17676,5,5,5,17696,5,5,5,17697,5,5,5,17698,17699,5,5,5,5,5,5,3135,5,17700,5,17701,5,5,5,5,17702,5,5,5,5,5,5,5,5,17703,17704,5,17705,5,5,17706,5,5,5,5,5,5,5,5,5,5,5,5,5,5,5,5,5,5,5,17707,5,5,5,5,5,5,5,5,5,5,5,5,5,5,5,5,5,5,5,5,5,5,5,5,5,5,5,5,5,5,5,5,5,5,5,5,5,17708,5,5,5,5,5,5,5,5,5,5,5,5,5,5,5,5,5,5,5,5,5,5,5,5,5,5,5,5,5,5,5,5,5,5,5,5,5,5,5,5,5,5,5,5,5,5,5,5,5,5,5,5,5,5,5,5,5,5,5,5,5,5,5,5,5,5,5,5,5,5,5,5,5,5,5,5,5,5,5
17709,17710,17711,17712,5,72,5,17713,4356,17714,17715,4063,17716,2559,17717,5,17718,17719,17720,17688,17721,5,5,17722,17691,17692,17693,3122,5,17694,5,5,5,17723,5,5,17709,5,5,5,5,5,5,5,5,17724,5,5,5,17697,5,5,5,17698,17725,5,5,5,5,5,5,3135,5,17700,5,17701,5,5,5,5,17726,5,5,5,5,5,5,5,5,17727,5,5,17705,5,5,17706,5,5,5,5,5,5,5,5,5,5,5,5,5,5,5,5,5,5,5,17728,5,5,5,5,5,5,5,5,5,5,5,5,5,5,5,5,5,5,5,5,5,5,5,5,5,5,5,5,5,5,5,1326,5,5,5,5,5,17729,5,5,5,5,5,5,5,5,5,5,5,5,5,5,5,5,5,5,5,5,5,5,5,5,5,5,5,5,5,5,5,5,5,5,5,5,5,5,5,5,5,5,5,5,5,5,5,5,5,5,5,5,5,5,5,5,5,5,5,5,5,5,5,5,5,5,5,5,5,5,5,5,5,5,5,5,5,5,5
17730,17731,3525,4,5,17732,5,17733,17734,17735,17736,593,450,451,17737,5,17738,5,5,5,17739,5,5,5,5,5,5,5,5,5,5,5,5,17740,17741,5,5,5,5,5,5,5,5,17730,5,5,5,5,5,5,5,5,17730,5,5,5,17730,5,5,5,5,5,5,5,5,5,5,17742,17743,5,5,5,17730,17744,5,5,5,5,5,5,5,5,5,5,5,5,5,5,5,5,5,5,5,5,5,5,5,5,5,17745,17746,5,17747,17748,5,5,5,5,5,5,5,5,5,5,5,5,5,5,5,5,5,5,5,5,5,5,5,5,5,5,5,5,5,5,5,5,5,5,5,5,5,5,5,5,5,5,5,5,5,5,5,5,5,5,5,5,5,5,5,5,5,5,5,5,5,5,5,5,5,5,17749,5,5,5,5,5,5,5,5,5,5,5,5,5,5,5,5,5,5,5,5,5,5,5,5,5,5,5,5,5,5,5,5,5,5,5,5,5,5,5,5,5,5,5,5,5,5,5,5,5,5,5,5
17750,17751,17752,17753,5,137,5,17754,14824,17755,17756,850,238,239,17757,5,17758,17759,17760,5,17761,5,5,5,17762,17763,710,17764,5,17765,5,5,5,17766,5,5,17750,17767,17768,5,5,17750,5,17750,5,17769,5,17770,5,1837,17771,17772,17750,17773,17774,17775,5,1703,17776,17777,5,17778,723,1843,17779,17780,5,17781,17782,5,5,5,5,5,17783,17784,17785,17786,5,5,5,5,5,5,5,5,5,5,5,5,5,5,17787,17788,17750,17789,17790,17791,5,5,5,5,5,5,5,5,5,5,5,5,5,5,5,5,5,5,5,5,5,5,5,5,5,17792,5,5,5,5,5,5,5,5,5,879,5,5,5,5,5,5,5,5,5,5,5,5,5,5,5,5,5,5,5,5,5,5,5,5,5,5,5,5,5,5,5,5,5,5,5,5,5,5,5,5,5,5,5,5,5,5,5,5,5,5,5,5,5,5,5,5,5,5,5,5,5,5,5,5,5,5,5,5,5,5,5,5,5,5,5,5,5,5,5,5,5,5,5,5,5,5,5,5,5
17793,17794,16219,17795,5,72,5,17796,17797,17798,17799,2578,16226,1068,17800,5,17801,17802,17803,17804,17805,5,5,17806,5,17807,17808,17809,5,17810,5,5,5,17811,5,17812,17793,5,5,5,5,5,5,5,5,17813,5,5,5,17814,5,5,5,17815,17816,5,5,5,17817,17818,17819,5,5,5,5,5,5,5,5,5,17820,5,5,5,5,5,5,5,5,17821,17822,5,17823,5,17824,17825,5,17826,5,17827,17828,17829,5,5,5,5,5,5,5,5,5,5,5,5,5,5,5,5,5,5,5,5,5,5,5,5,5,5,5,5,5,5,5,5,5,5,5,5,5,5,5,5,5,5,5,5,5,5,17830,5,5,5,5,5,5,5,5,5,5,5,5,5,5,5,5,5,5,5,5,5,5,5,5,5,5,5,5,5,5,5,5,5,5,5,5,5,5,5,5,5,5,5,5,5,5,5,5,5,5,5,5,5,5,5,5,5,5,5,5,5,5,5,5,5,5,5,5,5,5,5,5,5,5,5,5,5,5,5,5,5,5,5,5
17831,17832,17833,17795,5,72,5,17834,17797,17835,17836,6947,17837,16502,17800,17838,17839,17840,17841,17804,17842,5,5,17843,5,17807,17808,17809,5,17810,5,5,5,17811,5,17844,17831,5,5,5,5,5,5,5,5,17845,5,5,5,17814,5,17846,5,17815,17816,5,5,5,17817,17818,17819,5,5,5,5,5,5,5,5,5,17847,5,5,5,5,5,5,5,5,17848,17849,5,17823,5,17824,17825,5,17826,5,17827,17828,17829,5,5,5,5,5,5,5,5,5,5,5,5,5,5,5,5,5,5,5,5,5,5,5,5,5,5,5,5,5,5,5,5,5,5,5,5,5,5,5,5,5,5,5,5,5,5,5,5,5,5,5,5,5,5,5,5,5,5,5,5,5,5,5,5,5,5,5,5,5,5,5,5,5,5,5,5,5,5,5,5,5,5,5,5,5,5,5,5,5,5,5,5,5,5,5,5,5,5,5,5,5,5,5,5,5,5,5,5,5,5,5,5,5,5,5,5,5,5,5,5,5,5,5,5,5,5,5,5,5,5,5
17850,17851,17852,17853,5,72,5,17854,17855,17856,17857,3080,17858,17859,17800,5,17860,17861,17862,17804,17863,5,5,17864,5,17807,17808,17809,5,17810,5,5,5,17811,5,5,17850,17865,5,5,5,5,5,5,5,17866,5,5,5,17814,5,17867,5,17815,17868,5,5,5,17817,17818,17819,5,5,5,5,5,5,5,5,5,17869,5,5,5,5,5,5,5,5,17870,17871,5,17823,5,17824,17825,5,17826,5,17827,5,17872,5,5,5,5,5,5,5,5,5,5,5,5,5,5,5,5,5,5,5,5,5,5,5,5,5,5,5,5,5,5,5,5,5,5,5,5,5,5,5,5,5,5,5,5,5,5,5,5,5,5,5,5,5,5,5,5,5,5,5,5,5,5,5,5,5,5,5,5,5,5,5,5,5,5,5,5,5,5,5,5,5,5,5,5,5,5,5,5,5,5,5,5,5,5,5,5,5,5,5,5,5,5,5,5,5,5,5,5,5,5,5,5,5,5,5,5,5,5,5,5,5,5,5,5,5,5,5,5,5,5,5
17873,17874,2311,17853,5,72,5,17875,1881,17876,17877,2317,2318,1185,17800,5,17878,17879,17880,17804,17881,5,5,17882,5,17807,17808,17809,5,17810,5,5,5,17811,5,5,17873,5,5,5,5,17873,5,5,5,17883,5,5,5,17814,5,17846,5,17815,17884,5,5,5,17817,17818,17819,5,5,5,5,5,5,5,5,5,17885,5,5,5,5,5,5,5,5,17886,17887,5,17823,5,17824,17825,5,17826,5,17827,17828,17888,5,5,5,5,5,5,5,5,5,5,5,5,5,5,5,5,5,5,5,5,5,5,5,5,5,5,17889,5,5,5,5,5,5,5,5,5,5,5,5,5,5,5,5,5,5,5,17890,5,5,5,5,5,5,5,5,5,5,5,5,5,5,5,5,5,5,5,5,5,5,5,5,5,5,5,5,5,5,5,5,5,5,5,5,5,5,5,5,5,5,5,5,5,5,5,5,5,5,5,5,5,5,5,5,5,5,5,5,5,5,5,5,5,5,5,5,5,5,5,5,5,5,5,5,5,5,5,5,5,5,5,5
17891,17892,5,17853,5,72,5,17893,2788,17894,17895,17187,17896,4193,17800,5,17897,17898,17899,17804,17900,5,5,17901,5,17807,17808,17809,5,17810,5,5,5,17811,5,5,17891,5,5,5,5,17891,5,5,5,17902,5,5,5,17814,5,17846,5,17815,17903,5,5,5,17817,17818,17819,5,5,5,5,5,5,5,5,5,17904,5,5,5,5,5,5,5,5,17905,5,5,17823,5,17824,17825,5,17826,5,17827,17828,17906,5,5,5,5,5,5,5,5,5,5,5,5,5,5,5,5,5,5,5,5,5,5,5,5,5,5,5,5,5,5,5,5,5,5,5,5,5,5,5,5,5,5,5,5,5,5,17907,5,5,5,5,5,5,5,5,5,5,5,5,5,5,5,5,5,5,5,5,5,5,5,5,5,5,5,5,5,5,5,5,5,5,5,5,5,5,5,5,5,5,5,5,5,5,5,5,5,5,5,5,5,5,5,5,5,5,5,5,5,5,5,5,5,5,5,5,5,5,5,5,5,5,5,5,5,5,5,5,5,5,5,5
17908,17909,17910,17911,5,72,5,17912,4004,17913,17914,17915,17916,17917,17918,5,17919,17920,17921,17922,17923,5,5,17924,5,17925,17926,17927,5,17928,5,5,5,17929,17930,5,17908,5,5,5,5,5,5,5,5,17931,5,5,5,17932,5,5,5,17933,17934,5,5,17935,5,17936,17937,5,11008,5,5,5,5,5,5,5,17938,5,5,5,5,5,5,5,5,17939,17940,5,17941,5,17942,17943,5,17944,5,5,17945,5,5,5,5,5,5,5,5,5,5,5,5,5,5,5,5,5,5,5,5,5,5,5,5,5,5,5,5,5,5,5,5,5,5,5,5,5,5,5,5,5,5,5,5,5,5,5,5,5,5,5,5,5,5,5,5,5,5,5,5,5,5,5,5,5,5,5,5,5,5,5,5,5,5,5,5,5,5,5,5,5,5,5,5,5,5,5,5,5,5,5,5,5,5,5,5,5,5,5,5,5,5,5,5,5,5,5,5,5,5,5,5,5,5,5,5,5,5,5,5,5,5,5,5,5,5,5,5,5,5,5,5
17946,17947,17948,17949,5,72,5,17950,17951,17952,17953,1773,1022,1023,17954,5,17955,17956,17957,17958,17959,5,5,17960,17961,17962,17963,5,5,17964,15167,5,5,17965,5,17966,17946,17967,5,5,5,5,5,5,5,17968,5,5,5,17969,5,17970,5,17971,17972,5,5,5,15176,15177,5,5,5,5,5,5,5,5,5,5,17973,5,5,5,5,5,5,5,5,17974,17975,5,5,5,5,5,5,5,5,5,5,5,5,5,5,5,5,5,5,5,5,5,5,5,17976,5,5,5,5,5,5,5,5,5,5,5,5,5,5,5,5,5,5,5,5,5,5,5,5,5,5,5,5,5,5,5,5,5,17977,17960,5,5,5,5,5,5,5,5,5,5,5,5,5,5,5,5,5,5,5,5,5,17978,5,5,5,5,5,5,5,5,17979,5,5,5,5,5,5,5,5,5,5,5,5,5,5,5,5,5,5,5,5,5,5,5,5,5,5,5,5,5,5,5,5,5,5,5,5,5,5,5,5,5,5,5,5,5,5,5,5,5,5,5,5
17980,17981,5,17982,5,72,5,17983,282,17984,17985,4116,17986,17987,17988,5,17989,17990,17991,17992,17993,5,5,17994,17995,17996,17997,17998,5,5,5,5,5,5,5,5,17980,5,5,5,5,17980,5,5,5,17999,5,5,5,18000,5,18001,5,5,18002,5,5,18003,18004,5,5,5,18005,5,5,5,5,5,5,5,18006,5,5,5,5,5,5,5,5,5,18007,5,5,5,5,5,5,5,5,18008,5,5,5,5,5,5,5,5,5,5,5,5,5,5,5,5,5,5,5,5,5,5,5,5,5,5,5,5,5,5,5,5,5,5,5,5,5,5,5,5,5,5,18009,5,5,5,5,5,5,5,5,5,5,5,5,5,5,5,5,5,5,5,5,5,5,5,5,5,5,5,5,5,5,5,5,5,5,5,5,5,5,5,5,5,5,5,5,5,5,5,5,5,5,5,5,5,5,5,5,5,5,5,5,5,5,5,5,5,5,5,5,5,5,5,5,5,5,5,5,5,5,5,5,5,5,5,5,5,5,5,5,5,5
18010,18011,1178,18012,5,72,5,18013,10745,18014,18015,1884,11818,1185,18016,5,18017,18018,18019,18020,18021,5,5,18022,18023,18024,1781,18025,5,1867,5,5,5,18026,5,5,18010,5,5,5,5,18010,5,5,5,18027,5,5,5,18028,5,18029,5,5,18030,5,5,1785,5,5,5,5,18031,18032,5,5,5,5,5,5,18033,5,5,5,5,5,5,5,5,18034,18035,5,5,5,5,5,5,5,5,5,5,5,5,5,5,5,5,5,5,5,5,5,5,5,5,18036,5,5,5,5,5,5,5,5,5,5,5,5,5,5,5,5,5,5,5,5,5,5,5,5,5,5,5,5,5,5,5,5,18037,5,5,5,5,18038,5,5,5,5,5,5,5,5,5,5,5,5,5,5,5,5,5,5,5,5,5,5,5,5,5,5,5,5,5,5,5,18039,5,5,5,5,5,5,5,5,5,5,5,5,5,5,5,5,5,5,5,5,5,5,5,5,5,5,5,5,5,5,5,5,5,5,5,5,5,5,5,5,5,5,5,5,5,5,5
18040,18041,18042,18043,5,72,5,18044,13929,18045,18046,699,18047,5621,18048,5,18049,18050,18051,18052,18053,5,5,18054,5,18055,18056,18057,5,18058,5,18059,5,18060,5,5,18040,5,5,5,5,5,5,5,5,18061,5,5,5,18062,5,18063,5,18064,18065,5,5,5,18066,5,5,2913,5,18067,5,18068,5,5,5,5,18069,5,5,5,5,5,5,5,5,18070,5,5,5,5,5,5,5,5,5,18071,18072,5,5,5,5,5,5,5,5,5,5,5,5,5,5,5,5,5,5,5,5,5,5,5,5,5,5,5,5,5,18051,5,5,5,5,5,5,5,5,5,5,5,5,5,5,5,5,5,5,5,5,5,5,18073,5,5,5,5,5,5,5,5,5,5,5,5,5,5,5,5,5,5,5,5,5,5,5,5,5,5,5,5,5,5,5,5,5,5,5,5,5,5,5,5,5,5,5,5,5,5,5,5,5,5,5,5,5,5,5,5,5,5,5,5,5,5,5,5,5,5,5,5,5,5,5,5,5,5,5,5,5,5,5
18074,18075,5,18076,5,72,5,18077,9037,18078,18079,4007,6187,1143,18080,5,18081,18082,18083,18052,18084,5,5,18085,18086,18055,18056,18057,5,18058,5,18087,5,18088,5,5,18074,5,5,5,5,18074,5,5,5,18089,5,5,5,18062,5,18063,5,18064,18065,5,5,5,18066,5,5,2913,5,18067,5,18090,5,5,5,5,18091,5,5,5,5,5,5,5,5,18092,18093,5,5,5,18094,5,5,18095,5,18071,18072,5,5,5,5,5,5,5,5,5,5,5,5,5,5,5,18096,5,5,5,5,5,5,5,5,5,5,5,5,5,5,5,5,5,5,5,5,5,5,18097,5,5,5,5,5,5,5,5,18098,5,5,5,5,18099,5,5,5,5,5,5,5,5,5,5,5,5,5,5,5,5,5,5,5,5,5,5,5,5,5,5,5,5,5,5,5,5,5,5,5,5,5,5,5,5,5,5,5,5,5,5,5,5,5,5,5,5,5,5,5,5,5,5,5,5,5,5,5,5,5,5,5,5,5,5,5,5,5,5,5,5,5,5,5
18100,18101,18102,18076,5,72,5,18103,8637,18104,18105,4748,18106,18107,18080,5,18108,18109,18110,18052,18111,5,5,18112,18086,18055,18056,18057,5,18058,5,18113,5,18060,5,5,18100,5,5,5,5,18100,5,5,5,18114,5,5,5,18062,5,18063,5,18064,18065,5,5,5,18066,5,5,2913,5,18067,5,18090,5,5,5,5,18115,5,5,5,5,5,5,5,5,18116,5,5,5,5,18094,5,5,18095,5,18071,18072,5,5,5,5,5,5,5,5,5,5,5,5,5,5,5,18117,5,5,5,5,5,5,5,5,5,5,5,5,5,5,5,5,5,5,5,5,5,5,18097,5,5,5,5,5,5,5,5,5,5,5,5,5,18118,5,5,5,5,5,5,5,5,5,5,5,5,5,5,5,5,5,5,5,5,5,5,5,5,5,5,5,5,5,5,5,5,5,5,5,5,5,5,5,5,5,5,5,5,5,5,5,5,5,5,5,5,5,5,5,5,5,5,5,5,5,5,5,5,5,5,5,5,5,5,5,5,5,5,5,5,5,5,5
18119,18120,18121,18122,5,137,5,18123,10204,18124,18125,850,190,191,18126,18127,18128,18129,18130,18131,18132,5,5,18133,18134,17436,17437,17438,5,18135,5,5,5,18136,5,18137,18119,18138,5,5,5,18119,5,5,5,18139,5,5,5,17446,5,18140,18119,18141,18142,5,18119,5,5,5,17451,18143,5,17452,5,18144,5,18145,18146,18147,18148,18133,18119,18149,5,5,5,5,5,5,5,18150,5,5,5,5,5,5,5,5,17462,5,18151,18152,5,18153,18154,18155,5,5,5,5,5,5,5,5,5,5,5,5,5,5,5,5,5,5,5,18156,5,5,5,5,5,5,5,5,5,5,5,5,5,5,5,18157,5,5,5,5,5,5,5,5,5,18158,18159,5,5,5,5,5,5,5,5,5,5,5,5,5,5,5,5,5,5,5,5,5,5,5,5,5,5,5,5,5,5,5,5,5,5,5,5,5,5,5,5,5,5,5,5,5,5,5,5,5,5,5,5,5,5,5,5,5,5,5,5,5,5,5,5,5,5,5,5,5,5,5,5,5,5,5,5,5,5
18160,18161,18162,18163,5,137,5,18164,27,18165,18166,850,190,191,18167,18168,18169,18170,18171,18172,18173,5,5,18174,18175,17436,17437,17438,5,18135,5,5,5,18176,18177,18178,18160,18179,5,18160,5,18160,18160,18160,5,18180,5,5,5,17446,5,18140,18160,18181,18182,5,18160,5,5,5,17451,18143,5,17452,5,18183,5,18184,18185,18186,18187,18174,18160,18188,5,5,5,5,5,5,5,18189,5,5,5,5,5,5,5,5,17462,5,5,5,5,5,5,5,5,5,5,5,5,5,5,5,5,5,5,5,5,5,5,5,5,5,5,5,5,5,5,5,5,5,5,18190,5,5,5,5,5,5,5,18157,5,5,5,1326,5,5,5,5,5,18158,18191,5,5,5,5,5,5,5,5,5,5,5,5,5,5,5,5,5,5,5,5,5,5,5,5,5,5,5,5,5,5,5,5,5,5,5,5,5,5,5,5,5,5,5,5,5,5,5,5,5,5,5,5,5,5,5,5,5,5,5,5,5,5,5,5,5,5,5,5,5,5,5,5,5,5,5,5,5,5
18192,18193,18194,18195,5,72,5,18196,18197,18198,18199,221,14075,5395,18200,5,18201,18202,18203,18204,18205,5,5,18206,18207,18208,18209,18210,5,9392,5,5,5,18211,5,18212,5,5,5,5,5,5,5,5,5,18213,5,5,5,18214,5,5,5,18215,18216,5,5,5,5,5,5,5,5,5,5,18217,5,5,5,5,18218,5,5,5,5,5,5,5,5,18219,5,5,5,5,5,5,5,5,5,5,5,5,5,5,5,5,5,5,5,5,5,5,5,5,5,5,5,5,5,5,5,5,5,5,5,5,5,5,5,5,18203,5,5,5,5,5,5,5,5,5,5,5,5,5,5,5,5,5,5,5,5,5,5,5,5,5,5,5,5,5,5,5,5,5,5,5,5,5,5,5,5,5,5,5,5,5,5,5,5,5,5,5,5,5,5,5,5,5,5,5,5,5,5,5,5,5,5,5,5,5,5,5,5,5,5,5,5,5,5,5,5,5,5,5,5,5,5,5,5,5,5,5,5,5,5,5,5,5,5,5,5,5,5
18220,18221,18222,18223,5,137,5,18224,18225,18226,18227,10112,190,191,18228,18229,18230,18231,18232,18233,18234,18235,5,18236,18237,18238,18239,18240,5,18241,5,5,5,18176,18242,18243,18220,18244,5,18220,5,18220,5,5,5,18245,5,5,5,18246,5,18247,18220,18248,18249,5,18220,18250,5,5,5,18251,18252,18253,18254,18255,5,18256,18257,18258,18259,18236,18220,18260,5,5,5,5,5,5,5,5,5,5,5,5,5,5,5,5,5,5,5,5,5,5,5,5,5,5,5,5,5,5,5,5,5,5,5,5,5,5,5,5,5,5,5,5,5,5,5,18220,5,5,5,5,5,18261,5,5,5,5,5,5,5,5,5,5,5,5,5,5,5,5,5,5,5,5,5,5,5,5,18262,5,5,5,5,5,5,5,5,5,5,5,5,5,5,5,5,5,5,5,5,5,5,18263,5,5,5,5,5,5,5,5,5,5,18264,5,5,5,5,5,5,5,5,5,5,5,5,5,5,5,5,5,5,5,5,5,5,5,5,5,5,5,5,5,5,5,5,5,5,5,5
18265,18266,18267,18268,5,216,5,18269,18270,18271,18272,699,1266,354,18273,18274,18275,18276,18277,18278,18279,5,5,18280,18281,18282,18239,18240,5,1867,5,5,5,18283,5,5,18265,5,5,5,5,5,5,5,5,18284,5,5,5,18285,5,18247,5,18248,18286,5,5,18250,5,5,5,18251,18252,18287,18288,18289,5,5,18290,18291,5,5,5,5,5,5,5,5,5,5,5,5,5,18265,5,5,5,5,5,5,5,5,5,5,5,5,5,5,5,5,5,5,5,5,5,18292,5,5,5,5,5,5,5,5,5,5,5,5,5,5,5,5,5,5,5,5,5,18293,5,18294,5,5,5,5,5,5,5,5,5,5,5,5,5,5,5,5,5,5,5,5,5,5,5,5,5,5,5,5,5,5,5,5,5,5,5,5,5,5,5,5,5,5,5,5,5,18295,5,5,5,5,5,5,5,5,5,5,5,5,5,5,5,5,5,5,5,5,5,5,5,5,5,5,5,5,5,5,5,5,5,5,5,5,5,5,5,5,5,5,5,5,5,5,5
18296,18297,3817,4,5,216,5,18298,12713,18299,18300,3080,1375,1376,18301,5,18302,18303,18304,5,18305,5,5,5,18306,18307,18308,18309,5,18310,5,5,5,18311,5,5,18296,18312,5,5,5,18296,5,18296,5,18313,18314,18315,5,18316,18317,18318,18296,5,18319,18320,18296,18321,5,5,5,18322,5,18323,5,18324,5,18325,18326,5,5,5,18296,18327,5,18328,18329,18330,5,5,5,5,5,5,5,5,5,5,5,5,5,5,5,5,5,5,5,5,5,5,5,5,5,5,5,18331,5,5,5,5,5,5,5,5,5,5,5,5,5,5,5,5,5,5,5,5,5,5,5,5,5,5,5,5,5,5,5,5,5,5,5,5,5,5,5,5,5,5,5,5,5,5,5,5,5,5,5,5,5,5,5,5,5,5,5,5,5,5,18332,5,5,5,5,5,5,5,5,5,5,5,5,5,5,5,5,5,5,5,5,5,5,5,5,5,5,5,5,5,5,5,5,5,5,5,5,5,5,5,5,5,5,5,5,5,5,5,5,5,5,5,5,5,5
18333,18334,18335,18336,5,137,5,18337,27,18338,18339,9474,18340,18341,18342,5,18343,18344,18345,5,18346,5,5,18347,18175,17436,17437,17438,5,18135,5,5,5,18348,5,5,18333,18349,5,5,5,5,5,5,5,18350,5,5,5,5,5,18140,5,18141,5,5,5,5,5,5,17451,18143,5,17452,5,5,5,5,5,5,5,5,5,5,5,5,5,5,5,5,5,18351,5,5,5,5,5,5,5,5,17462,5,5,5,5,5,5,5,5,5,5,5,5,5,5,5,5,5,5,5,5,5,5,5,5,5,5,5,5,5,5,5,5,5,5,5,5,5,5,5,5,5,5,5836,5,5,5,5,5,5,5,5,5,18158,5,5,5,5,5,5,5,5,5,5,5,5,5,5,5,5,5,5,5,5,5,5,5,5,5,5,5,5,5,5,5,5,5,5,5,5,5,5,5,5,5,5,5,5,5,5,5,5,5,5,5,5,5,5,5,5,5,5,5,5,5,5,5,5,5,5,5,5,5,5,5,5,5,5,5,5,5,5,5
18352,18353,5,18354,5,72,5,18355,18356,18357,18358,142,18359,18360,18361,5,18362,18363,18364,18365,18366,5,5,18367,5,18368,18369,18370,5,18371,5,5,5,18372,5,5,18352,5,5,5,5,18352,5,5,5,18373,5,5,5,18374,5,18375,5,18376,18377,5,5,2337,5,18378,5,5,18379,2339,5,5,5,5,5,5,18380,5,5,5,5,5,5,5,5,18381,18382,5,18383,5,18384,18385,5,18386,5,18387,18388,5,5,5,5,5,5,5,5,5,5,5,5,5,5,18389,5,5,5,5,5,5,5,5,5,5,5,5,5,5,5,5,5,5,5,5,5,5,5,5,5,5,5,5,5,5,5,5,5,5,5,18390,5,5,5,5,5,5,5,5,5,5,5,5,5,5,5,5,5,5,5,5,5,5,5,5,5,5,5,5,5,5,5,5,5,5,5,5,5,5,5,5,5,5,5,5,5,5,5,5,5,5,5,5,5,5,5,5,5,5,5,5,5,5,5,5,5,5,5,5,5,5,5,5,5,5,5,5,5,5,5,5,5
18391,18392,13558,18354,5,72,5,18393,9962,18394,18395,6221,13562,5433,18361,5,18396,18397,18398,18365,18399,5,5,18400,5,18368,18369,18370,5,18371,5,5,5,18372,5,5,18391,5,5,5,5,18391,5,5,5,18401,5,5,5,18374,5,5,5,18376,18377,5,5,2337,5,18378,5,5,18379,2339,5,5,5,5,5,5,18402,5,5,5,5,5,5,5,5,18403,5,5,18383,5,18384,18385,5,18386,5,18387,18388,5,5,5,5,5,5,5,5,5,5,5,5,5,5,18404,5,5,5,5,5,5,5,5,5,5,5,5,5,5,5,5,5,5,5,5,5,5,5,5,5,5,5,5,5,5,5,5,5,5,5,5,5,5,5,5,5,5,5,5,5,5,5,5,5,5,5,5,5,5,5,5,5,5,5,5,5,5,5,5,5,5,5,5,5,5,5,5,5,5,5,5,5,5,5,5,5,5,5,5,5,5,5,5,5,5,5,5,5,5,5,5,5,5,5,5,5,5,5,5,5,5,5,5,5,5,5,5,5,5,5,5,5
18405,18406,17579,18354,5,72,5,18407,18408,18409,18410,1183,17583,2559,18361,5,18411,18412,18413,18365,18414,5,5,18415,5,18368,18369,18370,5,18371,5,5,5,18372,5,5,18405,5,5,5,5,5,5,5,5,18416,5,5,5,18374,5,18375,5,18376,18377,5,5,2337,5,18378,5,5,18379,2339,5,13492,5,5,5,5,18417,5,5,5,5,5,5,5,5,18418,5,5,18383,5,18384,18385,5,18386,5,18387,18388,5,5,5,5,5,5,5,5,5,5,5,5,5,5,18419,5,5,5,5,5,5,5,5,5,5,5,5,18420,5,5,5,5,5,5,5,5,5,5,5,5,5,5,5,5,5,5,5,5,5,5,5,5,5,5,5,5,5,5,5,5,5,5,5,5,5,5,5,5,5,5,5,5,5,5,5,5,5,5,5,5,5,5,5,5,5,5,5,5,5,5,5,5,5,5,5,5,5,5,5,5,5,5,5,5,5,5,5,5,5,5,5,5,5,5,5,5,5,5,5,5,5,5,5,5,5,5,5,5,5,5,5,5
18421,18422,5,18423,5,72,5,18424,2575,18425,18426,1141,18427,18428,18429,5,18430,18431,18432,18433,18434,5,5,18435,5,18436,18437,17927,5,18371,5,5,5,18438,5,5,18421,5,5,5,5,18421,5,5,5,18439,5,5,5,18374,5,18440,5,18441,18442,5,5,17935,5,18443,5,5,11008,5,5,5,5,5,5,5,18444,5,5,5,5,5,5,5,18445,18446,18447,5,18448,5,18449,18450,5,18451,5,18452,18453,5,5,5,5,5,5,5,5,5,5,5,5,5,5,5,18454,5,5,5,5,5,5,5,5,5,5,5,5,5,5,5,5,5,5,5,5,5,5,5,5,5,5,5,18455,5,5,5,5,5,5,5,5,5,5,5,5,5,5,5,5,5,5,5,5,5,5,5,5,5,5,5,5,5,5,5,5,5,5,5,5,5,5,5,5,5,5,5,5,5,5,5,5,5,5,5,5,5,5,5,5,5,5,5,5,5,5,5,5,5,5,5,5,5,5,5,5,5,5,5,5,5,5,5,5,5,5,5,5,5,5,5,5
18456,18457,18458,18459,5,72,5,18460,738,18461,18462,8049,18463,3975,18429,5,18464,18465,18466,18467,18468,5,5,18469,5,18436,17926,17927,5,18371,5,5,5,18438,5,5,18456,5,5,5,5,18456,5,5,5,18470,5,5,5,18374,5,5,5,18441,18471,5,5,17935,5,18443,17937,5,11008,5,5,5,5,5,5,5,18472,5,5,5,5,5,5,5,18473,18474,18475,5,18448,5,18449,18450,5,18451,5,18452,18453,5,5,5,5,5,5,5,5,5,5,5,5,5,5,5,18476,5,5,5,5,5,5,5,5,5,5,5,5,5,5,5,5,5,5,5,5,5,5,5,5,5,5,5,18477,5,5,5,18478,5,5,5,5,5,5,5,5,5,5,5,5,5,5,5,5,5,5,5,5,5,5,5,5,5,5,5,5,5,5,5,5,5,5,5,5,5,5,5,5,5,5,5,5,5,5,5,5,5,5,5,5,5,5,5,5,5,5,5,5,5,5,5,5,5,5,5,5,5,5,5,5,5,5,5,5,5,5,5,5,5,5,5,5
18479,18480,18481,18423,5,72,5,18482,1204,18483,18484,352,18485,18486,18429,5,18487,18488,18489,18467,18490,5,5,18491,5,18436,18437,17927,5,18371,5,5,5,18438,5,5,18479,5,5,5,5,18479,5,5,5,18492,5,5,5,18374,5,18440,5,18441,18442,5,5,17935,5,18443,5,5,11008,5,5,5,5,5,5,5,18493,5,5,5,5,5,5,5,18494,18495,18496,5,18448,5,18449,18450,5,18451,5,18452,18453,5,5,5,5,5,5,5,5,5,5,5,5,5,5,5,18497,5,5,5,5,5,5,5,5,5,5,5,5,5,5,5,5,5,5,5,5,5,5,5,5,5,5,5,18498,5,5,5,5,5,5,5,5,5,5,5,5,5,5,5,5,5,5,5,5,5,5,5,5,5,5,5,5,5,5,5,5,5,5,5,5,5,5,5,5,5,5,5,5,5,5,5,5,5,5,5,5,5,5,5,5,5,5,5,5,5,5,5,5,5,5,5,5,5,5,5,5,5,5,5,5,5,5,5,5,5,5,5,5,5,5,5,5
18499,18500,5,18423,5,72,5,18501,4792,18502,18503,2530,18504,6773,18429,5,18505,18506,18507,18467,18508,5,5,18509,5,18436,18437,17927,5,18371,5,5,5,18438,5,5,18499,18510,5,5,5,18499,5,5,5,18511,5,5,5,18374,5,18440,5,18441,18442,5,5,17935,5,18443,5,5,11008,5,5,5,5,5,5,5,18512,5,5,5,5,5,5,5,18494,18513,18514,5,18448,5,18449,18450,5,18451,5,18452,18453,5,5,5,5,5,5,5,5,5,5,5,5,5,5,5,18515,5,5,5,5,5,5,5,5,5,5,5,5,5,5,5,5,5,5,5,5,5,5,5,5,5,5,5,18498,5,5,5,5,5,5,5,5,5,5,5,5,5,5,5,5,5,5,5,5,5,5,5,5,5,5,5,5,5,5,5,5,5,5,5,5,5,5,5,5,5,5,5,5,5,5,5,5,5,5,5,5,5,5,5,5,5,5,5,5,5,5,5,5,5,5,5,5,5,5,5,5,5,5,5,5,5,5,5,5,5,5,5,5,5,5,5,5
18516,18517,6068,18459,5,72,5,18518,4243,18519,18520,18521,6073,6074,18429,5,18522,18523,18524,18467,18525,5,5,18526,5,18436,18527,17927,5,18528,5,5,5,18438,5,5,18516,5,5,5,5,5,5,5,5,18529,5,5,5,18374,5,18440,5,18441,18442,5,5,17935,5,18443,18530,5,11008,5,5,5,5,5,5,5,18531,5,5,5,5,5,5,5,18532,18533,18534,5,18448,5,18449,18450,5,18451,5,18452,18453,5,5,5,5,5,5,5,5,5,5,5,5,5,5,5,18535,5,5,5,5,5,5,5,5,5,5,5,5,5,5,5,5,5,5,5,5,5,5,5,5,5,5,5,18536,5,5,5,5,5,5,5,5,5,5,5,5,5,5,5,5,5,5,5,5,5,5,5,5,5,5,5,5,5,5,5,5,5,5,5,5,5,5,5,5,5,5,5,5,5,5,5,5,5,5,5,5,5,5,5,5,5,5,5,5,5,5,5,5,5,5,5,5,5,5,5,5,5,5,5,5,5,5,5,5,5,5,5,5,5,5,5,5
18537,18538,6086,18423,5,72,5,18539,2575,18540,18541,6091,6092,6093,18429,5,18542,18543,18544,18545,18546,5,5,18547,5,18436,18527,17927,5,18528,5,5,5,18438,5,5,18537,5,5,5,5,18537,5,5,5,18548,5,5,5,18374,5,5,5,18441,18549,5,5,17935,5,18443,18530,5,11008,5,5,5,5,5,5,5,18550,5,5,5,5,5,5,5,18551,18552,18553,5,18448,5,18449,18450,5,18451,5,18452,18453,5,5,5,5,5,5,5,5,5,5,5,5,5,5,5,18554,5,5,5,5,5,5,5,5,5,5,5,18555,5,5,5,5,5,5,5,5,5,5,5,5,5,5,5,18455,5,5,5,5,5,5,5,5,5,5,5,5,5,5,5,5,5,5,5,5,5,5,5,5,5,5,5,5,5,5,5,5,5,5,5,5,5,5,5,5,5,5,5,5,5,5,5,5,5,5,5,5,5,5,5,5,5,5,5,5,5,5,5,5,5,5,5,5,5,5,5,5,5,5,5,5,5,5,5,5,5,5,5,5,5,5,5,5
18556,18557,18558,18423,5,72,5,18559,10954,18560,18561,6091,18562,18563,18429,5,18564,18565,18566,18467,18567,5,5,18568,5,18436,18437,17927,5,18371,5,5,5,18438,5,5,18556,18569,5,5,5,18556,5,5,5,18570,5,5,5,18374,5,18440,5,18441,18442,5,5,17935,5,18443,5,5,11008,5,5,5,5,5,5,5,18571,5,5,5,5,5,5,5,18572,18573,18574,5,18448,5,18449,18450,5,18451,5,18452,18453,5,5,5,5,5,5,5,5,5,5,5,5,5,5,5,18575,5,5,5,5,5,5,5,5,5,5,5,18555,5,5,5,5,5,5,5,5,5,5,5,5,5,5,5,18576,5,5,5,5,5,5,5,5,5,5,5,5,5,5,5,5,5,5,5,5,5,5,5,5,5,5,5,5,5,5,5,5,5,5,5,5,5,5,5,5,5,5,5,5,5,5,5,5,5,5,5,5,5,5,5,5,5,5,5,5,5,5,5,5,5,5,5,5,5,5,5,5,5,5,5,5,5,5,5,5,5,5,5,5,5,5,5,5
18577,18578,18579,18423,5,72,5,18580,18581,18582,18583,1516,18584,18585,18429,18586,18587,18588,18589,18467,18590,5,5,18591,5,18436,18527,17927,5,18528,5,5,5,18438,5,5,18577,18592,5,5,5,18577,5,5,5,18593,5,5,5,18374,5,18440,5,18441,18442,5,5,17935,5,18443,18530,5,11008,5,5,5,5,5,5,5,18594,5,5,5,5,5,5,5,18595,18596,18597,5,18448,5,18449,18450,5,18451,5,18452,18453,5,5,5,5,5,5,5,5,5,5,5,5,5,5,5,18598,5,5,5,5,5,5,5,5,5,5,5,5,5,5,5,5,5,5,5,5,5,5,5,5,5,5,5,18599,5,5,5,5,5,5,5,5,5,5,5,5,5,5,5,5,5,5,5,5,5,5,5,5,5,5,5,5,5,5,5,5,5,5,5,5,5,5,5,5,5,5,5,5,5,5,5,5,5,5,5,5,5,5,5,5,5,5,5,5,5,5,5,5,5,5,5,5,5,5,5,5,5,5,5,5,5,5,5,5,5,5,5,5,5,5,5,5
18600,18601,18602,18423,5,72,5,18603,1630,18604,18605,390,18606,7707,18429,5,18607,18608,18609,18467,18610,5,5,18611,5,18436,18437,17927,5,18371,5,5,5,18438,5,5,18600,5,5,5,5,18600,5,5,5,18612,5,5,5,18374,5,18440,5,18441,18442,5,5,17935,5,18443,5,5,11008,5,5,5,5,5,5,5,18613,5,5,5,5,5,5,5,18614,18615,18616,5,18448,5,18449,18450,5,18451,5,18452,18453,5,5,5,5,5,5,5,5,5,5,5,5,5,5,5,18454,5,5,5,5,5,5,5,5,5,5,5,5,5,5,5,5,5,5,5,5,5,5,5,5,5,5,5,18617,5,5,5,5,5,5,5,5,5,5,5,5,5,5,5,5,5,5,5,5,5,5,5,5,5,5,5,5,5,5,5,5,5,5,5,5,5,5,5,5,5,5,5,5,5,5,5,5,5,5,5,5,5,5,5,5,5,5,5,5,5,5,5,5,5,5,5,5,5,5,5,5,5,5,5,5,5,5,5,5,5,5,5,5,5,5,5,5
18618,18619,18620,18459,5,72,5,18621,18622,18623,18624,1773,18625,18626,18627,5,18628,18629,18630,18467,18631,5,5,18632,5,18436,18527,17927,5,18528,5,5,5,18438,5,18633,18618,18634,5,5,5,18618,5,5,5,18635,5,5,5,18374,5,5,5,18441,18442,5,5,17935,5,18443,18530,5,11008,5,5,5,5,5,5,5,18636,5,5,5,5,5,5,5,18637,5,18638,5,18448,5,18449,18450,5,18451,5,18639,18453,5,5,5,5,5,5,5,5,5,5,5,5,5,5,5,18640,5,5,5,5,5,5,5,5,5,5,5,5,5,5,5,5,5,5,5,5,5,5,5,5,5,5,5,18641,5,5,5,5,5,5,5,5,5,5,5,5,5,5,5,5,5,5,5,5,5,5,5,5,5,5,5,5,5,5,5,5,5,5,5,5,5,5,5,5,5,5,5,5,5,5,5,5,5,5,5,5,5,5,5,5,5,5,5,5,5,5,5,5,5,5,5,5,5,5,5,5,5,5,5,5,5,5,5,5,5,5,5,5,5,5,5,5
18642,18643,4092,18423,5,72,5,18644,1204,18645,18646,4007,4096,4097,18429,5,18647,18648,18649,18467,18650,5,5,18651,5,18436,18527,17927,5,18528,5,5,5,18438,5,5,18642,18652,5,5,5,18642,5,5,5,18653,5,5,5,18374,5,18440,5,18441,18442,5,5,17935,5,18443,18530,5,11008,5,5,5,5,5,5,5,18654,5,5,5,5,5,5,5,18637,18655,18656,5,18448,5,18449,18450,5,18451,5,18452,18453,5,5,5,5,5,5,5,5,5,5,5,5,5,5,5,18497,5,5,5,5,5,5,5,5,5,5,5,5,5,5,5,5,5,5,5,5,5,5,5,5,5,5,5,18657,5,5,5,18658,5,5,5,5,5,5,5,5,5,5,5,5,5,5,5,5,5,5,5,5,5,5,5,5,5,5,5,5,5,5,5,5,5,5,5,5,5,5,5,5,5,5,5,5,5,5,5,5,5,5,5,5,5,5,5,5,5,5,5,5,5,5,5,5,5,5,5,5,5,5,5,5,5,5,5,5,5,5,5,5,5,5,5,5
18659,18660,5,18423,5,72,5,18661,4792,18662,18663,4171,18664,18665,18429,5,18666,18667,18668,18467,18669,5,5,18670,5,18436,18527,17927,5,18528,5,5,5,18438,5,5,18659,18671,5,5,5,18659,5,5,5,18672,5,5,5,18374,5,18440,5,18441,18442,5,5,17935,5,18443,18530,5,11008,5,5,5,5,5,5,5,18673,5,5,5,5,5,5,5,18674,18675,18676,5,18448,5,18449,18450,5,18451,5,18452,18453,5,5,5,5,5,5,5,5,5,5,5,5,5,5,5,18677,5,5,5,5,5,5,5,5,5,5,5,5,5,5,5,5,5,5,5,5,5,5,5,5,5,5,5,18678,5,5,5,5,5,5,5,5,5,5,5,5,5,5,5,5,5,5,5,5,5,5,5,5,5,5,5,5,5,5,5,5,5,5,5,5,5,5,5,5,5,5,5,5,5,5,5,5,5,5,5,5,5,5,5,5,5,5,5,5,5,5,5,5,5,5,5,5,5,5,5,5,5,5,5,5,5,5,5,5,5,5,5,5,5,5,5,5
18679,18680,12529,18423,5,72,5,18681,4322,18682,18683,2317,12533,5433,18429,5,18684,18685,18686,18467,18687,5,5,18688,5,18436,18527,17927,5,18528,5,5,5,18438,5,5,18679,18689,5,5,5,18679,5,5,5,18690,5,5,5,18374,5,18440,5,18441,18442,5,5,17935,5,18443,18530,5,11008,5,5,13492,5,5,5,5,18691,5,5,5,5,5,5,5,18692,18693,18694,5,18448,5,18449,18450,5,18451,5,18452,18453,5,5,5,5,5,5,5,5,5,5,5,5,5,5,5,18695,5,5,5,5,5,5,5,5,5,5,5,18555,5,5,5,5,5,5,5,5,5,5,5,5,5,5,5,18696,5,5,5,5,5,5,5,5,5,5,5,5,5,5,5,5,5,5,5,5,5,5,5,5,5,5,5,5,5,5,5,5,5,5,5,5,5,5,5,5,5,5,5,5,5,5,5,5,5,5,5,5,5,5,5,5,5,5,5,5,5,5,5,5,5,5,5,5,5,5,5,5,5,5,5,5,5,5,5,5,5,5,5,5,5,5,5,5
18697,18698,5,18423,5,72,5,18699,18581,18700,18701,564,8722,8723,18429,5,18702,18703,18704,18467,18705,5,5,18706,5,18436,18527,17927,5,18528,5,5,5,18438,5,5,18697,18707,5,5,5,18697,5,5,5,18708,5,5,5,18374,5,18440,5,18441,18442,5,5,17935,5,18443,18530,5,11008,5,5,5,5,5,5,5,18709,5,5,5,5,5,5,5,18595,18710,18711,5,18448,5,18449,18450,5,18451,5,18452,18453,5,5,5,5,5,5,5,5,5,5,5,5,5,5,5,18712,5,5,5,5,5,5,5,5,5,5,5,5,5,5,5,5,5,5,5,5,5,5,5,5,5,5,5,18713,5,5,5,5,5,5,5,5,5,5,5,5,5,5,5,5,5,5,5,5,5,5,5,5,5,5,5,5,5,5,5,5,5,5,5,5,5,5,5,5,5,5,5,5,5,5,5,5,5,5,5,5,5,5,5,5,5,5,5,5,5,5,5,5,5,5,5,5,5,5,5,5,5,5,5,5,5,5,5,5,5,5,5,5,5,5,5,5
18714,18715,18716,18423,5,72,5,18717,11883,18718,18719,6170,18720,18721,18429,5,18722,18723,18724,18467,18725,5,5,18726,5,18436,18437,17927,5,18371,5,5,5,18438,5,5,18714,18727,5,5,5,5,5,18714,5,18728,5,5,5,18374,5,5,5,18441,18549,5,5,17935,5,18443,5,5,11008,5,5,373,5,5,5,5,18729,5,5,5,5,5,5,5,18730,18731,5,5,18448,5,18449,18450,5,18451,5,18452,18453,5,5,5,5,5,5,5,5,5,5,5,5,5,5,5,18732,5,5,5,5,5,5,5,5,5,5,5,18733,5,5,5,5,5,5,5,5,5,5,5,5,5,5,5,18734,5,5,5,5,5,5,5,5,18735,5,5,5,5,5,5,5,5,5,5,5,5,5,5,5,5,5,5,5,5,5,5,5,5,5,5,5,5,5,5,5,5,5,5,5,5,5,5,5,5,5,5,5,5,5,5,5,5,5,5,5,5,5,5,5,5,5,5,5,5,5,5,5,5,5,5,5,5,5,5,5,5,5,5,5,5,5,5,5
18736,18737,5,18423,5,72,5,18738,4022,18739,18740,4007,18741,5451,18429,5,18742,18743,18744,18467,18745,5,5,18746,5,18436,18437,17927,5,18371,5,5,5,18438,5,5,18736,5,5,5,5,18736,5,5,5,18747,5,5,5,18374,5,18748,5,18441,18549,5,5,17935,5,18443,5,5,11008,5,5,5,5,5,5,5,18749,5,5,5,5,5,5,5,18750,18751,5,5,18448,5,18449,18450,5,18451,5,18452,18453,5,5,5,5,5,5,5,5,5,5,5,5,5,5,5,18554,5,5,5,5,5,5,5,5,5,5,5,5,5,5,5,5,5,5,5,5,5,5,5,5,5,5,5,18752,5,5,5,5,5,5,5,5,5,5,5,5,5,5,5,5,5,5,5,5,5,5,5,5,5,5,5,5,5,5,5,5,5,5,5,5,5,5,5,5,5,5,5,5,5,5,5,5,5,5,5,5,5,5,5,5,5,5,5,5,5,5,5,5,5,5,5,5,5,5,5,5,5,5,5,5,5,5,5,5,5,5,5,5,5,5,5,5
18753,18754,6332,18423,5,72,5,18755,4502,18756,18757,8049,6338,5470,18429,5,18758,18759,18760,18467,18761,5,5,18762,5,18436,18527,17927,5,18528,5,5,5,18438,5,5,18753,18763,5,5,5,5,5,5,5,18764,5,5,5,18374,5,18440,5,18441,18442,5,5,17935,5,18443,18530,5,11008,5,5,5,5,5,5,5,18765,5,5,5,5,5,5,5,18766,18767,18768,5,18448,5,18449,18450,5,18451,5,18452,18453,5,5,5,5,5,5,5,5,5,5,5,5,5,5,5,18769,5,5,5,5,5,5,5,5,5,5,5,5,5,5,5,5,5,5,5,5,5,5,5,5,5,5,5,18713,5,5,5,5,5,5,5,5,5,5,5,5,5,5,5,5,5,5,5,5,5,5,5,5,5,5,5,5,5,5,5,5,5,5,5,5,5,5,5,5,5,5,5,5,5,5,5,5,5,5,5,5,5,5,5,5,5,5,5,5,5,5,5,5,5,5,5,5,5,5,5,5,5,5,5,5,5,5,5,5,5,5,5,5,5,5,5,5
18770,18771,5,18423,5,72,5,18772,4322,18773,18774,4795,18775,13611,18429,5,18776,18777,18778,18467,18779,5,5,18780,5,18436,18527,17927,5,18528,5,5,5,18438,5,5,18770,18781,5,5,5,18770,5,5,5,18782,5,5,5,18374,5,18440,5,18441,18442,5,5,17935,5,18443,18530,5,11008,5,5,5,5,5,5,5,18783,5,5,5,5,5,5,5,18674,18784,5,5,18448,5,18449,18450,5,18451,5,18452,18453,5,5,5,5,5,5,5,5,5,5,5,5,5,5,5,18677,5,5,5,5,5,5,5,5,5,5,5,18555,5,5,5,5,5,5,5,5,5,5,5,5,5,5,5,18678,5,5,5,5,5,5,5,5,5,5,5,5,5,5,5,5,5,5,5,5,5,5,5,5,5,5,5,5,5,5,5,5,5,5,5,5,5,5,5,5,5,5,5,5,5,5,5,5,5,5,5,5,5,5,5,5,5,5,5,5,5,5,5,5,5,5,5,5,5,5,5,5,5,5,5,5,5,5,5,5,5,5,5,5,5,5,5,5
18785,18786,14927,18423,5,72,5,18787,18788,18789,18790,17400,14932,4213,18429,5,18791,18792,18793,18467,18794,5,5,18795,5,18436,18437,17927,5,18371,5,5,5,18438,5,5,18785,5,5,5,5,18785,5,5,5,18796,5,5,5,18374,5,18748,5,18441,18549,5,5,17935,5,18443,5,5,11008,5,5,5,5,5,5,5,18797,5,5,5,5,5,5,5,18798,18799,5,5,18448,5,18449,18450,5,18451,5,18452,18453,5,5,5,5,5,5,5,5,5,5,5,5,5,5,5,18800,5,5,5,5,5,5,5,5,5,5,5,5,5,5,5,5,5,5,5,5,5,5,5,5,5,5,5,18801,5,5,5,5,5,5,5,5,5,5,5,5,5,5,5,5,5,5,5,5,5,5,5,5,5,5,5,5,5,5,5,5,5,5,5,5,5,5,5,5,5,5,5,5,5,5,5,5,5,5,5,5,5,5,5,5,5,5,5,5,5,5,5,5,5,5,5,5,5,5,5,5,5,5,5,5,5,5,5,5,5,5,5,5,5,5,5,5
18802,18803,18804,18805,5,72,5,18806,6922,18807,18808,6771,18809,3935,18810,5,18811,18812,18813,18814,18815,5,5,18816,5,18817,18818,18819,5,18371,5,5,5,18820,5,5,5,5,5,5,5,18802,5,5,5,18821,5,5,5,18822,5,18823,5,18824,18825,5,5,870,5,5,5,4733,5,18826,5,5,5,5,5,5,18827,5,5,5,5,5,5,5,5,18828,18829,5,18830,5,18831,18832,5,18833,5,18834,18835,18836,5,5,5,5,5,5,5,5,5,5,5,5,5,5,5,5,5,5,5,5,5,5,5,5,5,5,5,5,5,5,5,5,5,5,5,5,5,5,5,5,5,5,5,5,5,5,5,5,5,5,5,5,5,5,5,5,5,5,5,5,5,5,5,5,5,5,5,5,5,5,5,5,5,5,5,5,5,5,5,5,5,5,5,5,5,5,5,5,5,5,5,5,5,5,5,5,5,5,5,5,5,5,5,5,5,5,5,5,5,5,5,5,5,5,5,5,5,5,5,5,5,5,5,5,5,5,5,5,5,5,5
18837,18838,5,18839,5,72,5,18840,18841,18842,18843,8049,18844,1023,18810,5,18845,5,5,5,18846,5,5,5,5,18817,18818,18819,5,18371,5,5,5,18820,5,5,18837,5,5,5,5,5,5,5,5,5,5,5,5,5,5,5,5,5,5,5,5,870,5,5,5,4733,5,18826,5,5,5,5,5,5,5,5,5,5,5,5,5,5,5,5,5,5,18830,5,18831,18832,5,18833,5,18834,18835,18847,5,5,5,5,5,5,5,5,5,5,5,5,5,5,5,5,5,5,5,5,5,5,5,5,5,5,5,5,5,5,5,5,5,5,5,5,5,5,5,5,5,5,5,5,5,5,5,5,5,5,5,5,5,5,5,5,5,5,5,5,5,5,5,5,5,5,5,5,5,5,5,5,5,5,5,5,5,5,5,5,5,5,5,5,5,5,5,5,5,5,5,5,5,5,5,5,5,5,5,5,5,5,5,5,5,5,5,5,5,5,5,5,5,5,5,5,5,5,5,5,5,5,5,5,5,5,5,5,5,5,5
18848,18849,12385,18805,5,72,5,18850,2393,18851,18852,2530,12391,287,18810,5,18853,18854,18855,18856,18857,5,5,18858,5,18859,4722,4723,5,18371,5,5,5,18820,5,5,18848,5,5,5,5,18848,5,5,5,18860,5,5,5,18822,5,18861,5,18824,18862,5,5,870,5,5,5,4733,5,18826,5,5,5,5,5,5,18863,5,5,5,5,5,5,5,5,18864,18865,5,18830,5,18831,18832,5,18833,5,18866,18867,18868,5,5,5,5,5,5,5,5,5,5,5,5,5,5,5,5,5,5,5,5,5,5,5,5,5,5,5,5,5,5,5,5,5,5,5,5,5,5,5,5,5,5,5,5,5,5,5,5,5,5,5,5,5,5,5,5,5,5,5,5,5,5,5,5,5,5,5,5,5,5,5,5,5,5,5,5,5,5,5,5,5,5,5,5,5,5,5,5,5,5,5,5,5,5,5,5,5,5,5,5,5,5,5,5,5,5,5,5,5,5,5,5,5,5,5,5,5,5,5,5,5,5,5,5,5,5,5,5,5,5,5
18869,18870,10402,18871,5,72,5,18872,3598,18873,18874,1884,10408,10409,18810,5,18875,18876,18877,18856,18878,5,5,18879,5,18859,4722,4723,5,18371,5,5,5,18820,5,18880,18869,18881,5,5,5,5,5,5,5,18882,5,5,5,18822,5,18861,5,18824,18862,5,5,870,5,5,5,4733,5,18883,5,5,5,5,5,5,18884,5,5,5,5,5,5,5,5,18885,5,5,18830,5,18831,18832,5,18833,5,18866,18867,18886,5,5,5,5,5,5,5,5,5,5,5,5,5,5,5,5,5,5,5,5,5,5,5,5,5,5,5,5,5,5,5,5,5,5,5,5,5,5,5,5,5,5,5,5,5,5,5,5,5,5,5,5,5,5,5,5,5,5,5,5,5,5,5,5,5,5,5,5,5,5,5,5,5,5,5,5,5,5,5,5,5,5,5,5,5,5,5,5,5,5,5,5,5,5,5,5,5,5,5,5,5,5,5,5,5,5,5,5,5,5,5,5,5,5,5,5,5,5,5,5,5,5,5,5,5,5,5,5,5,5,5
18887,18888,5,18805,5,72,5,18889,18890,18891,18892,3571,18893,18894,18810,5,18895,18896,18897,18856,18898,5,5,18899,5,18859,4722,4723,5,18371,5,5,5,18820,5,5,18887,5,5,5,5,18887,5,5,5,18900,5,5,5,18822,5,18861,5,18824,18862,5,5,870,5,5,5,4733,5,18826,5,5,5,5,5,5,18901,5,5,5,5,5,5,5,5,18902,18903,5,18830,5,18831,18832,5,18833,5,18866,18867,18868,5,5,5,5,5,5,5,5,5,5,5,5,5,5,5,5,5,5,5,5,5,5,5,5,5,5,5,5,5,5,5,5,5,5,5,5,5,5,5,5,5,5,5,5,5,5,5,5,5,5,5,5,5,5,5,5,5,5,5,5,5,5,5,5,5,5,5,5,5,5,5,5,5,5,5,5,5,5,5,5,5,5,5,5,5,5,5,5,5,5,5,5,5,5,5,5,5,5,5,5,5,5,5,5,5,5,5,5,5,5,5,5,5,5,5,5,5,5,5,5,5,5,5,5,5,5,5,5,5,5,5
18904,18905,17542,18805,5,72,5,18906,18890,18907,18908,6170,17546,17547,18810,5,18909,18910,18911,18814,18912,5,5,18913,5,18817,18818,18819,5,18371,5,5,5,18820,5,5,18904,5,5,5,5,18904,5,5,5,18914,5,5,5,18822,5,18823,5,18824,18915,5,5,870,5,5,5,4733,5,18826,5,5,5,5,5,5,18916,5,5,5,5,5,5,5,5,18917,18918,5,18830,5,18831,18832,5,18833,5,18834,18835,18919,5,5,5,5,5,5,5,5,5,5,5,5,5,5,5,5,5,5,5,5,5,5,5,5,5,5,5,5,5,5,5,5,5,5,5,5,5,5,5,5,5,5,5,5,5,5,5,5,5,5,5,5,5,5,5,5,5,5,5,5,5,5,5,5,5,5,5,5,5,5,5,5,5,5,5,5,5,5,5,5,5,5,5,5,5,5,5,5,5,5,5,5,5,5,5,5,5,5,5,5,5,5,5,5,5,5,5,5,5,5,5,5,5,5,5,5,5,5,5,5,5,5,5,5,5,5,5,5,5,5,5
18920,18921,18922,18871,5,72,5,18923,7106,18924,18925,2497,18926,4685,18810,5,18927,18928,18929,18814,18930,5,5,18931,5,18817,18818,18819,5,18371,5,5,5,18820,5,5,18920,5,5,5,5,5,5,5,5,18932,5,5,5,18822,5,5,5,18824,18933,5,5,870,5,5,5,4733,5,18826,5,5,5,5,5,5,18934,5,5,5,5,5,5,5,5,5,18935,5,18830,5,18831,18832,5,18833,5,18834,18835,18936,5,5,5,5,5,5,5,5,5,5,5,5,5,5,5,5,5,5,5,5,5,5,5,5,5,5,5,5,5,5,5,5,5,5,5,5,5,5,5,5,5,5,5,5,5,5,5,5,5,5,5,5,5,5,5,5,5,5,5,5,5,5,5,5,5,5,5,5,5,5,5,5,5,5,5,5,5,5,5,5,5,5,5,5,5,5,5,5,5,5,5,5,5,5,5,5,5,5,5,5,5,5,5,5,5,5,5,5,5,5,5,5,5,5,5,5,5,5,5,5,5,5,5,5,5,5,5,5,5,5,5
18937,18938,1136,18805,5,72,5,18939,11175,18940,18941,1141,1142,1143,18810,5,18942,18943,18944,18814,18945,5,5,18946,5,18817,18818,18819,5,18371,5,5,5,18820,5,5,18937,18947,5,5,5,18937,5,5,5,18948,5,5,5,18822,5,5,5,18824,18933,5,5,870,5,5,5,4733,5,18826,5,5,5,5,5,5,18949,5,5,5,5,5,5,5,5,18950,18951,5,18830,5,18831,18832,5,18833,5,18834,18835,18952,5,5,5,5,5,5,5,5,5,5,5,5,5,5,5,5,5,5,5,5,5,5,5,5,5,5,5,5,5,5,5,5,5,5,5,5,5,5,5,5,5,5,5,5,5,5,18953,5,5,5,5,5,5,5,5,5,5,5,5,5,5,5,5,5,5,5,5,5,5,5,5,5,5,5,5,5,5,5,5,5,5,5,5,5,5,5,5,5,5,5,5,5,5,5,5,5,5,5,5,5,5,5,5,5,5,5,5,5,5,5,5,5,5,5,5,5,5,5,5,5,5,5,5,5,5,5,5,5,5,5,5
18954,18955,18956,18805,5,72,5,18957,2185,18958,18959,17400,18960,18961,18810,5,18962,18963,18964,18814,18965,5,5,18966,5,18817,18818,18819,5,18371,5,5,5,18820,5,5,18954,18967,5,5,5,5,5,5,5,18968,5,5,5,18822,5,18823,5,18824,18933,5,5,870,5,5,5,4733,5,18826,5,5,5,5,5,5,18969,5,5,5,5,5,5,5,5,18970,5,5,18830,5,18831,18832,5,18833,5,18834,18835,18971,5,5,5,5,5,5,5,5,5,5,5,5,5,5,5,5,5,5,5,5,5,5,5,5,5,5,5,5,5,5,5,5,5,5,5,5,5,5,5,5,5,5,5,5,5,5,5,18966,5,5,5,5,5,5,5,5,5,5,5,5,5,5,5,5,5,5,5,5,5,5,5,5,5,5,5,5,5,5,5,5,5,5,5,5,5,5,5,5,5,5,5,5,5,5,5,5,5,5,5,5,5,5,5,5,5,5,5,5,5,5,5,5,5,5,5,5,5,5,5,5,5,5,5,5,5,5,5,5,5,5,5
18972,18973,5,18805,5,72,5,18974,18975,18976,18977,18978,18979,18980,18810,5,18981,18982,18983,18814,18984,5,5,18985,5,18817,18818,18819,5,18371,5,5,5,18820,5,5,18972,5,5,5,5,18972,5,5,5,18986,5,5,5,18822,5,18987,5,18824,18825,5,5,870,5,5,5,4733,5,18826,5,5,5,5,5,5,18988,5,5,5,5,5,5,5,5,18989,18990,5,18830,5,18831,18832,5,18833,5,18834,18835,18991,5,5,5,5,5,5,5,5,5,5,5,5,5,5,5,5,5,5,5,5,5,5,5,5,5,5,5,5,5,5,5,5,5,5,5,5,5,5,5,5,5,5,5,5,5,5,5,5,5,5,5,5,5,5,5,5,5,5,5,5,5,5,5,5,5,5,5,5,5,5,5,5,5,5,5,5,5,5,5,5,5,5,5,5,5,5,5,5,5,5,5,5,5,5,5,5,5,5,5,5,5,5,5,5,5,5,5,5,5,5,5,5,5,5,5,5,5,5,5,5,5,5,5,5,5,5,5,5,5,5,5
18992,18993,5,18805,5,72,5,18994,18995,18996,18997,8366,18998,6238,18810,5,18999,19000,19001,18814,19002,5,5,19003,5,18817,18818,18819,5,18371,5,5,5,18820,5,5,18992,19004,5,5,5,18992,5,5,5,19005,5,5,5,18822,5,18987,5,18824,18933,5,5,870,5,5,5,4733,5,18883,5,5,5,5,5,5,19006,5,5,5,5,5,5,5,5,19007,19008,5,18830,5,18831,18832,5,18833,5,18834,18835,18836,5,5,5,5,5,5,5,5,5,5,5,5,5,5,5,5,5,5,5,5,5,5,5,5,5,5,5,5,5,5,5,5,5,5,5,5,5,5,5,5,5,5,5,5,5,5,5,5,5,5,5,5,5,5,5,5,5,5,5,5,5,5,5,5,5,5,5,5,5,5,5,5,5,5,5,5,5,5,5,5,5,5,5,5,5,5,5,5,5,5,5,5,5,5,5,5,5,5,5,5,5,5,5,5,5,5,5,5,5,5,5,5,5,5,5,5,5,5,5,5,5,5,5,5,5,5,5,5,5,5,5
19009,19010,9012,18805,5,72,5,19011,19012,19013,19014,5137,9017,1185,18810,5,19015,19016,19017,18814,19018,5,5,19019,5,18817,18818,18819,5,18371,5,5,5,18820,5,5,19009,5,5,5,5,19009,5,5,5,19020,5,5,5,18822,5,18823,5,18824,18933,5,5,870,5,5,5,4733,5,18826,5,5,5,5,5,5,19021,5,5,5,5,5,5,5,5,19022,5,5,18830,5,18831,18832,5,18833,5,18834,18835,18847,5,5,5,5,5,5,5,5,5,5,5,5,5,5,5,5,5,5,5,5,5,5,5,5,5,5,5,5,5,5,5,5,5,5,5,5,5,5,5,5,5,5,5,5,5,5,19023,5,5,5,5,5,5,5,5,5,5,5,5,5,5,5,5,5,5,5,5,5,5,5,5,5,5,5,5,5,5,5,5,5,5,5,5,5,5,5,5,5,5,5,5,5,5,5,5,5,5,5,5,5,5,5,5,5,5,5,5,5,5,5,5,5,5,5,5,5,5,5,5,5,5,5,5,5,5,5,5,5,5,5,5
19024,19025,13605,18805,5,72,5,19026,1770,19027,19028,3601,13610,13611,18810,5,19029,19030,19031,18814,19032,5,5,19033,5,18817,18818,18819,5,18371,5,5,5,18820,5,5,19024,5,5,5,5,19024,5,5,5,19034,5,5,5,18822,5,18823,5,18824,18825,5,5,870,5,5,5,4733,5,18826,5,5,5,5,5,5,19035,5,5,5,5,5,5,5,5,19036,5,5,18830,5,18831,18832,5,18833,5,18834,18835,19037,5,5,5,5,5,5,5,5,5,5,5,5,5,5,5,5,5,5,5,5,5,5,5,5,5,5,5,5,5,5,5,5,5,5,5,5,5,5,5,5,5,5,5,5,5,5,5,5,5,5,5,5,5,5,5,5,5,5,5,5,5,5,5,5,5,5,5,5,5,5,5,5,5,5,5,5,5,5,5,5,5,5,5,5,5,5,5,5,5,5,5,5,5,5,5,5,5,5,5,5,5,5,5,5,5,5,5,5,5,5,5,5,5,5,5,5,5,5,5,5,5,5,5,5,5,5,5,5,5,5,5
19038,19039,19040,18805,5,72,5,19041,9128,19042,19043,3672,19044,997,18810,5,19045,19046,19047,18814,19048,5,5,19049,5,18817,4722,4723,5,18371,5,5,5,18820,5,5,19038,5,5,5,5,5,5,5,5,19050,5,5,5,18822,5,18987,5,18824,18933,5,5,870,5,5,5,4733,5,18826,5,5,5,5,5,5,19051,5,5,5,5,5,5,5,5,19052,5,5,18830,5,18831,18832,5,18833,5,18834,18835,19053,5,5,5,5,5,5,5,5,5,5,5,5,5,5,5,5,5,5,5,5,5,5,5,5,5,5,5,5,5,5,5,5,5,5,5,5,5,5,5,5,5,5,5,5,5,5,5,5,5,5,5,5,5,5,5,5,5,5,5,5,5,5,5,5,5,5,5,5,5,5,5,5,5,5,5,5,5,5,5,5,5,5,5,5,5,5,5,5,5,5,5,5,5,5,5,5,5,5,5,5,5,5,5,5,5,5,5,5,5,5,5,5,5,5,5,5,5,5,5,5,5,5,5,5,5,5,5,5,5,5,5
19054,19055,5,19056,5,72,5,19057,6110,19058,19059,4116,17986,17987,19060,5,19061,19062,19063,19064,19065,5,5,19066,19067,19068,19069,19070,5,19071,5,5,5,5,5,5,19054,5,5,5,5,19054,5,5,5,19072,5,5,5,19073,5,19074,5,19075,19076,5,5,19077,5,5,5,5,19078,5,5,19079,5,5,5,5,19080,5,5,5,19081,5,5,5,19082,5,19083,5,19084,5,19085,19086,19087,19088,5,19089,19090,19091,5,5,5,5,5,5,5,5,5,5,5,5,5,5,5,5,5,19092,5,5,5,5,5,5,5,5,5,5,5,5,5,5,5,5,5,5,5,5,5,5,5,5,5,5,5,5,5,5,5,5,5,5,5,5,5,5,5,5,5,5,5,5,5,5,5,5,5,5,5,5,5,5,5,5,5,5,5,5,5,5,5,5,5,5,5,5,5,5,5,5,5,5,5,5,5,5,5,5,5,5,5,5,5,5,5,5,5,5,5,5,5,5,5,5,5,5,5,5,5,5,5,5,5,5,5,5,5,5,5,5,5
19093,19094,19095,19096,5,137,5,19097,19098,19099,19100,78,6428,4009,19101,5,19102,19103,19104,19105,19106,5,5,19107,5,19108,19109,19110,5,18371,5,5,5,19111,5,19112,19093,5,5,19093,5,5,5,5,5,19113,5,5,5,19114,5,19115,5,19116,19117,5,5,369,19118,5,5,5,370,19119,19120,373,5,5,5,5,19121,5,5,5,19122,5,5,5,5,19123,19124,5,19125,5,19126,19127,19128,19129,5,19130,19131,5,19132,19133,19093,19134,19135,19136,5,5,5,5,5,5,5,5,19137,5,5,5,5,5,5,5,5,5,5,5,5,5,5,5,5,5,5,5,5,5,5,5,5,5,5,5,19138,5,5,1326,5,5,5,19139,5,5,5,5,5,5,5,5,5,5,5,5,5,5,5,5,5,5,5,5,5,5,5,5,5,5,5,5,5,5,5,5,5,5,5,5,5,5,5,5,5,5,5,5,5,5,5,5,5,5,5,5,5,5,5,5,5,5,5,5,5,5,5,5,5,5,5,5,5,5,5,5,5,5,5,5,5,5,5,5,5
19140,19141,19142,19143,5,137,5,19144,1391,19145,19146,4063,19147,1143,19101,5,19148,19149,19150,19151,19152,5,5,19153,5,19154,19109,19110,5,18371,5,5,5,19111,5,5,19140,5,5,5,5,19140,5,5,5,19155,5,5,5,19114,5,19115,5,19116,19156,5,5,369,19118,5,5,5,370,19119,5,373,5,5,5,5,19157,5,5,5,19158,5,5,5,5,19159,19160,5,19125,5,19126,19127,19128,19129,5,19130,19131,5,5,5,5,5,5,5,5,5,5,5,5,5,5,5,19161,5,5,5,5,5,5,5,5,5,5,5,5,5,5,5,5,5,5,5,5,5,5,5,5,5,5,5,19162,5,5,5,19163,5,5,19139,5,5,5,5,5,5,5,5,5,5,5,5,5,5,5,5,5,5,5,5,5,5,5,5,5,5,5,5,5,5,19164,5,5,5,5,5,5,5,5,5,5,5,5,5,5,5,5,5,5,5,5,5,5,5,5,5,5,5,5,5,5,5,5,5,5,5,5,5,5,5,5,5,5,5,5,5,5,5,5,5,5
19165,19166,19167,19168,5,72,5,19169,7025,19170,19171,4795,19172,1185,19101,5,19173,19174,19175,19176,19177,5,5,19178,5,19108,19109,19110,5,18371,5,5,5,19111,5,5,19165,5,5,5,5,19165,5,5,5,19179,5,5,5,19114,5,5,5,19116,19180,5,5,19181,19118,5,5,5,370,19119,5,373,5,5,5,5,19182,5,5,5,19183,5,5,5,5,19184,5,5,19125,5,19126,19127,19128,19129,5,19130,19131,5,5,5,5,5,5,5,5,5,5,5,5,5,5,5,19185,5,5,5,5,5,5,5,5,5,5,5,5,5,5,5,5,5,5,5,5,5,5,5,5,5,5,5,19186,5,5,5,19187,5,5,19139,5,5,5,5,5,5,5,5,5,5,5,5,5,5,5,5,5,5,5,5,5,5,5,5,5,5,5,5,5,5,5,5,5,5,5,5,5,5,5,5,5,5,5,5,5,5,5,5,5,5,5,5,5,5,5,5,5,5,5,5,5,5,5,5,5,5,5,5,5,5,5,5,5,5,5,5,5,5,5,5,5
19188,19189,19190,19191,5,72,5,19192,3330,19193,19194,1141,19195,19196,19197,5,19198,19199,19200,19201,19202,5,5,19203,5,19204,19205,19206,5,19207,5,5,5,19208,5,5,19188,5,5,5,5,19188,5,5,5,19209,5,5,5,19210,5,19211,5,19212,19213,5,5,5,5,5,5,5,19214,19215,5,373,5,5,5,5,19216,5,5,5,5,5,5,5,5,19217,19218,5,19219,5,19220,19221,19222,19223,5,19224,19225,19226,5,5,5,5,5,5,5,5,5,5,5,5,5,5,5,5,5,5,5,5,5,5,5,5,5,5,5,5,5,5,5,5,5,5,5,5,5,5,5,5,5,5,5,5,19227,5,19228,5,5,5,5,5,5,5,5,5,5,5,5,5,5,5,5,5,5,5,5,5,5,5,5,5,5,5,5,5,5,5,5,5,5,5,5,5,5,5,5,5,5,5,5,5,5,5,5,5,5,5,5,5,5,5,5,5,5,5,5,5,5,5,5,5,5,5,5,5,5,5,5,5,5,5,5,5,5,5,5,5,5,5,5
19229,19230,19231,19232,5,137,5,19233,6886,19234,19235,1306,19236,19237,19197,5,19238,5,5,5,19239,5,5,5,5,19204,19205,19206,5,19207,5,5,5,19208,5,5,19229,5,5,5,5,5,5,5,5,5,5,5,5,5,5,5,5,5,5,5,5,5,5,5,5,5,19214,19215,5,373,5,5,5,5,5,5,5,5,5,5,5,5,5,5,5,5,19219,5,19220,19221,19222,19223,5,19224,19225,19240,5,5,5,5,5,5,5,5,5,5,5,5,5,5,5,5,5,5,5,5,5,5,5,5,5,5,5,5,5,5,5,5,5,5,5,5,5,5,5,5,5,5,5,5,19241,5,5,5,5,5,5,5,5,5,5,5,5,5,5,19242,5,5,5,5,5,5,5,5,5,5,5,5,5,5,5,5,5,5,5,5,5,5,5,5,5,5,5,5,5,5,5,5,5,5,5,5,5,5,5,5,5,5,5,5,5,5,5,5,5,5,5,5,5,5,5,5,5,5,5,5,5,5,5,5,5,5,5,5,5,5,5
19243,19244,5,19191,5,72,5,19245,14806,19246,19247,10789,15879,4213,19197,5,19248,19249,19250,19201,19251,5,5,19252,5,19204,19205,19206,5,19207,5,5,5,19208,5,5,19243,5,5,5,5,19243,5,5,5,19253,5,5,5,19210,5,19211,5,19212,19254,5,5,5,5,5,5,5,19214,19215,5,373,5,5,5,5,19255,5,5,5,5,5,5,5,5,19256,5,5,19219,5,19220,19221,19222,19223,5,19224,19225,19257,5,5,5,5,5,5,5,5,5,5,5,5,5,5,5,5,5,5,5,5,5,5,5,5,5,5,5,5,5,5,5,5,5,5,5,5,5,5,5,5,5,5,5,5,19241,5,5,5,5,5,5,5,5,5,5,5,5,5,5,19242,5,5,5,5,5,5,5,5,5,5,5,5,5,5,5,5,5,5,5,5,5,5,5,5,5,5,5,5,5,5,5,5,5,5,5,5,5,5,5,5,5,5,5,5,5,5,5,5,5,5,5,5,5,5,5,5,5,5,5,5,5,5,5,5,5,5,5,5,5,5,5
19258,19259,19260,19261,5,137,5,19262,11815,19263,19264,2234,1022,1023,19265,5,19266,19267,19268,19269,19270,5,5,19271,19272,19273,19274,19275,5,19276,5,5,5,19277,5,19278,19258,19279,5,5,5,5,5,5,5,19280,5,5,5,19281,5,19282,5,19283,19284,5,5,19285,19286,19287,19288,5,5,19289,5,5,5,5,5,5,19290,5,5,5,5,5,5,5,5,19291,19292,5,19293,5,19294,19295,13387,19296,19297,5,19298,5,5,5,5,5,5,5,5,5,5,5,5,5,5,5,19299,5,5,5,5,5,5,5,5,5,5,5,5,5,5,5,5,5,5,5,5,5,5,5,5,5,5,5,19300,5,19301,5,19302,19271,19303,5,5,5,5,5,5,5,5,5,5,5,5,5,5,5,5,5,5,5,5,5,5,5,5,5,5,5,5,5,5,5,5,5,5,5,5,5,5,5,5,5,5,5,5,5,5,5,5,5,5,5,5,5,5,5,5,5,5,5,5,5,5,5,5,5,5,5,5,5,5,5,5,5,5,5,5,5,5,5,5,5,5
19304,19305,15779,19306,5,72,5,19307,16309,19308,19309,2497,15783,6741,19310,19311,19312,19313,19314,19315,19316,5,5,19317,19318,19319,19320,19321,5,18371,5,5,5,19322,5,19323,19304,5,5,5,5,19304,5,5,5,19324,5,5,5,19325,5,19326,5,19327,19328,5,5,5,19329,5,5,5,19330,5,5,19331,5,5,5,5,19332,5,5,5,5,5,5,5,19333,19334,5,5,18383,5,19335,19336,5,19337,5,19338,19339,19340,5,5,5,5,5,5,5,5,5,5,5,5,5,5,5,5,5,5,5,5,5,5,5,5,5,5,5,5,5,5,5,5,5,5,5,5,5,5,5,5,19341,5,19342,5,5,5,5,5,5,19343,5,5,5,5,5,5,5,5,5,19344,5,5,5,5,5,5,5,5,5,5,5,5,5,5,5,5,5,5,5,5,5,5,5,5,5,5,5,5,5,5,5,5,5,5,5,5,5,5,5,5,5,5,5,5,5,5,5,5,5,5,5,5,5,5,5,5,5,5,5,5,5,5,5,5,5,5,5,5,5,5,5
19345,19346,19347,19348,5,72,5,19349,5465,19350,19351,12,19352,19353,19310,5,19354,19355,19356,19315,19357,5,5,19358,19318,19319,19320,19321,5,18371,5,5,5,19322,5,5,19345,5,5,5,5,5,5,5,5,19359,5,5,5,19325,5,19326,5,19327,19328,5,5,5,19329,5,5,5,19330,5,5,19331,5,5,5,5,19360,5,5,5,5,5,5,5,19333,19361,19362,5,18383,5,19335,19336,5,19337,5,19338,19339,19340,5,5,5,5,5,5,5,5,5,5,5,5,5,5,5,5,5,5,5,5,5,5,5,5,5,5,5,5,5,5,5,5,5,5,5,5,5,5,5,5,19341,5,19363,5,5,5,5,5,5,19343,5,5,5,5,5,5,5,5,5,19344,5,5,5,5,5,5,5,5,5,5,5,5,5,5,5,5,5,5,5,5,5,5,5,5,5,5,5,5,5,5,5,5,5,5,5,5,5,5,5,5,5,5,5,5,5,5,5,5,5,5,5,5,5,5,5,5,5,5,5,5,5,5,5,5,5,5,5,5,5,5,5
19364,19365,18042,19348,5,72,5,19366,12802,19367,19368,19369,18047,5621,19310,5,19370,19371,19372,19315,19373,5,5,19374,19318,19319,19320,19321,5,18371,5,5,5,19322,5,5,19364,5,5,5,5,5,5,5,5,19375,5,5,5,19325,5,19376,5,19327,19377,5,5,5,19329,5,5,5,19330,5,5,19331,5,5,5,5,19378,5,5,5,5,5,5,5,19379,19380,5,5,18383,5,19335,19336,5,19337,5,19338,19339,19381,5,5,5,5,5,5,5,5,5,5,5,5,5,5,5,5,5,5,5,5,5,5,5,5,5,5,5,5,5,5,5,5,5,5,5,5,5,5,5,5,19341,5,19382,5,5,5,5,5,5,19343,5,5,5,5,5,5,5,5,5,19344,5,5,5,5,5,5,5,5,5,5,5,5,5,5,5,5,5,5,5,5,5,5,5,5,5,5,5,5,5,5,5,5,5,5,5,5,5,5,5,5,5,5,5,5,5,5,5,5,5,5,5,5,5,5,5,5,5,5,5,5,5,5,5,5,5,5,5,5,5,5,5
19383,19384,19385,19348,5,72,5,19386,5277,19387,19388,699,19389,7707,19310,5,19390,19391,19392,19315,19393,5,5,19394,19318,19319,19320,19321,5,18371,5,5,5,19322,5,5,19383,19395,5,5,5,19383,5,5,5,19396,5,5,5,19325,5,19376,5,19327,19397,5,5,5,19329,5,5,5,19330,5,5,19331,5,5,5,5,19398,5,5,5,5,5,5,5,19399,19400,5,5,18383,5,19335,19336,5,19337,5,19338,19339,19401,5,5,5,5,5,5,5,5,5,5,5,5,5,5,5,5,5,5,5,5,5,5,5,5,5,5,5,5,5,5,5,5,5,5,5,5,5,5,5,5,19341,5,19402,5,5,5,5,5,5,19343,5,5,5,5,5,5,5,5,5,5,5,5,5,5,5,5,5,5,5,5,5,5,5,5,5,5,5,5,5,5,5,5,5,5,5,5,5,5,5,5,5,5,5,5,5,5,5,5,5,5,5,5,5,5,5,5,5,5,5,5,5,5,5,5,5,5,5,5,5,5,5,5,5,5,5,5,5,5,5,5,5
19403,19404,19405,19348,5,72,5,19406,19407,19408,19409,237,19410,19411,19310,5,19412,19413,19414,19315,19415,5,5,19416,19318,19319,19320,19321,5,18371,5,5,5,19322,5,5,19403,5,5,5,5,19403,5,5,5,19417,5,5,5,19325,5,19326,5,19327,19328,5,5,5,19329,5,5,5,19330,5,5,19331,5,5,5,5,19418,5,5,5,5,5,5,5,19419,19420,19421,5,18383,5,19335,19336,5,19337,5,19338,19339,19422,5,5,5,5,5,5,5,5,5,5,5,5,5,5,5,5,5,5,5,5,5,5,5,5,5,5,5,5,5,5,5,5,5,5,5,5,5,5,5,5,19341,5,19423,5,5,5,5,5,5,19343,5,5,5,5,5,5,5,5,5,19344,5,5,5,5,5,5,5,5,5,5,5,5,5,5,5,5,5,5,5,5,5,5,5,5,5,5,5,5,5,5,5,5,5,5,5,5,5,5,5,5,5,5,5,5,5,5,5,5,5,5,5,5,5,5,5,5,5,5,5,5,5,5,5,5,5,5,5,5,5,5,5
19424,19425,15972,19348,5,72,5,19426,2747,19427,19428,8049,15976,5433,19310,5,19429,19430,19431,19315,19432,5,5,19433,19318,19319,19320,19321,5,18371,5,5,5,19322,5,5,19424,5,5,5,5,5,5,5,5,19434,5,5,5,19325,5,19326,5,19327,19397,5,5,5,19329,5,5,5,19330,5,5,19331,5,5,5,5,19435,5,5,5,5,5,5,5,19436,19437,19438,5,18383,5,19335,19336,5,19337,5,19338,19339,19439,5,5,5,5,5,5,5,5,5,5,5,5,5,5,5,5,5,5,5,5,5,5,5,5,5,5,5,5,5,5,5,5,5,5,5,5,5,5,5,5,19341,5,19440,5,5,5,5,5,5,19343,5,5,5,5,5,5,5,5,5,5,5,5,5,5,5,5,5,5,5,5,5,5,5,5,5,5,5,5,5,5,5,5,5,5,5,5,5,5,5,5,5,5,5,5,5,5,5,5,5,5,5,5,5,5,5,5,5,5,5,5,5,5,5,5,5,5,5,5,5,5,5,5,5,5,5,5,5,5,5,5,5
