1,1,1,16,6,16,1,1,1,95,10,9,9,9,9,9,9,9,9,9,1,1,1,1,1,1,1,1,1,11,134,23,2,1,2,6,32,154,163,6,12,178,91,1,1,3,9,1,1,1,8,80,51,1,8,2,1,1,1,1,1,1,1,1,1,1,1,1,1,1,1,1,1,1,1,1,1,1,1,1,1,1,1,1,1,1,1,1,1,1,1,1,1,1,1,1,1,1,1,1,1,1,1,1,1,1,1,1,1
1,1,1,17,4,17,1,1,1,76,10,9,9,9,9,9,9,9,9,9,1,1,1,1,1,1,1,1,1,11,135,2,2,1,2,6,13,155,164,8,12,179,27,1,1,1,9,1,1,1,8,28,51,1,8,2,1,1,1,1,1,1,1,1,1,1,1,1,1,1,1,1,1,1,1,1,1,1,1,1,1,1,1,1,1,1,1,1,1,1,1,1,1,1,1,1,1,1,1,1,1,1,1,1,1,1,1,1,1
1,1,1,18,1,18,1,1,1,62,10,9,9,9,9,9,9,9,9,9,1,1,1,1,1,1,1,1,1,11,136,14,2,1,2,6,18,156,165,16,12,180,45,1,1,3,9,1,1,1,8,73,23,1,8,2,1,1,1,1,1,1,1,1,1,1,1,1,1,1,1,1,1,1,1,1,1,1,1,1,1,1,1,1,1,1,1,1,1,1,1,1,1,1,1,1,1,1,1,1,1,1,1,1,1,1,1,1,1
1,1,1,19,2,19,1,1,1,71,10,9,9,9,9,9,9,9,9,9,1,1,1,1,1,1,1,1,1,11,130,26,2,1,2,6,9,149,166,16,12,172,5,1,1,3,9,1,1,1,8,79,18,1,8,2,1,1,1,1,1,1,1,1,1,1,1,1,1,1,1,1,1,1,1,1,1,1,1,1,1,1,1,1,1,1,1,1,1,1,1,1,1,1,1,1,1,1,1,1,1,1,1,1,1,1,1,1,1
1,1,1,20,3,20,1,1,1,25,10,9,9,9,9,9,9,9,9,9,1,1,1,1,1,1,1,1,1,10,129,12,2,1,2,6,1,157,63,9,11,181,66,1,1,1,9,1,1,1,8,36,51,1,8,2,1,1,1,1,1,1,1,1,1,1,1,1,1,1,1,1,1,1,1,1,1,1,1,1,1,1,1,1,1,1,1,1,1,1,1,1,1,1,1,1,1,1,1,1,1,1,1,1,1,1,1,1,1
1,1,1,26,7,26,1,1,1,33,10,9,9,9,9,9,9,9,9,9,1,1,1,1,1,1,1,1,1,11,137,17,2,1,1,6,18,158,167,8,12,182,20,1,1,6,9,1,1,1,8,11,9,1,8,2,1,1,1,1,1,1,1,1,1,1,1,1,1,1,1,1,1,1,1,1,1,1,1,1,1,1,1,1,1,1,1,1,1,1,1,1,1,1,1,1,1,1,1,1,1,1,1,1,1,1,1,1,1
1,1,1,21,5,21,1,1,1,25,10,9,9,9,9,9,9,9,9,9,1,1,1,1,1,1,1,1,1,11,129,16,2,1,2,6,7,151,168,5,12,95,29,1,1,3,9,1,1,1,8,40,13,1,8,2,1,1,1,1,1,1,1,1,1,1,1,1,1,1,1,1,1,1,1,1,1,1,1,1,1,1,1,1,1,1,1,1,1,1,1,1,1,1,1,1,1,1,1,1,1,1,1,1,1,1,1,1,1
1,1,1,22,6,22,1,1,1,95,10,9,9,9,9,9,9,9,9,9,1,1,1,1,1,1,1,1,1,11,130,26,2,1,2,6,40,159,169,2,12,183,59,31,3,7,9,1,1,1,8,13,12,1,8,2,2,4,27,2,2,1,1,1,1,1,1,1,1,1,1,1,1,1,1,1,1,1,1,1,1,1,1,1,1,1,1,1,1,1,1,1,1,1,1,1,1,1,1,1,1,1,1,1,1,1,1,1,1
1,1,1,23,4,23,1,1,1,32,10,9,9,9,9,9,9,9,9,9,1,1,1,1,1,1,1,1,1,11,138,13,2,1,2,6,18,160,160,29,12,184,2,1,1,1,9,1,1,1,8,30,22,1,8,2,1,1,1,1,1,1,1,1,1,1,1,1,1,1,1,1,1,1,1,1,1,1,1,1,1,1,1,1,1,1,1,1,1,1,1,1,1,1,1,1,1,1,1,1,1,1,1,1,1,1,1,1,1
1,1,1,1,1,1,1,1,1,34,10,9,9,9,9,9,9,9,9,9,1,1,1,1,1,1,1,1,1,11,4,4,4,2,3,6,2,4,3,4,12,3,3,2,2,2,9,2,3,1,8,4,3,1,8,2,1,1,1,1,1,1,1,1,1,1,1,1,1,1,1,1,1,1,1,1,1,1,1,1,1,1,1,1,1,1,1,1,1,1,1,1,1,1,1,1,1,1,1,1,1,1,1,1,1,1,1,1,1
1,1,1,2,2,2,1,1,1,76,10,9,9,9,9,9,9,9,9,9,1,1,1,1,1,1,1,1,1,11,139,75,58,3,4,6,7,161,170,10,12,185,22,11,3,7,9,1,1,1,8,36,51,1,8,2,2,18,3,2,35,1,1,1,1,1,1,1,1,1,1,1,1,1,1,1,1,1,1,1,1,1,1,1,1,1,1,1,1,1,1,1,1,1,1,1,1,1,1,1,1,1,1,1,1,1,1,1,1
1,1,1,3,3,3,1,1,1,87,10,9,9,9,9,9,9,9,9,9,1,1,1,1,1,1,1,1,1,10,130,2,2,1,2,6,15,156,160,7,11,186,45,1,1,3,9,1,1,1,8,27,21,1,8,2,1,1,1,1,1,1,1,1,1,1,1,1,1,1,1,1,1,1,1,1,1,1,1,1,1,1,1,1,1,1,1,1,1,1,1,1,1,1,1,1,1,1,1,1,1,1,1,1,1,1,1,1,1
1,1,1,27,7,27,1,1,1,75,10,9,9,9,9,9,9,9,9,9,1,1,1,1,1,1,1,1,1,11,140,11,2,1,2,6,9,151,160,3,12,171,11,1,1,3,9,1,1,1,8,24,17,1,8,2,1,1,1,1,1,1,1,1,1,1,1,1,1,1,1,1,1,1,1,1,1,1,1,1,1,1,1,1,1,1,1,1,1,1,1,1,1,1,1,1,1,1,1,1,1,1,1,1,1,1,1,1,1
1,1,1,4,4,4,1,1,1,75,10,9,9,9,9,9,9,9,9,9,1,1,1,1,1,1,1,1,1,11,4,4,4,2,3,6,2,4,3,4,12,3,3,2,2,2,9,2,3,1,8,4,3,1,8,2,1,1,1,1,1,1,1,1,1,1,1,1,1,1,1,1,1,1,1,1,1,1,1,1,1,1,1,1,1,1,1,1,1,1,1,1,1,1,1,1,1,1,1,1,1,1,1,1,1,1,1,1,1
1,1,1,5,1,5,1,1,1,96,10,9,9,9,9,9,9,9,9,9,1,1,1,1,1,1,1,1,1,11,129,16,2,1,2,6,14,148,171,29,12,181,35,1,1,1,9,1,1,1,8,36,17,1,8,2,1,1,1,1,1,1,1,1,1,1,1,1,1,1,1,1,1,1,1,1,1,1,1,1,1,1,1,1,1,1,1,1,1,1,1,1,1,1,1,1,1,1,1,1,1,1,1,1,1,1,1,1,1
1,1,1,6,2,6,1,1,1,36,10,9,9,9,9,9,9,9,9,9,1,1,1,1,1,1,1,1,1,11,141,5,2,1,2,6,26,162,172,7,12,187,24,1,1,1,9,1,1,1,8,35,20,1,8,2,1,1,1,1,1,1,1,1,1,1,1,1,1,1,1,1,1,1,1,1,1,1,1,1,1,1,1,1,1,1,1,1,1,1,1,1,1,1,1,1,1,1,1,1,1,1,1,1,1,1,1,1,1
1,1,1,7,3,7,1,1,1,92,10,9,9,9,9,9,9,9,9,9,1,1,1,1,1,1,1,1,1,10,142,19,8,1,1,6,9,163,164,9,11,188,48,21,1,6,9,1,1,1,8,40,17,1,8,2,1,1,1,1,1,1,1,1,1,1,1,1,1,1,1,1,1,1,1,1,1,1,1,1,1,1,1,1,1,1,1,1,1,1,1,1,1,1,1,1,1,1,1,1,1,1,1,1,1,1,1,1,1
1,1,1,28,7,28,1,1,1,97,10,9,9,9,9,9,9,9,9,9,1,1,1,1,1,1,1,1,1,11,141,5,2,1,2,6,7,160,173,8,12,189,4,1,1,3,9,1,1,1,8,70,23,1,8,2,1,1,1,1,1,1,1,1,1,1,1,1,1,1,1,1,1,1,1,1,1,1,1,1,1,1,1,1,1,1,1,1,1,1,1,1,1,1,1,1,1,1,1,1,1,1,1,1,1,1,1,1,1
1,1,1,8,3,8,1,1,1,98,11,7,7,7,7,7,7,7,7,7,3,3,3,3,3,3,3,3,3,12,143,5,2,1,2,7,3,164,174,6,13,190,67,38,1,6,10,1,1,1,9,71,57,1,9,1,1,1,1,1,1,1,1,1,1,1,1,1,1,1,1,1,1,1,1,1,1,1,1,1,1,1,1,1,1,1,1,1,1,1,1,1,1,1,1,1,1,1,1,1,1,1,1,1,1,1,1,1,1
1,1,1,24,7,24,1,1,1,87,11,7,7,7,7,7,7,7,7,7,3,3,3,3,3,3,3,3,3,13,144,5,2,1,2,7,15,165,175,6,14,191,45,1,1,3,10,1,1,1,6,42,33,1,9,1,1,1,1,1,1,1,1,1,1,1,1,1,1,1,1,1,1,1,1,1,1,1,1,1,1,1,1,1,1,1,1,1,1,1,1,1,1,1,1,1,1,1,1,1,1,1,1,1,1,1,1,1,1
1,1,1,9,5,9,1,1,1,99,11,7,7,7,7,7,7,7,7,7,3,3,3,3,3,3,3,3,3,13,145,22,10,3,6,7,10,166,176,6,14,192,77,47,3,10,10,1,1,1,6,47,56,1,9,1,2,4,28,2,22,1,1,1,1,1,1,1,1,1,1,1,1,1,1,1,1,1,1,1,1,1,1,1,1,1,1,1,1,1,1,1,1,1,1,1,1,1,1,1,1,1,1,1,1,1,1,1,1
1,1,1,10,6,10,1,1,1,100,11,7,7,7,7,7,7,7,7,7,3,3,3,3,3,3,3,3,3,13,146,10,2,1,2,7,20,167,177,6,14,193,14,1,1,1,10,1,1,1,6,43,52,1,9,1,1,1,1,1,1,1,1,1,1,1,1,1,1,1,1,1,1,1,1,1,1,1,1,1,1,1,1,1,1,1,1,1,1,1,1,1,1,1,1,1,1,1,1,1,1,1,1,1,1,1,1,1,1
1,1,1,11,4,11,1,1,1,31,11,7,7,7,7,7,7,7,7,7,3,3,3,3,3,3,3,3,3,13,147,12,2,1,2,7,24,168,178,6,14,194,31,1,1,1,10,1,1,1,6,81,67,1,9,1,1,1,1,1,1,1,1,1,1,1,1,1,1,1,1,1,1,1,1,1,1,1,1,1,1,1,1,1,1,1,1,1,1,1,1,1,1,1,1,1,1,1,1,1,1,1,1,1,1,1,1,1,1
1,1,1,12,1,12,1,1,1,78,11,7,7,7,7,7,7,7,7,7,3,3,3,3,3,3,3,3,3,13,148,13,2,1,2,7,26,169,179,7,14,195,17,7,1,6,10,1,1,1,6,61,52,1,9,1,1,1,1,1,1,1,1,1,1,1,1,1,1,1,1,1,1,1,1,1,1,1,1,1,1,1,1,1,1,1,1,1,1,1,1,1,1,1,1,1,1,1,1,1,1,1,1,1,1,1,1,1,1
1,1,1,13,2,13,1,1,1,29,11,7,7,7,7,7,7,7,7,7,3,3,3,3,3,3,3,3,3,13,149,2,2,1,2,7,8,170,180,6,14,196,40,1,1,1,10,1,1,1,6,43,68,1,9,1,1,1,1,1,1,1,1,1,1,1,1,1,1,1,1,1,1,1,1,1,1,1,1,1,1,1,1,1,1,1,1,1,1,1,1,1,1,1,1,1,1,1,1,1,1,1,1,1,1,1,1,1,1
1,1,1,14,3,14,1,1,1,27,11,7,7,7,7,7,7,7,7,7,3,3,3,3,3,3,3,3,3,12,150,13,2,1,2,7,15,171,178,8,13,197,8,1,1,1,10,1,1,1,9,42,30,1,9,1,1,1,1,1,1,1,1,1,1,1,1,1,1,1,1,1,1,1,1,1,1,1,1,1,1,1,1,1,1,1,1,1,1,1,1,1,1,1,1,1,1,1,1,1,1,1,1,1,1,1,1,1,1
1,1,1,25,7,25,1,1,1,93,11,7,7,7,7,7,7,7,7,7,3,3,3,3,3,3,3,3,3,13,151,63,47,3,6,7,17,166,137,8,14,154,92,59,3,4,10,1,1,1,6,78,63,1,9,1,7,4,27,2,36,1,1,1,1,1,1,1,1,1,1,1,1,1,1,1,1,1,1,1,1,1,1,1,1,1,1,1,1,1,1,1,1,1,1,1,1,1,1,1,1,1,1,1,1,1,1,1,1
1,1,1,15,5,15,1,1,1,99,11,7,7,7,7,7,7,7,7,7,3,3,3,3,3,3,3,3,3,13,152,46,32,3,4,7,8,172,181,7,14,198,93,60,3,7,10,1,1,1,6,53,56,1,9,1,2,4,3,2,11,1,1,1,1,1,1,1,1,1,1,1,1,1,1,1,1,1,1,1,1,1,1,1,1,1,1,1,1,1,1,1,1,1,1,1,1,1,1,1,1,1,1,1,1,1,1,1,1
1,1,1,16,6,16,1,1,1,32,11,7,7,7,7,7,7,7,7,7,3,3,3,3,3,3,3,3,3,13,149,2,2,1,2,7,7,167,182,11,14,199,30,1,1,1,10,1,1,1,6,42,35,1,9,1,1,1,1,1,1,1,1,1,1,1,1,1,1,1,1,1,1,1,1,1,1,1,1,1,1,1,1,1,1,1,1,1,1,1,1,1,1,1,1,1,1,1,1,1,1,1,1,1,1,1,1,1,1
1,1,1,17,4,17,1,1,1,33,11,7,7,7,7,7,7,7,7,7,3,3,3,3,3,3,3,3,3,13,153,48,34,1,1,7,14,171,183,11,14,200,21,10,1,6,10,1,1,1,6,39,56,1,9,1,1,1,1,1,1,1,1,1,1,1,1,1,1,1,1,1,1,1,1,1,1,1,1,1,1,1,1,1,1,1,1,1,1,1,1,1,1,1,1,1,1,1,1,1,1,1,1,1,1,1,1,1,1
1,1,1,18,1,18,1,1,1,34,11,7,7,7,7,7,7,7,7,7,3,3,3,3,3,3,3,3,3,13,154,14,2,1,2,7,13,173,175,6,14,191,45,1,1,3,10,1,1,1,6,19,30,1,9,1,1,1,1,1,1,1,1,1,1,1,1,1,1,1,1,1,1,1,1,1,1,1,1,1,1,1,1,1,1,1,1,1,1,1,1,1,1,1,1,1,1,1,1,1,1,1,1,1,1,1,1,1,1
1,1,1,19,2,19,1,1,1,35,11,7,7,7,7,7,7,7,7,7,3,3,3,3,3,3,3,3,3,13,147,12,2,1,2,7,1,170,182,7,14,61,2,1,1,1,10,1,1,1,6,22,33,1,9,1,1,1,1,1,1,1,1,1,1,1,1,1,1,1,1,1,1,1,1,1,1,1,1,1,1,1,1,1,1,1,1,1,1,1,1,1,1,1,1,1,1,1,1,1,1,1,1,1,1,1,1,1,1
1,1,1,20,3,20,1,1,1,33,11,7,7,7,7,7,7,7,7,7,3,3,3,3,3,3,3,3,3,12,155,2,2,1,2,7,18,174,184,11,13,201,27,1,1,1,10,1,1,1,9,22,56,1,9,1,1,1,1,1,1,1,1,1,1,1,1,1,1,1,1,1,1,1,1,1,1,1,1,1,1,1,1,1,1,1,1,1,1,1,1,1,1,1,1,1,1,1,1,1,1,1,1,1,1,1,1,1,1
1,1,1,26,7,26,1,1,1,36,11,7,7,7,7,7,7,7,7,7,3,3,3,3,3,3,3,3,3,13,154,14,2,1,2,7,4,175,185,6,14,49,12,1,1,1,10,1,1,1,6,56,27,1,9,1,1,1,1,1,1,1,1,1,1,1,1,1,1,1,1,1,1,1,1,1,1,1,1,1,1,1,1,1,1,1,1,1,1,1,1,1,1,1,1,1,1,1,1,1,1,1,1,1,1,1,1,1,1
1,1,1,21,5,21,1,1,1,33,11,7,7,7,7,7,7,7,7,7,3,3,3,3,3,3,3,3,3,13,156,17,2,1,1,7,1,176,186,11,14,202,20,1,1,6,10,1,1,1,6,43,68,1,9,1,1,1,1,1,1,1,1,1,1,1,1,1,1,1,1,1,1,1,1,1,1,1,1,1,1,1,1,1,1,1,1,1,1,1,1,1,1,1,1,1,1,1,1,1,1,1,1,1,1,1,1,1,1
1,1,1,22,6,22,1,1,1,38,11,7,7,7,7,7,7,7,7,7,3,3,3,3,3,3,3,3,3,13,157,53,39,3,10,7,21,146,139,11,14,124,94,61,3,4,10,1,1,1,6,54,32,1,9,1,13,4,3,2,2,1,1,1,1,1,1,1,1,1,1,1,1,1,1,1,1,1,1,1,1,1,1,1,1,1,1,1,1,1,1,1,1,1,1,1,1,1,1,1,1,1,1,1,1,1,1,1,1
1,1,1,23,4,23,1,1,1,33,11,7,7,7,7,7,7,7,7,7,3,3,3,3,3,3,3,3,3,13,158,29,15,1,1,7,20,168,187,11,14,196,40,1,1,1,10,1,1,1,6,54,31,1,9,1,1,1,1,1,1,1,1,1,1,1,1,1,1,1,1,1,1,1,1,1,1,1,1,1,1,1,1,1,1,1,1,1,1,1,1,1,1,1,1,1,1,1,1,1,1,1,1,1,1,1,1,1,1
1,1,1,1,1,1,1,1,1,39,11,7,7,7,7,7,7,7,7,7,3,3,3,3,3,3,3,3,3,13,159,76,59,3,12,7,15,133,188,7,14,114,76,46,3,15,10,1,1,1,6,52,69,1,9,1,2,19,29,2,37,1,1,1,1,1,1,1,1,1,1,1,1,1,1,1,1,1,1,1,1,1,1,1,1,1,1,1,1,1,1,1,1,1,1,1,1,1,1,1,1,1,1,1,1,1,1,1,1
1,1,1,2,2,2,1,1,1,75,11,7,7,7,7,7,7,7,7,7,3,3,3,3,3,3,3,3,3,13,160,77,60,3,10,7,4,177,189,6,14,159,95,62,3,4,10,1,1,1,6,13,57,1,9,1,2,20,7,2,34,1,1,1,1,1,1,1,1,1,1,1,1,1,1,1,1,1,1,1,1,1,1,1,1,1,1,1,1,1,1,1,1,1,1,1,1,1,1,1,1,1,1,1,1,1,1,1,1
1,1,1,3,3,3,1,1,1,94,11,7,7,7,7,7,7,7,7,7,3,3,3,3,3,3,3,3,3,12,161,78,61,3,6,7,4,178,154,6,13,145,79,48,3,4,10,1,1,1,9,53,60,1,9,1,2,18,14,2,38,1,1,1,1,1,1,1,1,1,1,1,1,1,1,1,1,1,1,1,1,1,1,1,1,1,1,1,1,1,1,1,1,1,1,1,1,1,1,1,1,1,1,1,1,1,1,1,1
1,1,1,27,7,27,1,1,1,27,11,7,7,7,7,7,7,7,7,7,3,3,3,3,3,3,3,3,3,13,162,38,24,1,1,7,3,179,187,31,14,203,46,1,1,1,10,1,1,1,6,22,27,1,9,1,1,1,1,1,1,1,1,1,1,1,1,1,1,1,1,1,1,1,1,1,1,1,1,1,1,1,1,1,1,1,1,1,1,1,1,1,1,1,1,1,1,1,1,1,1,1,1,1,1,1,1,1,1
1,1,1,29,5,29,1,1,1,73,11,7,7,7,7,7,7,7,7,7,3,3,3,3,3,3,3,3,3,13,156,17,2,1,1,7,43,180,117,11,14,146,96,63,3,4,10,1,1,1,6,82,59,1,9,1,2,4,30,2,2,1,1,1,1,1,1,1,1,1,1,1,1,1,1,1,1,1,1,1,1,1,1,1,1,1,1,1,1,1,1,1,1,1,1,1,1,1,1,1,1,1,1,1,1,1,1,1,1
1,1,1,30,6,30,1,1,1,39,11,7,7,7,7,7,7,7,7,7,3,3,3,3,3,3,3,3,3,13,163,61,45,3,4,7,43,181,190,11,14,122,97,64,3,5,10,1,1,1,6,83,67,1,9,1,2,4,10,2,26,1,1,1,1,1,1,1,1,1,1,1,1,1,1,1,1,1,1,1,1,1,1,1,1,1,1,1,1,1,1,1,1,1,1,1,1,1,1,1,1,1,1,1,1,1,1,1,1
1,1,1,4,4,4,1,1,1,36,11,7,7,7,7,7,7,7,7,7,3,3,3,3,3,3,3,3,3,13,144,5,2,1,2,7,8,182,183,6,14,204,10,5,1,6,10,1,1,1,6,8,70,1,9,1,1,1,1,1,1,1,1,1,1,1,1,1,1,1,1,1,1,1,1,1,1,1,1,1,1,1,1,1,1,1,1,1,1,1,1,1,1,1,1,1,1,1,1,1,1,1,1,1,1,1,1,1,1
1,1,1,5,1,5,1,1,1,30,11,7,7,7,7,7,7,7,7,7,3,3,3,3,3,3,3,3,3,13,164,79,62,3,10,7,20,183,191,6,14,150,49,22,3,4,10,1,1,1,6,16,35,1,9,1,2,18,3,2,39,1,1,1,1,1,1,1,1,1,1,1,1,1,1,1,1,1,1,1,1,1,1,1,1,1,1,1,1,1,1,1,1,1,1,1,1,1,1,1,1,1,1,1,1,1,1,1,1
1,1,1,6,2,6,1,1,1,34,11,7,7,7,7,7,7,7,7,7,3,3,3,3,3,3,3,3,3,13,151,63,47,3,6,7,13,184,192,7,14,205,33,14,3,7,10,1,1,1,6,37,30,1,9,1,2,21,3,2,40,1,1,1,1,1,1,1,1,1,1,1,1,1,1,1,1,1,1,1,1,1,1,1,1,1,1,1,1,1,1,1,1,1,1,1,1,1,1,1,1,1,1,1,1,1,1,1,1
1,1,1,7,3,7,1,1,1,60,11,7,7,7,7,7,7,7,7,7,3,3,3,3,3,3,3,3,3,12,165,71,55,1,1,7,20,185,193,6,13,206,43,19,1,6,10,1,1,1,9,51,67,1,9,1,1,1,1,1,1,1,1,1,1,1,1,1,1,1,1,1,1,1,1,1,1,1,1,1,1,1,1,1,1,1,1,1,1,1,1,1,1,1,1,1,1,1,1,1,1,1,1,1,1,1,1,1,1
1,1,1,28,7,28,1,1,1,39,11,7,7,7,7,7,7,7,7,7,3,3,3,3,3,3,3,3,3,13,166,6,2,1,2,7,13,175,175,6,14,191,45,1,1,3,10,1,1,1,6,21,16,1,9,1,1,1,1,1,1,1,1,1,1,1,1,1,1,1,1,1,1,1,1,1,1,1,1,1,1,1,1,1,1,1,1,1,1,1,1,1,1,1,1,1,1,1,1,1,1,1,1,1,1,1,1,1,1
1,1,1,31,5,31,1,1,1,30,11,7,7,7,7,7,7,7,7,7,3,3,3,3,3,3,3,3,3,13,167,20,9,1,1,7,13,186,185,5,14,207,23,1,1,1,10,1,1,1,6,19,34,1,9,1,1,1,1,1,1,1,1,1,1,1,1,1,1,1,1,1,1,1,1,1,1,1,1,1,1,1,1,1,1,1,1,1,1,1,1,1,1,1,1,1,1,1,1,1,1,1,1,1,1,1,1,1,1
1,1,1,8,3,8,1,1,1,78,12,7,7,7,7,7,7,7,7,7,4,4,4,4,4,4,4,4,4,14,168,5,2,1,2,8,14,187,194,7,15,208,12,1,1,1,11,1,1,1,10,38,64,1,10,1,1,1,1,1,1,1,1,1,1,1,1,1,1,1,1,1,1,1,1,1,1,1,1,1,1,1,1,1,1,1,1,1,1,1,1,1,1,1,1,1,1,1,1,1,1,1,1,1,1,1,1,1,1
1,1,1,24,7,24,1,1,1,8,12,7,7,7,7,7,7,7,7,7,4,4,4,4,4,4,4,4,4,15,169,2,2,1,2,8,18,188,195,6,16,209,11,1,1,3,12,1,1,1,10,19,67,1,10,1,1,1,1,1,1,1,1,1,1,1,1,1,1,1,1,1,1,1,1,1,1,1,1,1,1,1,1,1,1,1,1,1,1,1,1,1,1,1,1,1,1,1,1,1,1,1,1,1,1,1,1,1,1
1,1,1,9,5,9,1,1,1,101,12,7,7,7,7,7,7,7,7,7,4,4,4,4,4,4,4,4,4,15,170,80,63,3,6,8,9,189,196,11,16,210,61,33,3,7,12,1,1,1,10,42,59,1,10,1,2,4,3,2,41,1,1,1,1,1,1,1,1,1,1,1,1,1,1,1,1,1,1,1,1,1,1,1,1,1,1,1,1,1,1,1,1,1,1,1,1,1,1,1,1,1,1,1,1,1,1,1,1
1,1,1,10,6,10,1,1,1,73,12,7,7,7,7,7,7,7,7,7,4,4,4,4,4,4,4,4,4,15,171,14,2,1,2,8,8,188,197,11,16,211,45,1,1,3,12,1,1,1,10,56,56,1,10,1,1,1,1,1,1,1,1,1,1,1,1,1,1,1,1,1,1,1,1,1,1,1,1,1,1,1,1,1,1,1,1,1,1,1,1,1,1,1,1,1,1,1,1,1,1,1,1,1,1,1,1,1,1
1,1,1,11,4,11,1,1,1,29,12,7,7,7,7,7,7,7,7,7,4,4,4,4,4,4,4,4,4,15,172,12,2,1,2,8,18,190,195,6,16,209,11,1,1,3,12,1,1,1,10,37,59,1,10,1,1,1,1,1,1,1,1,1,1,1,1,1,1,1,1,1,1,1,1,1,1,1,1,1,1,1,1,1,1,1,1,1,1,1,1,1,1,1,1,1,1,1,1,1,1,1,1,1,1,1,1,1,1
1,1,1,12,1,12,1,1,1,32,12,7,7,7,7,7,7,7,7,7,4,4,4,4,4,4,4,4,4,15,171,14,2,1,2,8,18,191,198,6,16,177,30,1,1,1,12,1,1,1,10,53,64,1,10,1,1,1,1,1,1,1,1,1,1,1,1,1,1,1,1,1,1,1,1,1,1,1,1,1,1,1,1,1,1,1,1,1,1,1,1,1,1,1,1,1,1,1,1,1,1,1,1,1,1,1,1,1,1
1,1,1,13,2,13,1,1,1,102,12,7,7,7,7,7,7,7,7,7,4,4,4,4,4,4,4,4,4,15,173,5,2,1,2,8,14,190,199,6,16,212,8,1,1,1,12,1,1,1,10,53,71,1,10,1,1,1,1,1,1,1,1,1,1,1,1,1,1,1,1,1,1,1,1,1,1,1,1,1,1,1,1,1,1,1,1,1,1,1,1,1,1,1,1,1,1,1,1,1,1,1,1,1,1,1,1,1,1
1,1,1,14,3,14,1,1,1,93,12,7,7,7,7,7,7,7,7,7,4,4,4,4,4,4,4,4,4,14,174,81,64,3,4,8,5,192,200,11,15,213,60,32,3,7,11,1,1,1,10,41,54,1,10,1,14,4,3,2,2,1,1,1,1,1,1,1,1,1,1,1,1,1,1,1,1,1,1,1,1,1,1,1,1,1,1,1,1,1,1,1,1,1,1,1,1,1,1,1,1,1,1,1,1,1,1,1,1
1,1,1,25,7,25,1,1,1,33,12,7,7,7,7,7,7,7,7,7,4,4,4,4,4,4,4,4,4,15,133,13,2,1,2,8,13,193,201,6,16,214,16,1,1,1,12,1,1,1,10,49,72,1,10,1,1,1,1,1,1,1,1,1,1,1,1,1,1,1,1,1,1,1,1,1,1,1,1,1,1,1,1,1,1,1,1,1,1,1,1,1,1,1,1,1,1,1,1,1,1,1,1,1,1,1,1,1,1
1,1,1,15,5,15,1,1,1,29,12,7,7,7,7,7,7,7,7,7,4,4,4,4,4,4,4,4,4,15,175,20,9,1,1,8,44,194,202,31,16,215,98,65,3,7,12,1,1,1,10,5,67,1,10,1,2,4,31,2,2,1,1,1,1,1,1,1,1,1,1,1,1,1,1,1,1,1,1,1,1,1,1,1,1,1,1,1,1,1,1,1,1,1,1,1,1,1,1,1,1,1,1,1,1,1,1,1,1
1,1,1,16,6,16,1,1,1,38,12,7,7,7,7,7,7,7,7,7,4,4,4,4,4,4,4,4,4,15,133,13,2,1,2,8,9,195,203,6,16,216,78,1,1,3,12,1,1,1,10,84,31,1,10,1,1,1,1,1,1,1,1,1,1,1,1,1,1,1,1,1,1,1,1,1,1,1,1,1,1,1,1,1,1,1,1,1,1,1,1,1,1,1,1,1,1,1,1,1,1,1,1,1,1,1,1,1,1
1,1,1,17,4,17,1,1,1,31,12,7,7,7,7,7,7,7,7,7,4,4,4,4,4,4,4,4,4,15,171,14,2,1,2,8,18,191,204,7,16,211,45,1,1,3,12,1,1,1,10,56,57,1,10,1,1,1,1,1,1,1,1,1,1,1,1,1,1,1,1,1,1,1,1,1,1,1,1,1,1,1,1,1,1,1,1,1,1,1,1,1,1,1,1,1,1,1,1,1,1,1,1,1,1,1,1,1,1
1,1,1,18,1,18,1,1,1,25,12,7,7,7,7,7,7,7,7,7,4,4,4,4,4,4,4,4,4,15,169,2,2,1,2,8,14,193,205,6,16,217,67,38,1,6,12,1,1,1,10,58,37,1,10,1,1,1,1,1,1,1,1,1,1,1,1,1,1,1,1,1,1,1,1,1,1,1,1,1,1,1,1,1,1,1,1,1,1,1,1,1,1,1,1,1,1,1,1,1,1,1,1,1,1,1,1,1,1
1,1,1,19,2,19,1,1,1,48,12,7,7,7,7,7,7,7,7,7,4,4,4,4,4,4,4,4,4,15,172,12,2,1,2,8,13,196,206,7,16,218,35,1,1,1,12,1,1,1,10,45,57,1,10,1,1,1,1,1,1,1,1,1,1,1,1,1,1,1,1,1,1,1,1,1,1,1,1,1,1,1,1,1,1,1,1,1,1,1,1,1,1,1,1,1,1,1,1,1,1,1,1,1,1,1,1,1,1
1,1,1,20,3,20,1,1,1,51,12,7,7,7,7,7,7,7,7,7,4,4,4,4,4,4,4,4,4,14,176,78,61,3,6,8,20,197,207,11,15,219,99,66,3,4,11,1,1,1,10,77,38,1,10,1,15,4,7,2,2,1,1,1,1,1,1,1,1,1,1,1,1,1,1,1,1,1,1,1,1,1,1,1,1,1,1,1,1,1,1,1,1,1,1,1,1,1,1,1,1,1,1,1,1,1,1,1,1
1,1,1,26,7,26,1,1,1,103,12,7,7,7,7,7,7,7,7,7,4,4,4,4,4,4,4,4,4,15,177,6,2,1,2,8,14,198,208,11,16,214,16,1,1,1,12,1,1,1,10,71,72,1,10,1,1,1,1,1,1,1,1,1,1,1,1,1,1,1,1,1,1,1,1,1,1,1,1,1,1,1,1,1,1,1,1,1,1,1,1,1,1,1,1,1,1,1,1,1,1,1,1,1,1,1,1,1,1
1,1,1,21,5,21,1,1,1,75,12,7,7,7,7,7,7,7,7,7,4,4,4,4,4,4,4,4,4,15,178,26,2,1,2,8,10,199,198,7,16,212,8,1,1,1,12,1,1,1,10,45,33,1,10,1,1,1,1,1,1,1,1,1,1,1,1,1,1,1,1,1,1,1,1,1,1,1,1,1,1,1,1,1,1,1,1,1,1,1,1,1,1,1,1,1,1,1,1,1,1,1,1,1,1,1,1,1,1
1,1,1,22,6,22,1,1,1,75,12,7,7,7,7,7,7,7,7,7,4,4,4,4,4,4,4,4,4,15,172,12,2,1,2,8,14,188,209,6,16,220,23,1,1,1,12,1,1,1,10,43,54,1,10,1,1,1,1,1,1,1,1,1,1,1,1,1,1,1,1,1,1,1,1,1,1,1,1,1,1,1,1,1,1,1,1,1,1,1,1,1,1,1,1,1,1,1,1,1,1,1,1,1,1,1,1,1,1
1,1,1,23,4,23,1,1,1,95,12,7,7,7,7,7,7,7,7,7,4,4,4,4,4,4,4,4,4,15,179,27,13,3,4,8,9,200,210,31,16,221,37,16,1,6,12,1,1,1,10,16,63,1,10,1,1,1,1,1,1,1,1,1,1,1,1,1,1,1,1,1,1,1,1,1,1,1,1,1,1,1,1,1,1,1,1,1,1,1,1,1,1,1,1,1,1,1,1,1,1,1,1,1,1,1,1,1,1
1,1,1,1,1,1,1,1,1,76,12,7,7,7,7,7,7,7,7,7,4,4,4,4,4,4,4,4,4,15,4,4,4,2,3,8,2,4,3,4,16,3,3,2,2,2,12,2,3,1,10,4,3,1,10,1,1,1,1,1,1,1,1,1,1,1,1,1,1,1,1,1,1,1,1,1,1,1,1,1,1,1,1,1,1,1,1,1,1,1,1,1,1,1,1,1,1,1,1,1,1,1,1,1,1,1,1,1,1
1,1,1,2,2,2,1,1,1,51,12,7,7,7,7,7,7,7,7,7,4,4,4,4,4,4,4,4,4,15,180,66,50,3,5,8,5,201,211,1,16,222,100,67,3,11,12,1,1,1,10,77,71,1,10,1,2,22,7,2,6,1,1,1,1,1,1,1,1,1,1,1,1,1,1,1,1,1,1,1,1,1,1,1,1,1,1,1,1,1,1,1,1,1,1,1,1,1,1,1,1,1,1,1,1,1,1,1,1
1,1,1,3,3,3,1,1,1,78,12,7,7,7,7,7,7,7,7,7,4,4,4,4,4,4,4,4,4,14,181,17,2,1,1,8,9,202,212,6,15,223,1,1,1,1,11,1,1,1,10,16,55,1,10,1,1,1,1,1,1,1,1,1,1,1,1,1,1,1,1,1,1,1,1,1,1,1,1,1,1,1,1,1,1,1,1,1,1,1,1,1,1,1,1,1,1,1,1,1,1,1,1,1,1,1,1,1,1
1,1,1,27,7,27,1,1,1,26,12,7,7,7,7,7,7,7,7,7,4,4,4,4,4,4,4,4,4,15,169,2,2,1,2,8,14,193,206,6,16,224,14,1,1,1,12,1,1,1,10,16,64,1,10,1,1,1,1,1,1,1,1,1,1,1,1,1,1,1,1,1,1,1,1,1,1,1,1,1,1,1,1,1,1,1,1,1,1,1,1,1,1,1,1,1,1,1,1,1,1,1,1,1,1,1,1,1,1
1,1,1,4,4,4,1,1,1,27,12,7,7,7,7,7,7,7,7,7,4,4,4,4,4,4,4,4,4,15,4,4,4,2,3,8,2,4,3,4,16,3,3,2,2,2,12,2,3,1,10,4,3,1,10,1,1,1,1,1,1,1,1,1,1,1,1,1,1,1,1,1,1,1,1,1,1,1,1,1,1,1,1,1,1,1,1,1,1,1,1,1,1,1,1,1,1,1,1,1,1,1,1,1,1,1,1,1,1
1,1,1,5,1,5,1,1,1,92,12,7,7,7,7,7,7,7,7,7,4,4,4,4,4,4,4,4,4,15,182,77,60,3,10,8,3,203,213,11,16,225,94,61,3,4,12,1,1,1,10,47,68,1,10,1,13,4,3,2,2,1,1,1,1,1,1,1,1,1,1,1,1,1,1,1,1,1,1,1,1,1,1,1,1,1,1,1,1,1,1,1,1,1,1,1,1,1,1,1,1,1,1,1,1,1,1,1,1
1,1,1,6,2,6,1,1,1,92,12,7,7,7,7,7,7,7,7,7,4,4,4,4,4,4,4,4,4,15,183,82,65,1,1,8,45,204,214,6,16,213,101,68,3,4,12,1,1,1,10,85,37,1,10,1,2,7,32,2,17,1,1,1,1,1,1,1,1,1,1,1,1,1,1,1,1,1,1,1,1,1,1,1,1,1,1,1,1,1,1,1,1,1,1,1,1,1,1,1,1,1,1,1,1,1,1,1,1
1,1,1,7,3,7,1,1,1,36,12,7,7,7,7,7,7,7,7,7,4,4,4,4,4,4,4,4,4,14,184,49,35,3,10,8,20,205,207,6,15,226,102,69,3,4,11,1,1,1,10,54,60,1,10,1,2,7,3,2,39,1,1,1,1,1,1,1,1,1,1,1,1,1,1,1,1,1,1,1,1,1,1,1,1,1,1,1,1,1,1,1,1,1,1,1,1,1,1,1,1,1,1,1,1,1,1,1,1
1,1,1,28,7,28,1,1,1,88,12,7,7,7,7,7,7,7,7,7,4,4,4,4,4,4,4,4,4,15,171,14,2,1,2,8,18,191,215,6,16,211,45,1,1,3,12,1,1,1,10,56,52,1,10,1,1,1,1,1,1,1,1,1,1,1,1,1,1,1,1,1,1,1,1,1,1,1,1,1,1,1,1,1,1,1,1,1,1,1,1,1,1,1,1,1,1,1,1,1,1,1,1,1,1,1,1,1,1
1,1,1,8,3,8,1,1,1,16,13,10,10,10,10,10,10,10,10,10,1,1,1,1,1,1,1,1,1,16,185,65,49,3,4,9,20,206,106,3,17,227,34,15,1,6,7,1,1,1,11,86,73,1,11,4,1,1,1,1,1,1,1,1,1,1,1,1,1,1,1,1,1,1,1,1,1,1,1,1,1,1,1,1,1,1,1,1,1,1,1,1,1,1,1,1,1,1,1,1,1,1,1,1,1,1,1,1,1
1,1,1,24,7,24,1,1,1,89,13,10,10,10,10,10,10,10,10,10,1,1,1,1,1,1,1,1,1,16,186,35,21,1,1,9,46,207,216,1,17,51,22,11,3,7,7,1,1,1,11,87,74,1,11,4,16,4,21,2,2,1,1,1,1,1,1,1,1,1,1,1,1,1,1,1,1,1,1,1,1,1,1,1,1,1,1,1,1,1,1,1,1,1,1,1,1,1,1,1,1,1,1,1,1,1,1,1,1
1,1,1,9,5,9,1,1,1,61,13,10,10,10,10,10,10,10,10,10,1,1,1,1,1,1,1,1,1,16,89,83,66,3,12,9,15,117,217,5,17,228,73,44,3,11,7,1,1,1,11,2,75,1,11,4,17,4,3,2,42,1,1,1,1,1,1,1,1,1,1,1,1,1,1,1,1,1,1,1,1,1,1,1,1,1,1,1,1,1,1,1,1,1,1,1,1,1,1,1,1,1,1,1,1,1,1,1,1
1,1,1,10,6,10,1,1,1,104,13,10,10,10,10,10,10,10,10,10,1,1,1,1,1,1,1,1,1,16,187,19,8,1,1,9,5,208,218,2,17,229,40,1,1,1,7,1,1,1,11,88,76,1,11,4,1,1,1,1,1,1,1,1,1,1,1,1,1,1,1,1,1,1,1,1,1,1,1,1,1,1,1,1,1,1,1,1,1,1,1,1,1,1,1,1,1,1,1,1,1,1,1,1,1,1,1,1,1
1,1,1,11,4,11,1,1,1,89,13,10,10,10,10,10,10,10,10,10,1,1,1,1,1,1,1,1,1,16,188,12,2,1,2,9,3,209,219,3,17,230,9,1,1,3,7,1,1,1,11,89,77,1,11,4,1,1,1,1,1,1,1,1,1,1,1,1,1,1,1,1,1,1,1,1,1,1,1,1,1,1,1,1,1,1,1,1,1,1,1,1,1,1,1,1,1,1,1,1,1,1,1,1,1,1,1,1,1
1,1,1,12,1,12,1,1,1,82,13,10,10,10,10,10,10,10,10,10,1,1,1,1,1,1,1,1,1,16,188,12,2,1,2,9,15,210,220,19,17,231,28,1,1,3,7,1,1,1,11,69,78,1,11,4,1,1,1,1,1,1,1,1,1,1,1,1,1,1,1,1,1,1,1,1,1,1,1,1,1,1,1,1,1,1,1,1,1,1,1,1,1,1,1,1,1,1,1,1,1,1,1,1,1,1,1,1,1
1,1,1,13,2,13,1,1,1,19,13,10,10,10,10,10,10,10,10,10,1,1,1,1,1,1,1,1,1,16,189,17,2,1,1,9,1,209,221,3,17,232,35,1,1,1,7,1,1,1,11,90,79,1,11,4,1,1,1,1,1,1,1,1,1,1,1,1,1,1,1,1,1,1,1,1,1,1,1,1,1,1,1,1,1,1,1,1,1,1,1,1,1,1,1,1,1,1,1,1,1,1,1,1,1,1,1,1,1
1,1,1,14,3,14,1,1,1,61,13,10,10,10,10,10,10,10,10,10,1,1,1,1,1,1,1,1,1,16,189,17,2,1,1,9,13,211,98,8,17,233,46,1,1,1,7,1,1,1,11,91,80,1,11,4,1,1,1,1,1,1,1,1,1,1,1,1,1,1,1,1,1,1,1,1,1,1,1,1,1,1,1,1,1,1,1,1,1,1,1,1,1,1,1,1,1,1,1,1,1,1,1,1,1,1,1,1,1
1,1,1,25,7,25,1,1,1,90,13,10,10,10,10,10,10,10,10,10,1,1,1,1,1,1,1,1,1,16,190,1,1,1,1,9,8,209,98,21,17,60,37,16,1,6,7,1,1,1,11,92,81,1,11,4,1,1,1,1,1,1,1,1,1,1,1,1,1,1,1,1,1,1,1,1,1,1,1,1,1,1,1,1,1,1,1,1,1,1,1,1,1,1,1,1,1,1,1,1,1,1,1,1,1,1,1,1,1
1,1,1,15,5,15,1,1,1,49,13,10,10,10,10,10,10,10,10,10,1,1,1,1,1,1,1,1,1,16,191,84,67,3,11,9,20,212,222,12,17,234,103,70,3,12,7,1,1,1,11,93,79,1,11,4,18,4,33,2,43,1,1,1,1,1,1,1,1,1,1,1,1,1,1,1,1,1,1,1,1,1,1,1,1,1,1,1,1,1,1,1,1,1,1,1,1,1,1,1,1,1,1,1,1,1,1,1,1
1,1,1,16,6,16,1,1,1,105,13,10,10,10,10,10,10,10,10,10,1,1,1,1,1,1,1,1,1,16,192,46,32,3,4,9,14,213,106,29,17,235,93,60,3,7,7,1,1,1,11,91,82,1,11,4,19,4,3,2,44,1,1,1,1,1,1,1,1,1,1,1,1,1,1,1,1,1,1,1,1,1,1,1,1,1,1,1,1,1,1,1,1,1,1,1,1,1,1,1,1,1,1,1,1,1,1,1,1
1,1,1,17,4,17,1,1,1,22,13,10,10,10,10,10,10,10,10,10,1,1,1,1,1,1,1,1,1,16,193,11,2,1,2,9,18,124,220,14,17,130,25,1,1,3,7,1,1,1,11,90,83,1,11,4,1,1,1,1,1,1,1,1,1,1,1,1,1,1,1,1,1,1,1,1,1,1,1,1,1,1,1,1,1,1,1,1,1,1,1,1,1,1,1,1,1,1,1,1,1,1,1,1,1,1,1,1,1
1,1,1,18,1,18,1,1,1,10,13,10,10,10,10,10,10,10,10,10,1,1,1,1,1,1,1,1,1,16,105,13,2,1,2,9,14,127,120,9,17,231,28,1,1,3,7,1,1,1,11,94,79,1,11,4,1,1,1,1,1,1,1,1,1,1,1,1,1,1,1,1,1,1,1,1,1,1,1,1,1,1,1,1,1,1,1,1,1,1,1,1,1,1,1,1,1,1,1,1,1,1,1,1,1,1,1,1,1
1,1,1,19,2,19,1,1,1,90,13,10,10,10,10,10,10,10,10,10,1,1,1,1,1,1,1,1,1,16,194,26,2,1,2,9,14,120,143,3,17,158,15,1,1,3,7,1,1,1,11,82,83,1,11,4,1,1,1,1,1,1,1,1,1,1,1,1,1,1,1,1,1,1,1,1,1,1,1,1,1,1,1,1,1,1,1,1,1,1,1,1,1,1,1,1,1,1,1,1,1,1,1,1,1,1,1,1,1
1,1,1,20,3,20,1,1,1,13,13,10,10,10,10,10,10,10,10,10,1,1,1,1,1,1,1,1,1,16,78,85,68,3,10,9,20,100,108,5,17,117,49,22,3,4,7,1,1,1,11,95,81,1,11,4,2,4,34,2,45,1,1,1,1,1,1,1,1,1,1,1,1,1,1,1,1,1,1,1,1,1,1,1,1,1,1,1,1,1,1,1,1,1,1,1,1,1,1,1,1,1,1,1,1,1,1,1,1
1,1,1,26,7,26,1,1,1,9,13,10,10,10,10,10,10,10,10,10,1,1,1,1,1,1,1,1,1,16,87,86,69,3,10,9,47,214,152,2,17,236,104,71,3,5,7,1,1,1,11,96,84,1,11,4,2,23,24,2,25,1,1,1,1,1,1,1,1,1,1,1,1,1,1,1,1,1,1,1,1,1,1,1,1,1,1,1,1,1,1,1,1,1,1,1,1,1,1,1,1,1,1,1,1,1,1,1,1
1,1,1,21,5,21,1,1,1,5,13,10,10,10,10,10,10,10,10,10,1,1,1,1,1,1,1,1,1,16,195,61,45,3,4,9,20,215,54,12,17,160,105,72,3,7,7,1,1,1,11,91,73,1,11,4,19,4,3,2,45,1,1,1,1,1,1,1,1,1,1,1,1,1,1,1,1,1,1,1,1,1,1,1,1,1,1,1,1,1,1,1,1,1,1,1,1,1,1,1,1,1,1,1,1,1,1,1,1
1,1,1,22,6,22,1,1,1,9,13,10,10,10,10,10,10,10,10,10,1,1,1,1,1,1,1,1,1,16,196,20,9,1,1,9,5,216,112,9,17,237,8,1,1,1,7,1,1,1,11,82,78,1,11,4,1,1,1,1,1,1,1,1,1,1,1,1,1,1,1,1,1,1,1,1,1,1,1,1,1,1,1,1,1,1,1,1,1,1,1,1,1,1,1,1,1,1,1,1,1,1,1,1,1,1,1,1,1
1,1,1,23,4,23,1,1,1,21,13,10,10,10,10,10,10,10,10,10,1,1,1,1,1,1,1,1,1,16,197,87,70,3,4,9,1,217,133,8,17,110,43,19,1,6,7,1,1,1,11,97,85,1,11,4,1,1,1,1,1,1,1,1,1,1,1,1,1,1,1,1,1,1,1,1,1,1,1,1,1,1,1,1,1,1,1,1,1,1,1,1,1,1,1,1,1,1,1,1,1,1,1,1,1,1,1,1,1
1,1,1,1,1,1,1,1,1,51,13,10,10,10,10,10,10,10,10,10,1,1,1,1,1,1,1,1,1,16,198,88,71,3,5,9,47,218,151,19,17,153,58,30,3,11,7,1,1,1,11,98,86,1,11,4,2,4,23,2,46,1,1,1,1,1,1,1,1,1,1,1,1,1,1,1,1,1,1,1,1,1,1,1,1,1,1,1,1,1,1,1,1,1,1,1,1,1,1,1,1,1,1,1,1,1,1,1,1
1,1,1,2,2,2,1,1,1,106,13,10,10,10,10,10,10,10,10,10,1,1,1,1,1,1,1,1,1,16,199,29,15,1,1,9,22,219,223,19,17,238,23,1,1,1,7,1,1,1,11,99,87,1,11,4,1,1,1,1,1,1,1,1,1,1,1,1,1,1,1,1,1,1,1,1,1,1,1,1,1,1,1,1,1,1,1,1,1,1,1,1,1,1,1,1,1,1,1,1,1,1,1,1,1,1,1,1,1
1,1,1,3,3,3,1,1,1,43,13,10,10,10,10,10,10,10,10,10,1,1,1,1,1,1,1,1,1,16,200,5,2,1,2,9,1,220,219,13,17,232,35,1,1,1,7,1,1,1,11,100,73,1,11,4,1,1,1,1,1,1,1,1,1,1,1,1,1,1,1,1,1,1,1,1,1,1,1,1,1,1,1,1,1,1,1,1,1,1,1,1,1,1,1,1,1,1,1,1,1,1,1,1,1,1,1,1,1
1,1,1,27,7,27,1,1,1,53,13,10,10,10,10,10,10,10,10,10,1,1,1,1,1,1,1,1,1,16,201,60,44,1,1,9,5,221,224,21,17,227,34,15,1,6,7,1,1,1,11,101,88,1,11,4,1,1,1,1,1,1,1,1,1,1,1,1,1,1,1,1,1,1,1,1,1,1,1,1,1,1,1,1,1,1,1,1,1,1,1,1,1,1,1,1,1,1,1,1,1,1,1,1,1,1,1,1,1
1,1,1,29,5,29,1,1,1,56,13,10,10,10,10,10,10,10,10,10,1,1,1,1,1,1,1,1,1,16,186,35,21,1,1,9,8,216,225,1,17,239,12,1,1,1,7,1,1,1,11,89,89,1,11,4,1,1,1,1,1,1,1,1,1,1,1,1,1,1,1,1,1,1,1,1,1,1,1,1,1,1,1,1,1,1,1,1,1,1,1,1,1,1,1,1,1,1,1,1,1,1,1,1,1,1,1,1,1
1,1,1,30,6,30,1,1,1,55,13,10,10,10,10,10,10,10,10,10,1,1,1,1,1,1,1,1,1,16,202,89,72,3,10,9,15,90,226,21,17,240,106,73,3,10,7,1,1,1,11,90,89,1,11,4,2,4,3,2,34,1,1,1,1,1,1,1,1,1,1,1,1,1,1,1,1,1,1,1,1,1,1,1,1,1,1,1,1,1,1,1,1,1,1,1,1,1,1,1,1,1,1,1,1,1,1,1,1
1,1,1,4,4,4,1,1,1,69,13,10,10,10,10,10,10,10,10,10,1,1,1,1,1,1,1,1,1,16,203,90,73,3,10,9,15,97,227,1,17,241,33,14,3,7,7,1,1,1,11,102,87,1,11,4,20,4,3,2,47,1,1,1,1,1,1,1,1,1,1,1,1,1,1,1,1,1,1,1,1,1,1,1,1,1,1,1,1,1,1,1,1,1,1,1,1,1,1,1,1,1,1,1,1,1,1,1,1
1,1,1,5,1,5,1,1,1,50,13,10,10,10,10,10,10,10,10,10,1,1,1,1,1,1,1,1,1,16,204,64,48,3,13,9,13,99,228,3,17,242,107,74,3,16,7,1,1,1,11,99,74,1,11,4,2,4,3,2,48,1,1,1,1,1,1,1,1,1,1,1,1,1,1,1,1,1,1,1,1,1,1,1,1,1,1,1,1,1,1,1,1,1,1,1,1,1,1,1,1,1,1,1,1,1,1,1,1
1,1,1,6,2,6,1,1,1,60,13,10,10,10,10,10,10,10,10,10,1,1,1,1,1,1,1,1,1,16,205,91,74,3,7,9,20,222,229,8,17,116,101,68,3,4,7,1,1,1,11,94,88,1,11,4,2,4,35,2,49,1,1,1,1,1,1,1,1,1,1,1,1,1,1,1,1,1,1,1,1,1,1,1,1,1,1,1,1,1,1,1,1,1,1,1,1,1,1,1,1,1,1,1,1,1,1,1,1
1,1,1,7,3,7,1,1,1,12,13,10,10,10,10,10,10,10,10,10,1,1,1,1,1,1,1,1,1,16,203,90,73,3,10,9,28,223,230,8,17,243,99,66,3,4,7,1,1,1,11,103,90,1,11,4,2,20,3,2,50,1,1,1,1,1,1,1,1,1,1,1,1,1,1,1,1,1,1,1,1,1,1,1,1,1,1,1,1,1,1,1,1,1,1,1,1,1,1,1,1,1,1,1,1,1,1,1,1
1,1,1,28,7,28,1,1,1,107,13,10,10,10,10,10,10,10,10,10,1,1,1,1,1,1,1,1,1,16,206,92,75,3,6,9,13,224,231,21,17,244,108,75,3,10,7,1,1,1,11,101,91,1,11,4,2,24,7,2,51,1,1,1,1,1,1,1,1,1,1,1,1,1,1,1,1,1,1,1,1,1,1,1,1,1,1,1,1,1,1,1,1,1,1,1,1,1,1,1,1,1,1,1,1,1,1,1,1
1,1,1,31,5,31,1,1,1,68,13,10,10,10,10,10,10,10,10,10,1,1,1,1,1,1,1,1,1,16,207,93,76,1,1,9,4,225,227,29,17,51,22,11,3,7,7,1,1,1,11,96,92,1,11,4,19,4,24,2,2,1,1,1,1,1,1,1,1,1,1,1,1,1,1,1,1,1,1,1,1,1,1,1,1,1,1,1,1,1,1,1,1,1,1,1,1,1,1,1,1,1,1,1,1,1,1,1,1
1,1,1,8,3,8,1,1,1,78,14,11,11,11,11,11,6,6,6,6,1,1,1,1,1,1,1,1,1,1,6,6,2,1,2,1,26,226,232,5,18,245,35,1,1,1,1,1,1,1,12,8,57,1,12,2,1,1,1,1,1,1,1,1,1,1,1,1,1,1,1,1,1,1,1,1,1,1,1,1,1,1,1,1,1,1,1,1,1,1,1,1,1,1,1,1,1,1,1,1,1,1,1,1,1,1,1,1,1
1,1,1,24,7,24,1,1,1,42,14,11,11,11,11,11,6,6,6,6,1,1,1,1,1,1,1,1,1,1,10,10,2,1,2,1,5,227,233,1,18,246,28,1,1,3,1,1,1,1,12,60,72,1,12,2,1,1,1,1,1,1,1,1,1,1,1,1,1,1,1,1,1,1,1,1,1,1,1,1,1,1,1,1,1,1,1,1,1,1,1,1,1,1,1,1,1,1,1,1,1,1,1,1,1,1,1,1,1
1,1,1,9,5,9,1,1,1,33,14,11,11,11,11,11,6,6,6,6,1,1,1,1,1,1,1,1,1,1,208,46,32,3,4,1,1,15,234,5,18,247,31,1,1,1,1,1,1,1,12,43,57,1,12,2,1,1,1,1,1,1,1,1,1,1,1,1,1,1,1,1,1,1,1,1,1,1,1,1,1,1,1,1,1,1,1,1,1,1,1,1,1,1,1,1,1,1,1,1,1,1,1,1,1,1,1,1,1
1,1,1,10,6,10,1,1,1,94,14,11,11,11,11,11,6,6,6,6,1,1,1,1,1,1,1,1,1,1,12,12,2,1,2,1,5,5,16,5,18,248,4,1,1,3,1,1,1,1,12,71,35,1,12,2,1,1,1,1,1,1,1,1,1,1,1,1,1,1,1,1,1,1,1,1,1,1,1,1,1,1,1,1,1,1,1,1,1,1,1,1,1,1,1,1,1,1,1,1,1,1,1,1,1,1,1,1,1
1,1,1,11,4,11,1,1,1,71,14,11,11,11,11,11,6,6,6,6,1,1,1,1,1,1,1,1,1,1,209,61,45,3,4,1,15,228,235,5,18,249,67,38,1,6,1,1,1,1,12,71,64,1,12,2,1,1,1,1,1,1,1,1,1,1,1,1,1,1,1,1,1,1,1,1,1,1,1,1,1,1,1,1,1,1,1,1,1,1,1,1,1,1,1,1,1,1,1,1,1,1,1,1,1,1,1,1,1
1,1,1,12,1,12,1,1,1,34,14,11,11,11,11,11,6,6,6,6,1,1,1,1,1,1,1,1,1,1,210,26,2,1,2,1,10,6,16,9,18,250,25,1,1,3,1,1,1,1,12,59,59,1,12,2,1,1,1,1,1,1,1,1,1,1,1,1,1,1,1,1,1,1,1,1,1,1,1,1,1,1,1,1,1,1,1,1,1,1,1,1,1,1,1,1,1,1,1,1,1,1,1,1,1,1,1,1,1
1,1,1,13,2,13,1,1,1,27,14,11,11,11,11,11,6,6,6,6,1,1,1,1,1,1,1,1,1,1,12,12,2,1,2,1,1,229,16,1,18,251,5,1,1,3,1,1,1,1,12,81,52,1,12,2,1,1,1,1,1,1,1,1,1,1,1,1,1,1,1,1,1,1,1,1,1,1,1,1,1,1,1,1,1,1,1,1,1,1,1,1,1,1,1,1,1,1,1,1,1,1,1,1,1,1,1,1,1
1,1,1,14,3,14,1,1,1,93,14,11,11,11,11,11,6,6,6,6,1,1,1,1,1,1,1,1,1,1,210,26,2,1,2,1,9,230,236,6,18,22,41,1,1,3,1,1,1,1,12,45,63,1,12,2,1,1,1,1,1,1,1,1,1,1,1,1,1,1,1,1,1,1,1,1,1,1,1,1,1,1,1,1,1,1,1,1,1,1,1,1,1,1,1,1,1,1,1,1,1,1,1,1,1,1,1,1,1
1,1,1,25,7,25,1,1,1,47,14,11,11,11,11,11,6,6,6,6,1,1,1,1,1,1,1,1,1,1,13,13,2,1,2,1,15,17,236,8,18,252,39,1,1,3,1,1,1,1,12,43,64,1,12,2,1,1,1,1,1,1,1,1,1,1,1,1,1,1,1,1,1,1,1,1,1,1,1,1,1,1,1,1,1,1,1,1,1,1,1,1,1,1,1,1,1,1,1,1,1,1,1,1,1,1,1,1,1
1,1,1,15,5,15,1,1,1,38,14,11,11,11,11,11,6,6,6,6,1,1,1,1,1,1,1,1,1,1,2,2,2,1,2,1,13,14,237,9,18,253,66,1,1,1,1,1,1,1,12,64,69,1,12,2,1,1,1,1,1,1,1,1,1,1,1,1,1,1,1,1,1,1,1,1,1,1,1,1,1,1,1,1,1,1,1,1,1,1,1,1,1,1,1,1,1,1,1,1,1,1,1,1,1,1,1,1,1
1,1,1,16,6,16,1,1,1,22,14,11,11,11,11,11,6,6,6,6,1,1,1,1,1,1,1,1,1,1,210,26,2,1,2,1,9,230,238,5,18,11,36,1,1,3,1,1,1,1,12,43,55,1,12,2,1,1,1,1,1,1,1,1,1,1,1,1,1,1,1,1,1,1,1,1,1,1,1,1,1,1,1,1,1,1,1,1,1,1,1,1,1,1,1,1,1,1,1,1,1,1,1,1,1,1,1,1,1
1,1,1,17,4,17,1,1,1,35,14,11,11,11,11,11,6,6,6,6,1,1,1,1,1,1,1,1,1,1,14,14,2,1,2,1,42,231,239,9,18,254,24,1,1,1,1,1,1,1,12,104,54,1,12,2,1,1,1,1,1,1,1,1,1,1,1,1,1,1,1,1,1,1,1,1,1,1,1,1,1,1,1,1,1,1,1,1,1,1,1,1,1,1,1,1,1,1,1,1,1,1,1,1,1,1,1,1,1
1,1,1,18,1,18,1,1,1,75,14,11,11,11,11,11,6,6,6,6,1,1,1,1,1,1,1,1,1,1,14,14,2,1,2,1,26,232,240,5,18,255,2,1,1,1,1,1,1,1,12,60,52,1,12,2,1,1,1,1,1,1,1,1,1,1,1,1,1,1,1,1,1,1,1,1,1,1,1,1,1,1,1,1,1,1,1,1,1,1,1,1,1,1,1,1,1,1,1,1,1,1,1,1,1,1,1,1,1
1,1,1,19,2,19,1,1,1,36,14,11,11,11,11,11,6,6,6,6,1,1,1,1,1,1,1,1,1,1,210,26,2,1,2,1,5,12,241,1,18,250,25,1,1,3,1,1,1,1,12,59,64,1,12,2,1,1,1,1,1,1,1,1,1,1,1,1,1,1,1,1,1,1,1,1,1,1,1,1,1,1,1,1,1,1,1,1,1,1,1,1,1,1,1,1,1,1,1,1,1,1,1,1,1,1,1,1,1
1,1,1,20,3,20,1,1,1,31,14,11,11,11,11,11,6,6,6,6,1,1,1,1,1,1,1,1,1,1,13,13,2,1,2,1,24,3,242,9,18,256,29,1,1,3,1,1,1,1,12,61,35,1,12,2,1,1,1,1,1,1,1,1,1,1,1,1,1,1,1,1,1,1,1,1,1,1,1,1,1,1,1,1,1,1,1,1,1,1,1,1,1,1,1,1,1,1,1,1,1,1,1,1,1,1,1,1,1
1,1,1,26,7,26,1,1,1,10,14,11,11,11,11,11,6,6,6,6,1,1,1,1,1,1,1,1,1,1,16,16,2,1,2,1,1,17,243,8,18,11,36,1,1,3,1,1,1,1,12,71,71,1,12,2,1,1,1,1,1,1,1,1,1,1,1,1,1,1,1,1,1,1,1,1,1,1,1,1,1,1,1,1,1,1,1,1,1,1,1,1,1,1,1,1,1,1,1,1,1,1,1,1,1,1,1,1,1
1,1,1,21,5,21,1,1,1,108,14,11,11,11,11,11,6,6,6,6,1,1,1,1,1,1,1,1,1,1,210,26,2,1,2,1,15,233,244,8,18,257,78,1,1,3,1,1,1,1,12,81,54,1,12,2,1,1,1,1,1,1,1,1,1,1,1,1,1,1,1,1,1,1,1,1,1,1,1,1,1,1,1,1,1,1,1,1,1,1,1,1,1,1,1,1,1,1,1,1,1,1,1,1,1,1,1,1,1
1,1,1,22,6,22,1,1,1,35,14,11,11,11,11,11,6,6,6,6,1,1,1,1,1,1,1,1,1,1,210,26,2,1,2,1,15,233,245,1,18,258,109,1,1,3,1,1,1,1,12,56,60,1,12,2,1,1,1,1,1,1,1,1,1,1,1,1,1,1,1,1,1,1,1,1,1,1,1,1,1,1,1,1,1,1,1,1,1,1,1,1,1,1,1,1,1,1,1,1,1,1,1,1,1,1,1,1,1
1,1,1,23,4,23,1,1,1,94,14,11,11,11,11,11,6,6,6,6,1,1,1,1,1,1,1,1,1,1,17,17,2,1,1,1,42,11,246,19,18,259,59,31,3,7,1,1,1,1,12,48,69,1,12,2,2,4,27,2,2,1,1,1,1,1,1,1,1,1,1,1,1,1,1,1,1,1,1,1,1,1,1,1,1,1,1,1,1,1,1,1,1,1,1,1,1,1,1,1,1,1,1,1,1,1,1,1,1
1,1,1,1,1,1,1,1,1,108,14,11,11,11,11,11,6,6,6,6,1,1,1,1,1,1,1,1,1,1,9,9,2,1,2,1,3,227,241,9,18,260,11,1,1,3,1,1,1,1,12,60,54,1,12,2,1,1,1,1,1,1,1,1,1,1,1,1,1,1,1,1,1,1,1,1,1,1,1,1,1,1,1,1,1,1,1,1,1,1,1,1,1,1,1,1,1,1,1,1,1,1,1,1,1,1,1,1,1
1,1,1,2,2,2,1,1,1,78,14,11,11,11,11,11,6,6,6,6,1,1,1,1,1,1,1,1,1,1,12,12,2,1,2,1,18,227,247,1,18,261,110,1,1,3,1,1,1,1,12,42,32,1,12,2,1,1,1,1,1,1,1,1,1,1,1,1,1,1,1,1,1,1,1,1,1,1,1,1,1,1,1,1,1,1,1,1,1,1,1,1,1,1,1,1,1,1,1,1,1,1,1,1,1,1,1,1,1
1,1,1,3,3,3,1,1,1,78,14,11,11,11,11,11,6,6,6,6,1,1,1,1,1,1,1,1,1,1,2,2,2,1,2,1,17,226,240,1,18,262,14,1,1,1,1,1,1,1,12,8,59,1,12,2,1,1,1,1,1,1,1,1,1,1,1,1,1,1,1,1,1,1,1,1,1,1,1,1,1,1,1,1,1,1,1,1,1,1,1,1,1,1,1,1,1,1,1,1,1,1,1,1,1,1,1,1,1
1,1,1,27,7,27,1,1,1,51,14,11,11,11,11,11,6,6,6,6,1,1,1,1,1,1,1,1,1,1,14,14,2,1,2,1,22,3,248,5,18,262,14,1,1,1,1,1,1,1,12,75,54,1,12,2,1,1,1,1,1,1,1,1,1,1,1,1,1,1,1,1,1,1,1,1,1,1,1,1,1,1,1,1,1,1,1,1,1,1,1,1,1,1,1,1,1,1,1,1,1,1,1,1,1,1,1,1,1
1,1,1,4,4,4,1,1,1,73,14,11,11,11,11,11,6,6,6,6,1,1,1,1,1,1,1,1,1,1,4,4,4,2,3,1,2,4,3,4,18,3,3,2,2,2,1,2,2,1,12,4,3,1,12,2,1,1,1,1,1,1,1,1,1,1,1,1,1,1,1,1,1,1,1,1,1,1,1,1,1,1,1,1,1,1,1,1,1,1,1,1,1,1,1,1,1,1,1,1,1,1,1,1,1,1,1,1,1
1,1,1,5,1,5,1,1,1,26,14,11,11,11,11,11,6,6,6,6,1,1,1,1,1,1,1,1,1,1,4,4,4,2,3,1,2,4,3,4,18,3,3,2,2,2,1,2,3,1,12,4,3,1,12,2,1,1,1,1,1,1,1,1,1,1,1,1,1,1,1,1,1,1,1,1,1,1,1,1,1,1,1,1,1,1,1,1,1,1,1,1,1,1,1,1,1,1,1,1,1,1,1,1,1,1,1,1,1
1,1,1,6,2,6,1,1,1,75,14,11,11,11,11,11,6,6,6,6,1,1,1,1,1,1,1,1,1,1,13,13,2,1,2,1,45,234,1,1,18,1,65,37,3,7,1,1,1,1,12,65,64,1,12,2,2,4,25,2,2,1,1,1,1,1,1,1,1,1,1,1,1,1,1,1,1,1,1,1,1,1,1,1,1,1,1,1,1,1,1,1,1,1,1,1,1,1,1,1,1,1,1,1,1,1,1,1,1
1,1,1,7,3,7,1,1,1,9,14,11,11,11,11,11,6,6,6,6,1,1,1,1,1,1,1,1,1,1,210,26,2,1,2,1,38,226,21,16,18,262,14,1,1,1,1,1,1,1,12,44,31,1,12,2,1,1,1,1,1,1,1,1,1,1,1,1,1,1,1,1,1,1,1,1,1,1,1,1,1,1,1,1,1,1,1,1,1,1,1,1,1,1,1,1,1,1,1,1,1,1,1,1,1,1,1,1,1
1,1,1,28,7,28,1,1,1,19,14,11,11,11,11,11,6,6,6,6,1,1,1,1,1,1,1,1,1,1,211,94,77,3,4,1,17,235,249,3,18,263,26,12,3,7,1,1,1,1,12,75,52,1,12,2,21,4,3,2,2,1,1,1,1,1,1,1,1,1,1,1,1,1,1,1,1,1,1,1,1,1,1,1,1,1,1,1,1,1,1,1,1,1,1,1,1,1,1,1,1,1,1,1,1,1,1,1,1
1,1,1,8,3,8,1,1,1,15,15,12,12,12,12,12,6,6,6,6,5,5,5,5,5,5,5,5,5,17,212,5,2,1,2,10,8,236,250,5,19,167,15,1,1,3,13,1,1,1,8,105,93,1,13,3,1,1,1,1,1,1,1,1,1,1,1,1,1,1,1,1,1,1,1,1,1,1,1,1,1,1,1,1,1,1,1,1,1,1,1,1,1,1,1,1,1,1,1,1,1,1,1,1,1,1,1,1,1
1,1,1,24,7,24,1,1,1,44,15,12,12,12,12,12,6,6,6,6,5,5,5,5,5,5,5,5,5,17,213,26,2,1,2,10,1,237,250,8,19,228,78,1,1,3,13,1,1,1,8,80,94,1,13,3,1,1,1,1,1,1,1,1,1,1,1,1,1,1,1,1,1,1,1,1,1,1,1,1,1,1,1,1,1,1,1,1,1,1,1,1,1,1,1,1,1,1,1,1,1,1,1,1,1,1,1,1,1
1,1,1,9,5,9,1,1,1,58,15,12,12,12,12,12,6,6,6,6,5,5,5,5,5,5,5,5,5,17,214,14,2,1,2,10,3,238,251,9,19,153,29,1,1,3,13,1,1,1,8,31,95,1,13,3,1,1,1,1,1,1,1,1,1,1,1,1,1,1,1,1,1,1,1,1,1,1,1,1,1,1,1,1,1,1,1,1,1,1,1,1,1,1,1,1,1,1,1,1,1,1,1,1,1,1,1,1,1
1,1,1,10,6,10,1,1,1,61,15,12,12,12,12,12,6,6,6,6,5,5,5,5,5,5,5,5,5,17,213,26,2,1,2,10,42,105,228,7,19,264,2,1,1,1,13,1,1,1,8,33,93,1,13,3,1,1,1,1,1,1,1,1,1,1,1,1,1,1,1,1,1,1,1,1,1,1,1,1,1,1,1,1,1,1,1,1,1,1,1,1,1,1,1,1,1,1,1,1,1,1,1,1,1,1,1,1,1
1,1,1,11,4,11,1,1,1,6,15,12,12,12,12,12,6,6,6,6,5,5,5,5,5,5,5,5,5,17,213,26,2,1,2,10,4,239,252,6,19,165,5,1,1,3,13,1,1,1,8,79,96,1,13,3,1,1,1,1,1,1,1,1,1,1,1,1,1,1,1,1,1,1,1,1,1,1,1,1,1,1,1,1,1,1,1,1,1,1,1,1,1,1,1,1,1,1,1,1,1,1,1,1,1,1,1,1,1
1,1,1,12,1,12,1,1,1,18,15,12,12,12,12,12,6,6,6,6,5,5,5,5,5,5,5,5,5,17,214,14,2,1,2,10,14,240,250,3,19,265,4,1,1,3,13,1,1,1,8,80,96,1,13,3,1,1,1,1,1,1,1,1,1,1,1,1,1,1,1,1,1,1,1,1,1,1,1,1,1,1,1,1,1,1,1,1,1,1,1,1,1,1,1,1,1,1,1,1,1,1,1,1,1,1,1,1,1
1,1,1,13,2,13,1,1,1,59,15,12,12,12,12,12,6,6,6,6,5,5,5,5,5,5,5,5,5,17,215,13,2,1,2,10,22,241,253,6,19,266,30,1,1,1,13,1,1,1,8,18,66,1,13,3,1,1,1,1,1,1,1,1,1,1,1,1,1,1,1,1,1,1,1,1,1,1,1,1,1,1,1,1,1,1,1,1,1,1,1,1,1,1,1,1,1,1,1,1,1,1,1,1,1,1,1,1,1
1,1,1,14,3,14,1,1,1,63,15,12,12,12,12,12,6,6,6,6,5,5,5,5,5,5,5,5,5,17,216,6,2,1,2,10,13,242,141,16,19,267,12,1,1,1,13,1,1,1,8,31,96,1,13,3,1,1,1,1,1,1,1,1,1,1,1,1,1,1,1,1,1,1,1,1,1,1,1,1,1,1,1,1,1,1,1,1,1,1,1,1,1,1,1,1,1,1,1,1,1,1,1,1,1,1,1,1,1
1,1,1,25,7,25,1,1,1,22,15,12,12,12,12,12,6,6,6,6,5,5,5,5,5,5,5,5,5,17,215,13,2,1,2,10,21,243,254,8,19,268,66,1,1,1,13,1,1,1,8,9,51,1,13,3,1,1,1,1,1,1,1,1,1,1,1,1,1,1,1,1,1,1,1,1,1,1,1,1,1,1,1,1,1,1,1,1,1,1,1,1,1,1,1,1,1,1,1,1,1,1,1,1,1,1,1,1,1
1,1,1,15,5,15,1,1,1,8,15,12,12,12,12,12,6,6,6,6,5,5,5,5,5,5,5,5,5,17,217,85,68,3,10,10,22,244,255,7,19,118,94,61,3,4,13,1,1,1,8,30,65,1,13,3,2,25,3,2,44,1,1,1,1,1,1,1,1,1,1,1,1,1,1,1,1,1,1,1,1,1,1,1,1,1,1,1,1,1,1,1,1,1,1,1,1,1,1,1,1,1,1,1,1,1,1,1,1
1,1,1,16,6,16,1,1,1,48,15,12,12,12,12,12,6,6,6,6,5,5,5,5,5,5,5,5,5,17,218,95,78,3,7,10,3,245,256,1,19,269,111,76,3,4,13,1,1,1,8,33,23,1,13,3,22,4,3,2,2,1,1,1,1,1,1,1,1,1,1,1,1,1,1,1,1,1,1,1,1,1,1,1,1,1,1,1,1,1,1,1,1,1,1,1,1,1,1,1,1,1,1,1,1,1,1,1,1
1,1,1,17,4,17,1,1,1,17,15,12,12,12,12,12,6,6,6,6,5,5,5,5,5,5,5,5,5,17,219,16,2,1,2,10,25,239,257,2,19,270,14,1,1,1,13,1,1,1,8,14,66,1,13,3,1,1,1,1,1,1,1,1,1,1,1,1,1,1,1,1,1,1,1,1,1,1,1,1,1,1,1,1,1,1,1,1,1,1,1,1,1,1,1,1,1,1,1,1,1,1,1,1,1,1,1,1,1
1,1,1,18,1,18,1,1,1,90,15,12,12,12,12,12,6,6,6,6,5,5,5,5,5,5,5,5,5,17,220,12,2,1,2,10,46,246,258,7,19,108,112,77,1,6,13,1,1,1,8,54,65,1,13,3,1,1,1,1,1,1,1,1,1,1,1,1,1,1,1,1,1,1,1,1,1,1,1,1,1,1,1,1,1,1,1,1,1,1,1,1,1,1,1,1,1,1,1,1,1,1,1,1,1,1,1,1,1
1,1,1,19,2,19,1,1,1,64,15,12,12,12,12,12,6,6,6,6,5,5,5,5,5,5,5,5,5,17,215,13,2,1,2,10,13,236,259,3,19,166,1,1,1,1,13,1,1,1,8,36,50,1,13,3,1,1,1,1,1,1,1,1,1,1,1,1,1,1,1,1,1,1,1,1,1,1,1,1,1,1,1,1,1,1,1,1,1,1,1,1,1,1,1,1,1,1,1,1,1,1,1,1,1,1,1,1,1
1,1,1,20,3,20,1,1,1,62,15,12,12,12,12,12,6,6,6,6,5,5,5,5,5,5,5,5,5,17,221,21,2,1,2,10,26,242,260,8,19,266,30,1,1,1,13,1,1,1,8,14,65,1,13,3,1,1,1,1,1,1,1,1,1,1,1,1,1,1,1,1,1,1,1,1,1,1,1,1,1,1,1,1,1,1,1,1,1,1,1,1,1,1,1,1,1,1,1,1,1,1,1,1,1,1,1,1,1
1,1,1,26,7,26,1,1,1,4,15,12,12,12,12,12,6,6,6,6,5,5,5,5,5,5,5,5,5,17,222,2,2,1,2,10,48,247,261,6,19,271,113,78,3,10,13,1,1,1,8,20,22,1,13,3,2,4,19,2,2,1,1,1,1,1,1,1,1,1,1,1,1,1,1,1,1,1,1,1,1,1,1,1,1,1,1,1,1,1,1,1,1,1,1,1,1,1,1,1,1,1,1,1,1,1,1,1,1
1,1,1,21,5,21,1,1,1,107,15,12,12,12,12,12,6,6,6,6,5,5,5,5,5,5,5,5,5,17,4,4,4,2,3,10,2,4,3,4,19,3,3,2,2,2,13,2,3,1,8,4,3,1,13,3,1,1,1,1,1,1,1,1,1,1,1,1,1,1,1,1,1,1,1,1,1,1,1,1,1,1,1,1,1,1,1,1,1,1,1,1,1,1,1,1,1,1,1,1,1,1,1,1,1,1,1,1,1
1,1,1,22,6,22,1,1,1,44,15,12,12,12,12,12,6,6,6,6,5,5,5,5,5,5,5,5,5,17,223,96,79,3,4,10,39,248,262,6,19,272,26,12,3,7,13,1,1,1,8,35,95,1,13,3,2,26,33,2,2,1,1,1,1,1,1,1,1,1,1,1,1,1,1,1,1,1,1,1,1,1,1,1,1,1,1,1,1,1,1,1,1,1,1,1,1,1,1,1,1,1,1,1,1,1,1,1,1
1,1,1,23,4,23,1,1,1,22,15,12,12,12,12,12,6,6,6,6,5,5,5,5,5,5,5,5,5,17,212,5,2,1,2,10,17,249,263,3,19,273,16,1,1,1,13,1,1,1,8,36,96,1,13,3,1,1,1,1,1,1,1,1,1,1,1,1,1,1,1,1,1,1,1,1,1,1,1,1,1,1,1,1,1,1,1,1,1,1,1,1,1,1,1,1,1,1,1,1,1,1,1,1,1,1,1,1,1
1,1,1,1,1,1,1,1,1,2,15,12,12,12,12,12,6,6,6,6,5,5,5,5,5,5,5,5,5,17,215,13,2,1,2,10,25,242,253,21,19,274,31,1,1,1,13,1,1,1,8,50,23,1,13,3,1,1,1,1,1,1,1,1,1,1,1,1,1,1,1,1,1,1,1,1,1,1,1,1,1,1,1,1,1,1,1,1,1,1,1,1,1,1,1,1,1,1,1,1,1,1,1,1,1,1,1,1,1
1,1,1,2,2,2,1,1,1,6,15,12,12,12,12,12,6,6,6,6,5,5,5,5,5,5,5,5,5,17,214,14,2,1,2,10,3,238,150,7,19,266,30,1,1,1,13,1,1,1,8,24,23,1,13,3,1,1,1,1,1,1,1,1,1,1,1,1,1,1,1,1,1,1,1,1,1,1,1,1,1,1,1,1,1,1,1,1,1,1,1,1,1,1,1,1,1,1,1,1,1,1,1,1,1,1,1,1,1
1,1,1,3,3,3,1,1,1,109,15,12,12,12,12,12,6,6,6,6,5,5,5,5,5,5,5,5,5,17,224,97,80,3,11,10,8,250,264,8,19,275,114,79,3,12,13,1,1,1,8,106,93,1,13,3,23,4,3,2,52,1,1,1,1,1,1,1,1,1,1,1,1,1,1,1,1,1,1,1,1,1,1,1,1,1,1,1,1,1,1,1,1,1,1,1,1,1,1,1,1,1,1,1,1,1,1,1,1
1,1,1,27,7,27,1,1,1,3,15,12,12,12,12,12,6,6,6,6,5,5,5,5,5,5,5,5,5,17,214,14,2,1,2,10,13,251,265,19,19,276,20,1,1,6,13,1,1,1,8,50,17,1,13,3,1,1,1,1,1,1,1,1,1,1,1,1,1,1,1,1,1,1,1,1,1,1,1,1,1,1,1,1,1,1,1,1,1,1,1,1,1,1,1,1,1,1,1,1,1,1,1,1,1,1,1,1,1
1,1,1,29,5,29,1,1,1,65,15,12,12,12,12,12,6,6,6,6,5,5,5,5,5,5,5,5,5,17,219,16,2,1,2,10,25,239,260,8,19,266,30,1,1,1,13,1,1,1,8,30,23,1,13,3,1,1,1,1,1,1,1,1,1,1,1,1,1,1,1,1,1,1,1,1,1,1,1,1,1,1,1,1,1,1,1,1,1,1,1,1,1,1,1,1,1,1,1,1,1,1,1,1,1,1,1,1,1
1,1,1,30,6,30,1,1,1,62,15,12,12,12,12,12,6,6,6,6,5,5,5,5,5,5,5,5,5,17,215,13,2,1,2,10,47,252,228,5,19,270,14,1,1,1,13,1,1,1,8,28,96,1,13,3,1,1,1,1,1,1,1,1,1,1,1,1,1,1,1,1,1,1,1,1,1,1,1,1,1,1,1,1,1,1,1,1,1,1,1,1,1,1,1,1,1,1,1,1,1,1,1,1,1,1,1,1,1
1,1,1,4,4,4,1,1,1,88,15,12,12,12,12,12,6,6,6,6,5,5,5,5,5,5,5,5,5,17,225,29,15,1,1,10,49,253,266,7,19,277,115,80,3,10,13,1,1,1,8,49,22,1,13,3,2,4,36,2,2,1,1,1,1,1,1,1,1,1,1,1,1,1,1,1,1,1,1,1,1,1,1,1,1,1,1,1,1,1,1,1,1,1,1,1,1,1,1,1,1,1,1,1,1,1,1,1,1
1,1,1,5,1,5,1,1,1,67,15,12,12,12,12,12,6,6,6,6,5,5,5,5,5,5,5,5,5,17,220,12,2,1,2,10,50,254,254,8,19,268,66,1,1,1,13,1,1,1,8,36,94,1,13,3,1,1,1,1,1,1,1,1,1,1,1,1,1,1,1,1,1,1,1,1,1,1,1,1,1,1,1,1,1,1,1,1,1,1,1,1,1,1,1,1,1,1,1,1,1,1,1,1,1,1,1,1,1
1,1,1,6,2,6,1,1,1,9,15,12,12,12,12,12,6,6,6,6,5,5,5,5,5,5,5,5,5,17,215,13,2,1,2,10,5,255,252,9,19,266,30,1,1,1,13,1,1,1,8,18,66,1,13,3,1,1,1,1,1,1,1,1,1,1,1,1,1,1,1,1,1,1,1,1,1,1,1,1,1,1,1,1,1,1,1,1,1,1,1,1,1,1,1,1,1,1,1,1,1,1,1,1,1,1,1,1,1
1,1,1,7,3,7,1,1,1,51,15,12,12,12,12,12,6,6,6,6,5,5,5,5,5,5,5,5,5,17,225,29,15,1,1,10,50,256,267,1,19,278,55,28,1,6,13,1,1,1,8,10,95,1,13,3,1,1,1,1,1,1,1,1,1,1,1,1,1,1,1,1,1,1,1,1,1,1,1,1,1,1,1,1,1,1,1,1,1,1,1,1,1,1,1,1,1,1,1,1,1,1,1,1,1,1,1,1,1
1,1,1,28,7,28,1,1,1,62,15,12,12,12,12,12,6,6,6,6,5,5,5,5,5,5,5,5,5,17,223,96,79,3,4,10,42,257,268,3,19,108,112,77,1,6,13,1,1,1,8,36,95,1,13,3,1,1,1,1,1,1,1,1,1,1,1,1,1,1,1,1,1,1,1,1,1,1,1,1,1,1,1,1,1,1,1,1,1,1,1,1,1,1,1,1,1,1,1,1,1,1,1,1,1,1,1,1,1
1,1,1,31,5,31,1,1,1,85,15,12,12,12,12,12,6,6,6,6,5,5,5,5,5,5,5,5,5,17,219,16,2,1,2,10,1,240,151,15,19,165,5,1,1,3,13,1,1,1,8,32,95,1,13,3,1,1,1,1,1,1,1,1,1,1,1,1,1,1,1,1,1,1,1,1,1,1,1,1,1,1,1,1,1,1,1,1,1,1,1,1,1,1,1,1,1,1,1,1,1,1,1,1,1,1,1,1,1
1,1,1,8,3,8,1,1,1,110,16,13,13,13,13,13,2,2,2,2,1,1,1,1,1,1,1,1,1,18,226,6,2,1,2,11,34,258,269,8,20,279,41,1,1,3,12,1,1,1,2,80,19,1,14,2,1,1,1,1,1,1,1,1,1,1,1,1,1,1,1,1,1,1,1,1,1,1,1,1,1,1,1,1,1,1,1,1,1,1,1,1,1,1,1,1,1,1,1,1,1,1,1,1,1,1,1,1,1
1,1,1,24,7,24,1,1,1,34,16,13,13,13,13,13,2,2,2,2,1,1,1,1,1,1,1,1,1,18,227,96,79,3,4,11,27,259,270,3,20,280,19,9,3,7,12,1,1,1,2,37,10,1,14,2,2,4,21,2,2,1,1,1,1,1,1,1,1,1,1,1,1,1,1,1,1,1,1,1,1,1,1,1,1,1,1,1,1,1,1,1,1,1,1,1,1,1,1,1,1,1,1,1,1,1,1,1,1
1,1,1,9,5,9,1,1,1,11,16,13,13,13,13,13,2,2,2,2,1,1,1,1,1,1,1,1,1,18,228,29,15,1,1,11,14,260,271,1,20,216,66,1,1,1,12,1,1,1,2,10,14,1,14,2,1,1,1,1,1,1,1,1,1,1,1,1,1,1,1,1,1,1,1,1,1,1,1,1,1,1,1,1,1,1,1,1,1,1,1,1,1,1,1,1,1,1,1,1,1,1,1,1,1,1,1,1,1
1,1,1,10,6,10,1,1,1,36,16,13,13,13,13,13,2,2,2,2,1,1,1,1,1,1,1,1,1,18,229,98,81,3,12,11,19,261,272,5,20,281,116,81,3,16,12,1,1,1,2,73,51,1,14,2,24,4,3,2,2,1,1,1,1,1,1,1,1,1,1,1,1,1,1,1,1,1,1,1,1,1,1,1,1,1,1,1,1,1,1,1,1,1,1,1,1,1,1,1,1,1,1,1,1,1,1,1,1
1,1,1,11,4,11,1,1,1,25,16,13,13,13,13,13,2,2,2,2,1,1,1,1,1,1,1,1,1,18,230,12,2,1,2,11,9,262,273,8,20,282,8,1,1,1,12,1,1,1,2,11,26,1,14,2,1,1,1,1,1,1,1,1,1,1,1,1,1,1,1,1,1,1,1,1,1,1,1,1,1,1,1,1,1,1,1,1,1,1,1,1,1,1,1,1,1,1,1,1,1,1,1,1,1,1,1,1,1
1,1,1,12,1,12,1,1,1,28,16,13,13,13,13,13,2,2,2,2,1,1,1,1,1,1,1,1,1,18,231,99,82,1,1,11,15,263,274,5,20,283,16,1,1,1,12,1,1,1,2,40,17,1,14,2,1,1,1,1,1,1,1,1,1,1,1,1,1,1,1,1,1,1,1,1,1,1,1,1,1,1,1,1,1,1,1,1,1,1,1,1,1,1,1,1,1,1,1,1,1,1,1,1,1,1,1,1,1
1,1,1,13,2,13,1,1,1,93,16,13,13,13,13,13,2,2,2,2,1,1,1,1,1,1,1,1,1,18,230,12,2,1,2,11,18,204,275,1,20,284,28,1,1,3,12,1,1,1,2,28,97,1,14,2,1,1,1,1,1,1,1,1,1,1,1,1,1,1,1,1,1,1,1,1,1,1,1,1,1,1,1,1,1,1,1,1,1,1,1,1,1,1,1,1,1,1,1,1,1,1,1,1,1,1,1,1,1
1,1,1,14,3,14,1,1,1,38,16,13,13,13,13,13,2,2,2,2,1,1,1,1,1,1,1,1,1,18,232,2,2,1,2,11,7,262,276,6,20,285,14,1,1,1,12,1,1,1,2,9,25,1,14,2,1,1,1,1,1,1,1,1,1,1,1,1,1,1,1,1,1,1,1,1,1,1,1,1,1,1,1,1,1,1,1,1,1,1,1,1,1,1,1,1,1,1,1,1,1,1,1,1,1,1,1,1,1
1,1,1,25,7,25,1,1,1,31,16,13,13,13,13,13,2,2,2,2,1,1,1,1,1,1,1,1,1,18,233,26,2,1,2,11,13,203,277,9,20,286,17,7,1,6,12,1,1,1,2,16,33,1,14,2,1,1,1,1,1,1,1,1,1,1,1,1,1,1,1,1,1,1,1,1,1,1,1,1,1,1,1,1,1,1,1,1,1,1,1,1,1,1,1,1,1,1,1,1,1,1,1,1,1,1,1,1,1
1,1,1,15,5,15,1,1,1,35,16,13,13,13,13,13,2,2,2,2,1,1,1,1,1,1,1,1,1,18,234,77,60,3,10,11,9,264,210,8,20,287,117,82,3,10,12,1,1,1,2,40,13,1,14,2,2,4,3,2,18,1,1,1,1,1,1,1,1,1,1,1,1,1,1,1,1,1,1,1,1,1,1,1,1,1,1,1,1,1,1,1,1,1,1,1,1,1,1,1,1,1,1,1,1,1,1,1,1
1,1,1,16,6,16,1,1,1,111,16,13,13,13,13,13,2,2,2,2,1,1,1,1,1,1,1,1,1,18,228,29,15,1,1,11,8,265,278,5,20,288,23,1,1,1,12,1,1,1,2,74,97,1,14,2,1,1,1,1,1,1,1,1,1,1,1,1,1,1,1,1,1,1,1,1,1,1,1,1,1,1,1,1,1,1,1,1,1,1,1,1,1,1,1,1,1,1,1,1,1,1,1,1,1,1,1,1,1
1,1,1,17,4,17,1,1,1,75,16,13,13,13,13,13,2,2,2,2,1,1,1,1,1,1,1,1,1,18,232,2,2,1,2,11,7,262,275,5,20,289,25,1,1,3,12,1,1,1,2,40,13,1,14,2,1,1,1,1,1,1,1,1,1,1,1,1,1,1,1,1,1,1,1,1,1,1,1,1,1,1,1,1,1,1,1,1,1,1,1,1,1,1,1,1,1,1,1,1,1,1,1,1,1,1,1,1,1
1,1,1,18,1,18,1,1,1,39,16,13,13,13,13,13,2,2,2,2,1,1,1,1,1,1,1,1,1,18,226,6,2,1,2,11,18,266,279,9,20,290,30,1,1,1,12,1,1,1,2,74,97,1,14,2,1,1,1,1,1,1,1,1,1,1,1,1,1,1,1,1,1,1,1,1,1,1,1,1,1,1,1,1,1,1,1,1,1,1,1,1,1,1,1,1,1,1,1,1,1,1,1,1,1,1,1,1,1
1,1,1,19,2,19,1,1,1,31,16,13,13,13,13,13,2,2,2,2,1,1,1,1,1,1,1,1,1,18,235,19,8,1,1,11,34,260,280,16,20,291,1,1,1,1,12,1,1,1,2,40,50,1,14,2,1,1,1,1,1,1,1,1,1,1,1,1,1,1,1,1,1,1,1,1,1,1,1,1,1,1,1,1,1,1,1,1,1,1,1,1,1,1,1,1,1,1,1,1,1,1,1,1,1,1,1,1,1
1,1,1,20,3,20,1,1,1,67,16,13,13,13,13,13,2,2,2,2,1,1,1,1,1,1,1,1,1,18,236,42,28,3,10,11,47,267,281,3,20,292,101,68,3,4,12,1,1,1,2,56,28,1,14,2,2,4,37,2,2,1,1,1,1,1,1,1,1,1,1,1,1,1,1,1,1,1,1,1,1,1,1,1,1,1,1,1,1,1,1,1,1,1,1,1,1,1,1,1,1,1,1,1,1,1,1,1,1
1,1,1,26,7,26,1,1,1,25,16,13,13,13,13,13,2,2,2,2,1,1,1,1,1,1,1,1,1,18,237,17,2,1,1,11,19,203,282,5,20,293,45,1,1,3,12,1,1,1,2,40,10,1,14,2,1,1,1,1,1,1,1,1,1,1,1,1,1,1,1,1,1,1,1,1,1,1,1,1,1,1,1,1,1,1,1,1,1,1,1,1,1,1,1,1,1,1,1,1,1,1,1,1,1,1,1,1,1
1,1,1,21,5,21,1,1,1,35,16,13,13,13,13,13,2,2,2,2,1,1,1,1,1,1,1,1,1,18,237,17,2,1,1,11,14,268,283,5,20,294,11,1,1,3,12,1,1,1,2,24,24,1,14,2,1,1,1,1,1,1,1,1,1,1,1,1,1,1,1,1,1,1,1,1,1,1,1,1,1,1,1,1,1,1,1,1,1,1,1,1,1,1,1,1,1,1,1,1,1,1,1,1,1,1,1,1,1
1,1,1,22,6,22,1,1,1,26,16,13,13,13,13,13,2,2,2,2,1,1,1,1,1,1,1,1,1,18,238,100,83,3,5,11,9,269,213,1,20,295,118,83,3,5,12,1,1,1,2,14,7,1,14,2,2,4,18,2,4,1,1,1,1,1,1,1,1,1,1,1,1,1,1,1,1,1,1,1,1,1,1,1,1,1,1,1,1,1,1,1,1,1,1,1,1,1,1,1,1,1,1,1,1,1,1,1,1
1,1,1,23,4,23,1,1,1,40,16,13,13,13,13,13,2,2,2,2,1,1,1,1,1,1,1,1,1,18,231,99,82,1,1,11,18,270,284,3,20,296,40,1,1,1,12,1,1,1,2,28,13,1,14,2,1,1,1,1,1,1,1,1,1,1,1,1,1,1,1,1,1,1,1,1,1,1,1,1,1,1,1,1,1,1,1,1,1,1,1,1,1,1,1,1,1,1,1,1,1,1,1,1,1,1,1,1,1
1,1,1,1,1,1,1,1,1,25,16,13,13,13,13,13,2,2,2,2,1,1,1,1,1,1,1,1,1,18,239,101,84,3,16,11,8,180,285,8,20,297,119,84,3,9,12,1,1,1,2,30,51,1,14,2,2,4,38,2,13,4,4,4,1,1,1,1,1,1,1,1,1,1,1,1,1,1,1,1,1,1,1,1,1,1,1,1,1,1,1,1,1,1,1,1,1,1,1,1,1,1,1,1,1,1,1,1,1
1,1,1,2,2,2,1,1,1,35,16,13,13,13,13,13,2,2,2,2,1,1,1,1,1,1,1,1,1,18,240,18,7,3,6,11,40,271,286,3,20,298,72,43,3,4,12,1,1,1,2,77,29,1,14,2,2,4,26,2,53,1,1,1,1,1,1,1,1,1,1,1,1,1,1,1,1,1,1,1,1,1,1,1,1,1,1,1,1,1,1,1,1,1,1,1,1,1,1,1,1,1,1,1,1,1,1,1,1
1,1,1,3,3,3,1,1,1,31,16,13,13,13,13,13,2,2,2,2,1,1,1,1,1,1,1,1,1,18,241,65,49,3,4,11,9,201,287,7,20,299,37,16,1,6,12,1,1,1,2,30,7,1,14,2,1,1,1,1,1,1,1,1,1,1,1,1,1,1,1,1,1,1,1,1,1,1,1,1,1,1,1,1,1,1,1,1,1,1,1,1,1,1,1,1,1,1,1,1,1,1,1,1,1,1,1,1,1
1,1,1,27,7,27,1,1,1,108,16,13,13,13,13,13,2,2,2,2,1,1,1,1,1,1,1,1,1,18,232,2,2,1,2,11,19,258,275,7,20,300,9,1,1,3,12,1,1,1,2,24,10,1,14,2,1,1,1,1,1,1,1,1,1,1,1,1,1,1,1,1,1,1,1,1,1,1,1,1,1,1,1,1,1,1,1,1,1,1,1,1,1,1,1,1,1,1,1,1,1,1,1,1,1,1,1,1,1
1,1,1,29,5,29,1,1,1,92,16,13,13,13,13,13,2,2,2,2,1,1,1,1,1,1,1,1,1,18,242,78,61,3,6,11,7,272,288,7,20,301,115,80,3,10,12,1,1,1,2,10,36,1,14,2,25,4,3,2,54,1,1,1,1,1,1,1,1,1,1,1,1,1,1,1,1,1,1,1,1,1,1,1,1,1,1,1,1,1,1,1,1,1,1,1,1,1,1,1,1,1,1,1,1,1,1,1,1
1,1,1,30,6,30,1,1,1,96,16,13,13,13,13,13,2,2,2,2,1,1,1,1,1,1,1,1,1,18,243,20,9,1,1,11,14,273,273,32,20,302,59,31,3,7,12,1,1,1,2,13,97,1,14,2,2,4,27,2,2,1,1,1,1,1,1,1,1,1,1,1,1,1,1,1,1,1,1,1,1,1,1,1,1,1,1,1,1,1,1,1,1,1,1,1,1,1,1,1,1,1,1,1,1,1,1,1,1
1,1,1,4,4,4,1,1,1,27,16,13,13,13,13,13,2,2,2,2,1,1,1,1,1,1,1,1,1,18,149,102,85,3,13,11,51,37,289,2,20,54,120,85,3,12,12,1,1,1,2,107,13,1,14,2,2,27,12,2,55,1,1,1,1,1,1,1,1,1,1,1,1,1,1,1,1,1,1,1,1,1,1,1,1,1,1,1,1,1,1,1,1,1,1,1,1,1,1,1,1,1,1,1,1,1,1,1,1
1,1,1,5,1,5,1,1,1,78,16,13,13,13,13,13,2,2,2,2,1,1,1,1,1,1,1,1,1,18,240,18,7,3,6,11,40,271,290,15,20,303,77,47,3,10,12,1,1,1,2,51,97,1,14,2,2,28,29,2,35,1,1,1,1,1,1,1,1,1,1,1,1,1,1,1,1,1,1,1,1,1,1,1,1,1,1,1,1,1,1,1,1,1,1,1,1,1,1,1,1,1,1,1,1,1,1,1,1
1,1,1,6,2,6,1,1,1,27,16,13,13,13,13,13,2,2,2,2,1,1,1,1,1,1,1,1,1,18,244,47,33,3,4,11,19,274,203,10,20,304,10,5,1,6,12,1,1,1,2,11,97,1,14,2,1,1,1,1,1,1,1,1,1,1,1,1,1,1,1,1,1,1,1,1,1,1,1,1,1,1,1,1,1,1,1,1,1,1,1,1,1,1,1,1,1,1,1,1,1,1,1,1,1,1,1,1,1
1,1,1,7,3,7,1,1,1,111,16,13,13,13,13,13,2,2,2,2,1,1,1,1,1,1,1,1,1,18,243,20,9,1,1,11,15,275,273,33,20,212,21,10,1,6,12,1,1,1,2,19,50,1,14,2,1,1,1,1,1,1,1,1,1,1,1,1,1,1,1,1,1,1,1,1,1,1,1,1,1,1,1,1,1,1,1,1,1,1,1,1,1,1,1,1,1,1,1,1,1,1,1,1,1,1,1,1,1
1,1,1,28,7,28,1,1,1,14,16,13,13,13,13,13,2,2,2,2,1,1,1,1,1,1,1,1,1,18,245,3,3,1,1,11,21,274,291,1,20,286,17,7,1,6,12,1,1,1,2,29,14,1,14,2,1,1,1,1,1,1,1,1,1,1,1,1,1,1,1,1,1,1,1,1,1,1,1,1,1,1,1,1,1,1,1,1,1,1,1,1,1,1,1,1,1,1,1,1,1,1,1,1,1,1,1,1,1
1,1,1,31,5,31,1,1,1,78,16,13,13,13,13,13,2,2,2,2,1,1,1,1,1,1,1,1,1,18,226,6,2,1,2,11,14,276,292,8,20,285,14,1,1,1,12,1,1,1,2,10,9,1,14,2,1,1,1,1,1,1,1,1,1,1,1,1,1,1,1,1,1,1,1,1,1,1,1,1,1,1,1,1,1,1,1,1,1,1,1,1,1,1,1,1,1,1,1,1,1,1,1,1,1,1,1,1,1
1,1,1,8,3,8,1,1,1,27,17,14,14,14,14,14,7,7,7,7,1,1,1,1,1,1,1,1,1,11,141,5,2,1,2,6,9,156,293,5,21,305,30,1,1,1,9,1,1,1,13,108,98,1,15,3,1,1,1,1,1,1,1,1,1,1,1,1,1,1,1,1,1,1,1,1,1,1,1,1,1,1,1,1,1,1,1,1,1,1,1,1,1,1,1,1,1,1,1,1,1,1,1,1,1,1,1,1,1
1,1,1,24,7,24,1,1,1,73,17,14,14,14,14,14,7,7,7,7,1,1,1,1,1,1,1,1,1,19,246,6,2,1,2,12,33,277,294,7,22,90,8,1,1,1,14,1,1,1,13,109,99,1,15,3,1,1,1,1,1,1,1,1,1,1,1,1,1,1,1,1,1,1,1,1,1,1,1,1,1,1,1,1,1,1,1,1,1,1,1,1,1,1,1,1,1,1,1,1,1,1,1,1,1,1,1,1,1
