1,2,3,4,5,6,7,8,9,10,11,12,13,14,15,16,17,18,19,20,21,22,23,24,25,26,27,28,29,30,31,32,33,34,35,36,37,38,39,40,41,42,43,44,45,46,47,48,49,50,51,52,53,54,55,56,57,58,59,60,61,62,63,64,65,66,67,68,69,70,71,72,73,74,75,76,77,78,79,80,81,82,83,84,85,86,87,88,89,90,91,92,93,94,95,96,97,98,99,100,101,102,103,104,105,106,107,108,109
0,0,0,0,0,0,0,0,0,0,0,0,0,0,0,0,0,0,0,0,0,0,0,0,0,0,0,0,0,0,0,0,0,0,0,0,0,0,0,0,0,0,0,0,0,0,0,0,0,0,0,0,0,0,0,0,0,0,0,0,0,0,0,0,0,0,0,0,0,0,0,0,0,0,0,0,0,0,0,0,0,0,0,0,0,0,0,0,0,0,0,0,0,0,0,0,0,0,0,0,0,0,0,0,0,0,0,0,0
1,1,1,1,1,1,1,1,1,1,1,1,1,1,1,1,1,1,1,1,1,1,1,1,1,1,1,1,1,1,1,1,1,1,1,1,1,1,1,1,1,1,1,1,1,1,1,1,1,1,1,1,1,1,1,1,1,1,1,1,1,1,1,1,1,1,1,1,1,1,1,1,1,1,1,1,1,1,1,1,1,1,1,1,1,1,1,1,1,1,1,1,1,1,1,1,1,1,1,1,1,1,1,1,1,1,1,1,1
1,1,1,2,2,2,1,1,1,2,1,1,1,1,1,1,1,1,1,1,1,1,1,1,1,1,1,1,1,1,2,2,2,1,2,1,1,2,2,2,1,1,1,1,1,1,1,1,1,1,1,2,1,1,1,1,1,1,1,1,1,1,1,1,1,1,1,1,1,1,1,1,1,1,1,1,1,1,1,1,1,1,1,1,1,1,1,1,1,1,1,1,1,1,1,1,1,1,1,1,1,1,1,1,1,1,1,1,1
1,1,1,3,3,3,1,1,1,3,1,1,1,1,1,1,1,1,1,1,1,1,1,1,1,1,1,1,1,1,3,3,3,1,1,1,1,3,2,3,1,2,2,1,1,1,1,1,1,1,1,3,2,1,1,1,1,1,1,1,1,1,1,1,1,1,1,1,1,1,1,1,1,1,1,1,1,1,1,1,1,1,1,1,1,1,1,1,1,1,1,1,1,1,1,1,1,1,1,1,1,1,1,1,1,1,1,1,1
1,1,1,4,4,4,1,1,1,4,1,1,1,1,1,1,1,1,1,1,1,1,1,1,1,1,1,1,1,1,4,4,4,2,3,1,2,4,3,4,1,3,3,2,2,2,1,2,2,1,1,4,3,1,1,1,1,1,1,1,1,1,1,1,1,1,1,1,1,1,1,1,1,1,1,1,1,1,1,1,1,1,1,1,1,1,1,1,1,1,1,1,1,1,1,1,1,1,1,1,1,1,1,1,1,1,1,1,1
1,1,1,5,1,5,1,1,1,5,1,1,1,1,1,1,1,1,1,1,1,1,1,1,1,1,1,1,1,1,5,5,2,1,2,1,3,5,4,5,1,4,4,1,1,3,1,1,1,1,1,5,4,1,1,1,1,1,1,1,1,1,1,1,1,1,1,1,1,1,1,1,1,1,1,1,1,1,1,1,1,1,1,1,1,1,1,1,1,1,1,1,1,1,1,1,1,1,1,1,1,1,1,1,1,1,1,1,1
1,1,1,6,2,6,1,1,1,6,1,1,1,1,1,1,1,1,1,1,1,1,1,1,1,1,1,1,1,1,5,5,2,1,2,1,4,6,5,5,1,2,2,1,1,1,1,1,1,1,1,6,5,1,1,1,1,1,1,1,1,1,1,1,1,1,1,1,1,1,1,1,1,1,1,1,1,1,1,1,1,1,1,1,1,1,1,1,1,1,1,1,1,1,1,1,1,1,1,1,1,1,1,1,1,1,1,1,1
1,1,1,7,3,7,1,1,1,7,1,1,1,1,1,1,1,1,1,1,1,1,1,1,1,1,1,1,1,1,6,6,2,1,2,1,5,1,6,3,1,5,5,1,1,3,1,1,1,1,1,7,6,1,1,1,1,1,1,1,1,1,1,1,1,1,1,1,1,1,1,1,1,1,1,1,1,1,1,1,1,1,1,1,1,1,1,1,1,1,1,1,1,1,1,1,1,1,1,1,1,1,1,1,1,1,1,1,1
1,1,1,8,3,8,1,1,1,8,2,2,2,2,2,2,2,2,2,2,1,1,1,1,1,1,1,1,1,1,7,7,5,3,4,1,6,7,7,1,2,6,6,3,3,4,2,1,1,1,2,8,7,1,2,2,2,2,2,2,2,1,1,1,1,1,1,1,1,1,1,1,1,1,1,1,1,1,1,1,1,1,1,1,1,1,1,1,1,1,1,1,1,1,1,1,1,1,1,1,1,1,1,1,1,1,1,1,1
1,1,1,9,5,9,1,1,1,9,2,2,2,2,2,2,2,2,2,2,1,1,1,1,1,1,1,1,1,1,8,8,6,3,5,1,7,8,8,5,2,7,7,4,3,5,2,1,1,1,2,9,8,1,2,2,2,3,3,2,2,1,1,1,1,1,1,1,1,1,1,1,1,1,1,1,1,1,1,1,1,1,1,1,1,1,1,1,1,1,1,1,1,1,1,1,1,1,1,1,1,1,1,1,1,1,1,1,1
1,1,1,10,6,10,1,1,1,10,2,2,2,2,2,2,2,2,2,2,1,1,1,1,1,1,1,1,1,1,5,5,2,1,2,1,8,9,9,3,2,8,8,1,1,1,2,1,1,1,2,10,7,1,2,2,1,1,1,1,1,1,1,1,1,1,1,1,1,1,1,1,1,1,1,1,1,1,1,1,1,1,1,1,1,1,1,1,1,1,1,1,1,1,1,1,1,1,1,1,1,1,1,1,1,1,1,1,1
1,1,1,11,4,11,1,1,1,11,2,2,2,2,2,2,2,2,2,2,1,1,1,1,1,1,1,1,1,1,9,9,2,1,2,1,9,10,10,5,2,9,9,1,1,3,2,1,1,1,2,11,9,1,2,2,1,1,1,1,1,1,1,1,1,1,1,1,1,1,1,1,1,1,1,1,1,1,1,1,1,1,1,1,1,1,1,1,1,1,1,1,1,1,1,1,1,1,1,1,1,1,1,1,1,1,1,1,1
1,1,1,12,1,12,1,1,1,12,2,2,2,2,2,2,2,2,2,2,1,1,1,1,1,1,1,1,1,1,10,10,2,1,2,1,10,2,11,5,2,10,2,1,1,1,2,1,1,1,2,12,10,1,2,2,1,1,1,1,1,1,1,1,1,1,1,1,1,1,1,1,1,1,1,1,1,1,1,1,1,1,1,1,1,1,1,1,1,1,1,1,1,1,1,1,1,1,1,1,1,1,1,1,1,1,1,1,1
1,1,1,13,2,13,1,1,1,13,2,2,2,2,2,2,2,2,2,2,1,1,1,1,1,1,1,1,1,1,11,11,2,1,2,1,11,11,12,1,2,11,10,5,1,6,2,1,1,1,2,13,10,1,2,2,1,1,1,1,1,1,1,1,1,1,1,1,1,1,1,1,1,1,1,1,1,1,1,1,1,1,1,1,1,1,1,1,1,1,1,1,1,1,1,1,1,1,1,1,1,1,1,1,1,1,1,1,1
1,1,1,14,3,14,1,1,1,14,2,2,2,2,2,2,2,2,2,2,1,1,1,1,1,1,1,1,1,1,12,12,2,1,2,1,8,12,13,6,2,10,2,1,1,1,2,1,1,1,2,10,9,1,2,2,1,1,1,1,1,1,1,1,1,1,1,1,1,1,1,1,1,1,1,1,1,1,1,1,1,1,1,1,1,1,1,1,1,1,1,1,1,1,1,1,1,1,1,1,1,1,1,1,1,1,1,1,1
1,1,1,15,5,15,1,1,1,15,2,2,2,2,2,2,2,2,2,2,1,1,1,1,1,1,1,1,1,1,4,4,4,2,3,1,2,4,3,4,2,3,3,2,2,2,2,2,3,1,2,4,3,1,2,2,1,1,1,1,1,1,1,1,1,1,1,1,1,1,1,1,1,1,1,1,1,1,1,1,1,1,1,1,1,1,1,1,1,1,1,1,1,1,1,1,1,1,1,1,1,1,1,1,1,1,1,1,1
1,1,1,16,6,16,1,1,1,16,2,2,2,2,2,2,2,2,2,2,1,1,1,1,1,1,1,1,1,1,13,13,2,1,2,1,9,13,14,7,2,12,11,1,1,3,2,1,1,1,2,14,9,1,2,2,1,1,1,1,1,1,1,1,1,1,1,1,1,1,1,1,1,1,1,1,1,1,1,1,1,1,1,1,1,1,1,1,1,1,1,1,1,1,1,1,1,1,1,1,1,1,1,1,1,1,1,1,1
1,1,1,17,4,17,1,1,1,17,2,2,2,2,2,2,2,2,2,2,1,1,1,1,1,1,1,1,1,1,14,14,2,1,2,1,3,14,15,8,2,13,12,1,1,1,2,1,1,1,2,15,7,1,2,2,1,1,1,1,1,1,1,1,1,1,1,1,1,1,1,1,1,1,1,1,1,1,1,1,1,1,1,1,1,1,1,1,1,1,1,1,1,1,1,1,1,1,1,1,1,1,1,1,1,1,1,1,1
1,1,1,18,1,18,1,1,1,18,2,2,2,2,2,2,2,2,2,2,1,1,1,1,1,1,1,1,1,1,15,15,2,1,2,1,12,15,16,8,2,14,13,6,1,6,2,1,1,1,2,16,11,1,2,2,1,1,1,1,1,1,1,1,1,1,1,1,1,1,1,1,1,1,1,1,1,1,1,1,1,1,1,1,1,1,1,1,1,1,1,1,1,1,1,1,1,1,1,1,1,1,1,1,1,1,1,1,11,1,1,19,2,19,1,1,1,19,2,2,2,2,2,2,2,2,2,2,1,1,1,1,1,1,1,1,1,1,14,14,2,1,2,1,13,12,15,5,2,15,14,1,1,1,2,1,1,1,2,17,12,1,2,2,1,1,1,1,1,1,1,1,1,1,1,1,1,1,1,1,1,1,1,1,1,1,1,1,1,1,1,1,1,1,1,1,1,1,1,1,1,1,1,1,1,1,1,1,1,1,1,1,1,1,1,1,1
1,1,1,20,3,20,1,1,1,14,2,2,2,2,2,2,2,2,2,2,1,1,1,1,1,1,1,1,1,1,14,14,2,1,2,1,9,16,10,7,2,16,15,1,1,3,2,1,1,1,2,18,13,1,2,2,1,1,1,1,1,1,1,1,1,1,1,1,1,1,1,1,1,1,1,1,1,1,1,1,1,1,1,1,1,1,1,1,1,1,1,1,1,1,1,1,1,1,1,1,1,1,1,1,1,1,1,1,1
1,1,1,21,5,21,1,1,1,10,2,2,2,2,2,2,2,2,2,2,1,1,1,1,1,1,1,1,1,1,14,14,2,1,2,1,14,17,14,9,2,8,8,1,1,1,2,1,1,1,2,9,14,1,2,2,1,1,1,1,1,1,1,1,1,1,1,1,1,1,1,1,1,1,1,1,1,1,1,1,1,1,1,1,1,1,1,1,1,1,1,1,1,1,1,1,1,1,1,1,1,1,1,1,1,1,1,1,1
1,1,1,22,6,22,1,1,1,20,2,2,2,2,2,2,2,2,2,2,1,1,1,1,1,1,1,1,1,1,16,16,2,1,2,1,15,16,17,8,2,12,11,1,1,3,2,1,1,1,2,11,11,1,2,2,1,1,1,1,1,1,1,1,1,1,1,1,1,1,1,1,1,1,1,1,1,1,1,1,1,1,1,1,1,1,1,1,1,1,1,1,1,1,1,1,1,1,1,1,1,1,1,1,1,1,1,1,1
1,1,1,23,4,23,1,1,1,21,2,2,2,2,2,2,2,2,2,2,1,1,1,1,1,1,1,1,1,1,12,12,2,1,2,1,13,2,18,8,2,17,16,1,1,1,2,1,1,1,2,12,8,1,2,2,1,1,1,1,1,1,1,1,1,1,1,1,1,1,1,1,1,1,1,1,1,1,1,1,1,1,1,1,1,1,1,1,1,1,1,1,1,1,1,1,1,1,1,1,1,1,1,1,1,1,1,1,1
1,1,1,1,1,1,1,1,1,16,2,2,2,2,2,2,2,2,2,2,1,1,1,1,1,1,1,1,1,1,17,17,2,1,1,1,5,3,19,3,2,18,17,7,1,6,2,1,1,1,2,19,15,1,2,2,1,1,1,1,1,1,1,1,1,1,1,1,1,1,1,1,1,1,1,1,1,1,1,1,1,1,1,1,1,1,1,1,1,1,1,1,1,1,1,1,1,1,1,1,1,1,1,1,1,1,1,1,1
1,1,1,2,2,2,1,1,1,22,2,2,2,2,2,2,2,2,2,2,1,1,1,1,1,1,1,1,1,1,2,2,2,1,2,1,16,18,20,10,2,19,18,8,3,7,2,1,1,1,2,20,9,1,2,2,2,4,4,2,2,1,1,1,1,1,1,1,1,1,1,1,1,1,1,1,1,1,1,1,1,1,1,1,1,1,1,1,1,1,1,1,1,1,1,1,1,1,1,1,1,1,1,1,1,1,1,1,1
1,1,1,3,3,3,1,1,1,23,2,2,2,2,2,2,2,2,2,2,1,1,1,1,1,1,1,1,1,1,18,18,7,3,6,1,8,19,21,5,2,20,19,9,3,7,2,1,1,1,2,11,7,1,2,2,2,5,3,2,2,1,1,1,1,1,1,1,1,1,1,1,1,1,1,1,1,1,1,1,1,1,1,1,1,1,1,1,1,1,1,1,1,1,1,1,1,1,1,1,1,1,1,1,1,1,1,1,1
1,1,1,4,4,4,1,1,1,24,2,2,2,2,2,2,2,2,2,2,1,1,1,1,1,1,1,1,1,1,17,17,2,1,1,1,3,20,22,2,2,21,20,1,1,6,2,1,1,1,2,21,10,1,2,2,1,1,1,1,1,1,1,1,1,1,1,1,1,1,1,1,1,1,1,1,1,1,1,1,1,1,1,1,1,1,1,1,1,1,1,1,1,1,1,1,1,1,1,1,1,1,1,1,1,1,1,1,1
1,1,1,5,1,5,1,1,1,3,2,2,2,2,2,2,2,2,2,2,1,1,1,1,1,1,1,1,1,1,4,4,4,2,3,1,2,4,3,4,2,3,3,2,2,2,2,2,3,1,2,4,3,1,2,2,1,1,1,1,1,1,1,1,1,1,1,1,1,1,1,1,1,1,1,1,1,1,1,1,1,1,1,1,1,1,1,1,1,1,1,1,1,1,1,1,1,1,1,1,1,1,1,1,1,1,1,1,1
1,1,1,6,2,6,1,1,1,10,2,2,2,2,2,2,2,2,2,2,1,1,1,1,1,1,1,1,1,1,17,17,2,1,1,1,17,21,23,1,2,22,21,10,1,6,2,1,1,1,2,22,7,1,2,2,1,1,1,1,1,1,1,1,1,1,1,1,1,1,1,1,1,1,1,1,1,1,1,1,1,1,1,1,1,1,1,1,1,1,1,1,1,1,1,1,1,1,1,1,1,1,1,1,1,1,1,1,1
1,1,1,7,3,7,1,1,1,4,2,2,2,2,2,2,2,2,2,2,1,1,1,1,1,1,1,1,1,1,2,2,2,1,2,1,16,18,24,5,2,23,22,11,3,7,2,1,1,1,2,23,16,1,2,2,2,4,5,2,2,1,1,1,1,1,1,1,1,1,1,1,1,1,1,1,1,1,1,1,1,1,1,1,1,1,1,1,1,1,1,1,1,1,1,1,1,1,1,1,1,1,1,1,1,1,1,1,1
1,1,1,24,7,24,1,1,1,25,3,3,3,3,3,3,3,3,3,3,1,1,1,1,1,1,1,1,1,2,19,5,2,1,2,2,9,22,25,3,3,24,23,1,1,1,3,1,1,1,3,24,17,1,3,3,1,1,1,1,1,1,1,1,1,1,1,1,1,1,1,1,1,1,1,1,1,1,1,1,1,1,1,1,1,1,1,1,1,1,1,1,1,1,1,1,1,1,1,1,1,1,1,1,1,1,1,1,1
1,1,1,9,5,9,1,1,1,26,3,3,3,3,3,3,3,3,3,3,1,1,1,1,1,1,1,1,1,2,20,19,8,1,1,2,9,23,26,3,3,25,24,1,1,1,3,1,1,1,3,25,18,1,3,3,1,1,1,1,1,1,1,1,1,1,1,1,1,1,1,1,1,1,1,1,1,1,1,1,1,1,1,1,1,1,1,1,1,1,1,1,1,1,1,1,1,1,1,1,1,1,1,1,1,1,1,1,1
1,1,1,10,6,10,1,1,1,27,3,3,3,3,3,3,3,3,3,3,1,1,1,1,1,1,1,1,1,2,21,16,2,1,2,2,14,24,27,11,3,26,11,1,1,3,3,1,1,1,3,26,19,1,3,3,1,1,1,1,1,1,1,1,1,1,1,1,1,1,1,1,1,1,1,1,1,1,1,1,1,1,1,1,1,1,1,1,1,1,1,1,1,1,1,1,1,1,1,1,1,1,1,1,1,1,1,1,1
1,1,1,11,4,11,1,1,1,11,3,3,3,3,3,3,3,3,3,3,1,1,1,1,1,1,1,1,1,2,19,5,2,1,2,2,9,22,28,7,3,27,8,1,1,1,3,1,1,1,3,27,20,1,3,3,1,1,1,1,1,1,1,1,1,1,1,1,1,1,1,1,1,1,1,1,1,1,1,1,1,1,1,1,1,1,1,1,1,1,1,1,1,1,1,1,1,1,1,1,1,1,1,1,1,1,1,1,1
1,1,1,12,1,12,1,1,1,28,3,3,3,3,3,3,3,3,3,3,1,1,1,1,1,1,1,1,1,2,21,16,2,1,2,2,9,25,29,8,3,28,25,1,1,3,3,1,1,1,3,25,21,1,3,3,1,1,1,1,1,1,1,1,1,1,1,1,1,1,1,1,1,1,1,1,1,1,1,1,1,1,1,1,1,1,1,1,1,1,1,1,1,1,1,1,1,1,1,1,1,1,1,1,1,1,1,1,1
1,1,1,13,2,13,1,1,1,29,3,3,3,3,3,3,3,3,3,3,1,1,1,1,1,1,1,1,1,2,22,15,2,1,2,2,5,26,30,5,3,29,20,1,1,6,3,1,1,1,3,28,20,1,3,3,1,1,1,1,1,1,1,1,1,1,1,1,1,1,1,1,1,1,1,1,1,1,1,1,1,1,1,1,1,1,1,1,1,1,1,1,1,1,1,1,1,1,1,1,1,1,1,1,1,1,1,1,1
1,1,1,25,7,25,1,1,1,30,3,3,3,3,3,3,3,3,3,3,1,1,1,1,1,1,1,1,1,2,23,20,9,1,1,2,12,27,31,7,3,30,26,12,3,7,3,1,1,1,3,29,20,1,3,3,2,4,6,2,2,1,1,1,1,1,1,1,1,1,1,1,1,1,1,1,1,1,1,1,1,1,1,1,1,1,1,1,1,1,1,1,1,1,1,1,1,1,1,1,1,1,1,1,1,1,1,1,1
1,1,1,15,5,15,1,1,1,31,3,3,3,3,3,3,3,3,3,3,1,1,1,1,1,1,1,1,1,2,24,14,2,1,2,2,7,24,29,12,3,31,27,1,1,1,3,1,1,1,3,30,18,1,3,3,1,1,1,1,1,1,1,1,1,1,1,1,1,1,1,1,1,1,1,1,1,1,1,1,1,1,1,1,1,1,1,1,1,1,1,1,1,1,1,1,1,1,1,1,1,1,1,1,1,1,1,1,1
1,1,1,16,6,16,1,1,1,32,3,3,3,3,3,3,3,3,3,3,1,1,1,1,1,1,1,1,1,2,25,6,2,1,2,2,13,28,32,6,3,31,27,1,1,1,3,1,1,1,3,31,19,1,3,3,1,1,1,1,1,1,1,1,1,1,1,1,1,1,1,1,1,1,1,1,1,1,1,1,1,1,1,1,1,1,1,1,1,1,1,1,1,1,1,1,1,1,1,1,1,1,1,1,1,1,1,1,1
1,1,1,17,4,17,1,1,1,33,3,3,3,3,3,3,3,3,3,3,1,1,1,1,1,1,1,1,1,2,26,21,2,1,2,2,18,29,29,3,3,32,28,1,1,3,3,1,1,1,3,31,20,1,3,3,1,1,1,1,1,1,1,1,1,1,1,1,1,1,1,1,1,1,1,1,1,1,1,1,1,1,1,1,1,1,1,1,1,1,1,1,1,1,1,1,1,1,1,1,1,1,1,1,1,1,1,1,1
1,1,1,18,1,18,1,1,1,34,3,3,3,3,3,3,3,3,3,3,1,1,1,1,1,1,1,1,1,2,19,5,2,1,2,2,9,22,33,1,3,33,12,1,1,1,3,1,1,1,3,32,22,1,3,3,1,1,1,1,1,1,1,1,1,1,1,1,1,1,1,1,1,1,1,1,1,1,1,1,1,1,1,1,1,1,1,1,1,1,1,1,1,1,1,1,1,1,1,1,1,1,1,1,1,1,1,1,1
1,1,1,19,2,19,1,1,1,35,3,3,3,3,3,3,3,3,3,3,1,1,1,1,1,1,1,1,1,2,27,13,2,1,2,2,19,25,34,5,3,34,29,1,1,3,3,1,1,1,3,27,20,1,3,3,1,1,1,1,1,1,1,1,1,1,1,1,1,1,1,1,1,1,1,1,1,1,1,1,1,1,1,1,1,1,1,1,1,1,1,1,1,1,1,1,1,1,1,1,1,1,1,1,1,1,1,1,1
1,1,1,26,7,26,1,1,1,36,3,3,3,3,3,3,3,3,3,3,1,1,1,1,1,1,1,1,1,2,24,14,2,1,2,2,18,22,33,8,3,35,30,1,1,1,3,1,1,1,3,27,22,1,3,3,1,1,1,1,1,1,1,1,1,1,1,1,1,1,1,1,1,1,1,1,1,1,1,1,1,1,1,1,1,1,1,1,1,1,1,1,1,1,1,1,1,1,1,1,1,1,1,1,1,1,1,1,1
1,1,1,21,5,21,1,1,1,37,3,3,3,3,3,3,3,3,3,3,1,1,1,1,1,1,1,1,1,2,28,11,2,1,2,2,20,30,33,13,3,36,31,1,1,1,3,1,1,1,3,15,23,1,3,3,1,1,1,1,1,1,1,1,1,1,1,1,1,1,1,1,1,1,1,1,1,1,1,1,1,1,1,1,1,1,1,1,1,1,1,1,1,1,1,1,1,1,1,1,1,1,1,1,1,1,1,1,1
1,1,1,22,6,22,1,1,1,38,3,3,3,3,3,3,3,3,3,3,1,1,1,1,1,1,1,1,1,2,29,22,10,3,6,2,14,31,35,6,3,37,22,11,3,7,3,1,1,1,3,26,22,1,3,3,2,4,7,2,3,1,1,1,1,1,1,1,1,1,1,1,1,1,1,1,1,1,1,1,1,1,1,1,1,1,1,1,1,1,1,1,1,1,1,1,1,1,1,1,1,1,1,1,1,1,1,1,1
1,1,1,23,4,23,1,1,1,26,3,3,3,3,3,3,3,3,3,3,1,1,1,1,1,1,1,1,1,2,30,23,2,1,2,2,15,32,29,3,3,32,28,1,1,3,3,1,1,1,3,24,19,1,3,3,1,1,1,1,1,1,1,1,1,1,1,1,1,1,1,1,1,1,1,1,1,1,1,1,1,1,1,1,1,1,1,1,1,1,1,1,1,1,1,1,1,1,1,1,1,1,1,1,1,1,1,1,1
1,1,1,1,1,1,1,1,1,26,3,3,3,3,3,3,3,3,3,3,1,1,1,1,1,1,1,1,1,2,4,4,4,2,3,2,2,4,3,4,3,3,3,2,2,2,3,2,3,1,3,4,3,1,3,3,1,1,1,1,1,1,1,1,1,1,1,1,1,1,1,1,1,1,1,1,1,1,1,1,1,1,1,1,1,1,1,1,1,1,1,1,1,1,1,1,1,1,1,1,1,1,1,1,1,1,1,1,1
1,1,1,2,2,2,1,1,1,26,3,3,3,3,3,3,3,3,3,3,1,1,1,1,1,1,1,1,1,2,31,24,11,3,7,2,5,33,36,8,3,38,32,13,3,5,3,1,1,1,3,18,21,1,3,3,2,4,3,2,4,1,1,1,1,1,1,1,1,1,1,1,1,1,1,1,1,1,1,1,1,1,1,1,1,1,1,1,1,1,1,1,1,1,1,1,1,1,1,1,1,1,1,1,1,1,1,1,1
1,1,1,27,7,27,1,1,1,27,3,3,3,3,3,3,3,3,3,3,1,1,1,1,1,1,1,1,1,2,19,5,2,1,2,2,19,24,34,1,3,27,8,1,1,1,3,1,1,1,3,27,22,1,3,3,1,1,1,1,1,1,1,1,1,1,1,1,1,1,1,1,1,1,1,1,1,1,1,1,1,1,1,1,1,1,1,1,1,1,1,1,1,1,1,1,1,1,1,1,1,1,1,1,1,1,1,1,1
1,1,1,4,4,4,1,1,1,39,3,3,3,3,3,3,3,3,3,3,1,1,1,1,1,1,1,1,1,2,4,4,4,2,3,2,2,4,3,4,3,3,3,2,2,2,3,2,2,1,3,4,3,1,3,3,1,1,1,1,1,1,1,1,1,1,1,1,1,1,1,1,1,1,1,1,1,1,1,1,1,1,1,1,1,1,1,1,1,1,1,1,1,1,1,1,1,1,1,1,1,1,1,1,1,1,1,1,1
1,1,1,5,1,5,1,1,1,40,3,3,3,3,3,3,3,3,3,3,1,1,1,1,1,1,1,1,1,2,32,25,12,3,4,2,5,34,37,5,3,39,33,14,3,7,3,1,1,1,3,33,19,1,3,3,2,6,3,2,5,1,1,1,1,1,1,1,1,1,1,1,1,1,1,1,1,1,1,1,1,1,1,1,1,1,1,1,1,1,1,1,1,1,1,1,1,1,1,1,1,1,1,1,1,1,1,1,1
1,1,1,6,2,6,1,1,1,34,3,3,3,3,3,3,3,3,3,3,1,1,1,1,1,1,1,1,1,2,24,14,2,1,2,2,21,35,30,10,3,40,34,15,1,6,3,1,1,1,3,21,24,1,3,3,1,1,1,1,1,1,1,1,1,1,1,1,1,1,1,1,1,1,1,1,1,1,1,1,1,1,1,1,1,1,1,1,1,1,1,1,1,1,1,1,1,1,1,1,1,1,1,1,1,1,1,1,1
1,1,1,28,7,28,1,1,1,41,3,3,3,3,3,3,3,3,3,3,1,1,1,1,1,1,1,1,1,2,27,13,2,1,2,2,1,36,38,7,3,41,35,1,1,1,3,1,1,1,3,18,24,1,3,3,1,1,1,1,1,1,1,1,1,1,1,1,1,1,1,1,1,1,1,1,1,1,1,1,1,1,1,1,1,1,1,1,1,1,1,1,1,1,1,1,1,1,1,1,1,1,1,1,1,1,1,1,1
1,1,1,8,3,8,1,1,1,42,4,2,2,2,2,2,2,2,2,2,1,1,1,1,1,1,1,1,1,3,33,10,2,1,2,3,14,37,39,8,4,42,11,1,1,3,4,1,1,1,4,34,25,1,2,2,1,1,1,1,1,1,1,1,1,1,1,1,1,1,1,1,1,1,1,1,1,1,1,1,1,1,1,1,1,1,1,1,1,1,1,1,1,1,1,1,1,1,1,1,1,1,1,1,1,1,1,1,1
1,1,1,24,7,24,1,1,1,20,4,2,2,2,2,2,2,2,2,2,1,1,1,1,1,1,1,1,1,4,34,14,2,1,2,3,5,38,40,3,5,43,28,1,1,3,4,1,1,1,4,35,13,1,2,2,1,1,1,1,1,1,1,1,1,1,1,1,1,1,1,1,1,1,1,1,1,1,1,1,1,1,1,1,1,1,1,1,1,1,1,1,1,1,1,1,1,1,1,1,1,1,1,1,1,1,1,1,1
1,1,1,9,5,9,1,1,1,43,4,2,2,2,2,2,2,2,2,2,1,1,1,1,1,1,1,1,1,4,35,20,9,1,1,3,18,39,41,9,5,44,23,1,1,1,4,1,1,1,4,15,9,1,2,2,1,1,1,1,1,1,1,1,1,1,1,1,1,1,1,1,1,1,1,1,1,1,1,1,1,1,1,1,1,1,1,1,1,1,1,1,1,1,1,1,1,1,1,1,1,1,1,1,1,1,1,1,1
1,1,1,10,6,10,1,1,1,44,4,2,2,2,2,2,2,2,2,2,1,1,1,1,1,1,1,1,1,4,36,26,2,1,2,3,18,40,42,6,5,45,36,1,1,3,4,1,1,1,4,33,14,1,2,2,1,1,1,1,1,1,1,1,1,1,1,1,1,1,1,1,1,1,1,1,1,1,1,1,1,1,1,1,1,1,1,1,1,1,1,1,1,1,1,1,1,1,1,1,1,1,1,1,1,1,1,1,1
1,1,1,11,4,11,1,1,1,45,4,2,2,2,2,2,2,2,2,2,1,1,1,1,1,1,1,1,1,4,37,17,2,1,1,3,15,39,43,5,5,46,29,1,1,3,4,1,1,1,4,36,7,1,2,2,1,1,1,1,1,1,1,1,1,1,1,1,1,1,1,1,1,1,1,1,1,1,1,1,1,1,1,1,1,1,1,1,1,1,1,1,1,1,1,1,1,1,1,1,1,1,1,1,1,1,1,1,1
1,1,1,12,1,12,1,1,1,16,4,2,2,2,2,2,2,2,2,2,1,1,1,1,1,1,1,1,1,4,34,14,2,1,2,3,8,41,44,7,5,47,9,1,1,3,4,1,1,1,4,36,14,1,2,2,1,1,1,1,1,1,1,1,1,1,1,1,1,1,1,1,1,1,1,1,1,1,1,1,1,1,1,1,1,1,1,1,1,1,1,1,1,1,1,1,1,1,1,1,1,1,1,1,1,1,1,1,1
1,1,1,13,2,13,1,1,1,46,4,2,2,2,2,2,2,2,2,2,1,1,1,1,1,1,1,1,1,4,36,26,2,1,2,3,9,42,42,6,5,45,36,1,1,3,4,1,1,1,4,33,11,1,2,2,1,1,1,1,1,1,1,1,1,1,1,1,1,1,1,1,1,1,1,1,1,1,1,1,1,1,1,1,1,1,1,1,1,1,1,1,1,1,1,1,1,1,1,1,1,1,1,1,1,1,1,1,1
1,1,1,14,3,14,1,1,1,47,4,2,2,2,2,2,2,2,2,2,1,1,1,1,1,1,1,1,1,3,38,17,2,1,1,3,22,43,45,1,4,48,20,1,1,6,4,1,1,1,4,37,12,1,2,2,1,1,1,1,1,1,1,1,1,1,1,1,1,1,1,1,1,1,1,1,1,1,1,1,1,1,1,1,1,1,1,1,1,1,1,1,1,1,1,1,1,1,1,1,1,1,1,1,1,1,1,1,1
1,1,1,25,7,25,1,1,1,48,4,2,2,2,2,2,2,2,2,2,1,1,1,1,1,1,1,1,1,4,37,17,2,1,1,3,4,44,46,14,5,49,37,16,1,6,4,1,1,1,4,38,15,1,2,2,1,1,1,1,1,1,1,1,1,1,1,1,1,1,1,1,1,1,1,1,1,1,1,1,1,1,1,1,1,1,1,1,1,1,1,1,1,1,1,1,1,1,1,1,1,1,1,1,1,1,1,1,1
1,1,1,15,5,15,1,1,1,15,4,2,2,2,2,2,2,2,2,2,1,1,1,1,1,1,1,1,1,4,39,27,13,3,4,3,18,45,47,5,5,50,31,1,1,1,4,1,1,1,4,14,14,1,2,2,1,1,1,1,1,1,1,1,1,1,1,1,1,1,1,1,1,1,1,1,1,1,1,1,1,1,1,1,1,1,1,1,1,1,1,1,1,1,1,1,1,1,1,1,1,1,1,1,1,1,1,1,1
1,1,1,16,6,16,1,1,1,49,4,2,2,2,2,2,2,2,2,2,1,1,1,1,1,1,1,1,1,4,40,28,14,3,8,3,9,46,48,2,5,51,38,17,3,8,4,1,1,1,4,34,26,1,2,2,3,4,3,2,6,1,1,1,1,1,1,1,1,1,1,1,1,1,1,1,1,1,1,1,1,1,1,1,1,1,1,1,1,1,1,1,1,1,1,1,1,1,1,1,1,1,1,1,1,1,1,1,1
1,1,1,17,4,17,1,1,1,50,4,2,2,2,2,2,2,2,2,2,1,1,1,1,1,1,1,1,1,4,41,11,2,1,2,3,7,47,49,5,5,52,39,1,1,3,4,1,1,1,4,14,12,1,2,2,1,1,1,1,1,1,1,1,1,1,1,1,1,1,1,1,1,1,1,1,1,1,1,1,1,1,1,1,1,1,1,1,1,1,1,1,1,1,1,1,1,1,1,1,1,1,1,1,1,1,1,1,1
1,1,1,18,1,18,1,1,1,19,4,2,2,2,2,2,2,2,2,2,1,1,1,1,1,1,1,1,1,4,38,5,2,1,2,3,4,48,50,2,5,53,40,1,1,1,4,1,1,1,4,39,26,1,2,2,1,1,1,1,1,1,1,1,1,1,1,1,1,1,1,1,1,1,1,1,1,1,1,1,1,1,1,1,1,1,1,1,1,1,1,1,1,1,1,1,1,1,1,1,1,1,1,1,1,1,1,1,1
1,1,1,19,2,19,1,1,1,15,4,2,2,2,2,2,2,2,2,2,1,1,1,1,1,1,1,1,1,4,42,13,2,1,2,3,9,40,51,6,5,54,41,1,1,3,4,1,1,1,4,40,7,1,2,2,1,1,1,1,1,1,1,1,1,1,1,1,1,1,1,1,1,1,1,1,1,1,1,1,1,1,1,1,1,1,1,1,1,1,1,1,1,1,1,1,1,1,1,1,1,1,1,1,1,1,1,1,1
1,1,1,20,3,20,1,1,1,10,4,2,2,2,2,2,2,2,2,2,1,1,1,1,1,1,1,1,1,3,34,15,2,1,2,3,13,49,52,15,4,55,10,5,1,6,4,1,1,1,4,38,27,1,2,2,1,1,1,1,1,1,1,1,1,1,1,1,1,1,1,1,1,1,1,1,1,1,1,1,1,1,1,1,1,1,1,1,1,1,1,1,1,1,1,1,1,1,1,1,1,1,1,1,1,1,1,1,1
1,1,1,26,7,26,1,1,1,42,4,2,2,2,2,2,2,2,2,2,1,1,1,1,1,1,1,1,1,4,43,29,15,1,1,3,9,50,50,3,5,56,1,1,1,1,4,1,1,1,4,35,28,1,2,2,1,1,1,1,1,1,1,1,1,1,1,1,1,1,1,1,1,1,1,1,1,1,1,1,1,1,1,1,1,1,1,1,1,1,1,1,1,1,1,1,1,1,1,1,1,1,1,1,1,1,1,1,1
1,1,1,21,5,21,1,1,1,51,4,2,2,2,2,2,2,2,2,2,1,1,1,1,1,1,1,1,1,4,44,6,2,1,2,3,20,48,53,1,5,57,12,1,1,1,4,1,1,1,4,17,7,1,2,2,1,1,1,1,1,1,1,1,1,1,1,1,1,1,1,1,1,1,1,1,1,1,1,1,1,1,1,1,1,1,1,1,1,1,1,1,1,1,1,1,1,1,1,1,1,1,1,1,1,1,1,1,1
1,1,1,22,6,22,1,1,1,48,4,2,2,2,2,2,2,2,2,2,1,1,1,1,1,1,1,1,1,4,44,6,2,1,2,3,19,51,41,7,5,58,8,1,1,1,4,1,1,1,4,35,16,1,2,2,1,1,1,1,1,1,1,1,1,1,1,1,1,1,1,1,1,1,1,1,1,1,1,1,1,1,1,1,1,1,1,1,1,1,1,1,1,1,1,1,1,1,1,1,1,1,1,1,1,1,1,1,1
1,1,1,23,4,23,1,1,1,43,4,2,2,2,2,2,2,2,2,2,1,1,1,1,1,1,1,1,1,4,45,2,2,1,2,3,13,39,53,3,5,59,2,1,1,1,4,1,1,1,4,17,11,1,2,2,1,1,1,1,1,1,1,1,1,1,1,1,1,1,1,1,1,1,1,1,1,1,1,1,1,1,1,1,1,1,1,1,1,1,1,1,1,1,1,1,1,1,1,1,1,1,1,1,1,1,1,1,1
1,1,1,1,1,1,1,1,1,3,4,2,2,2,2,2,2,2,2,2,1,1,1,1,1,1,1,1,1,4,4,4,4,2,3,3,2,4,3,4,5,3,3,2,2,2,4,2,3,1,4,4,3,1,2,2,1,1,1,1,1,1,1,1,1,1,1,1,1,1,1,1,1,1,1,1,1,1,1,1,1,1,1,1,1,1,1,1,1,1,1,1,1,1,1,1,1,1,1,1,1,1,1,1,1,1,1,1,1
1,1,1,2,2,2,1,1,1,52,4,2,2,2,2,2,2,2,2,2,1,1,1,1,1,1,1,1,1,4,46,30,16,3,9,3,23,52,54,16,5,60,42,18,3,9,4,1,1,1,4,41,10,1,2,2,2,4,8,2,7,1,1,1,1,1,1,1,1,1,1,1,1,1,1,1,1,1,1,1,1,1,1,1,1,1,1,1,1,1,1,1,1,1,1,1,1,1,1,1,1,1,1,1,1,1,1,1,1
1,1,1,3,3,3,1,1,1,53,4,2,2,2,2,2,2,2,2,2,1,1,1,1,1,1,1,1,1,3,36,2,2,1,2,3,24,53,55,17,4,61,43,19,1,6,4,1,1,1,4,41,11,1,2,2,1,1,1,1,1,1,1,1,1,1,1,1,1,1,1,1,1,1,1,1,1,1,1,1,1,1,1,1,1,1,1,1,1,1,1,1,1,1,1,1,1,1,1,1,1,1,1,1,1,1,1,1,1
1,1,1,18,1,18,1,1,1,54,5,4,4,4,4,4,4,4,4,4,1,1,1,1,1,1,1,1,1,5,47,26,2,1,2,1,25,54,56,9,6,62,44,1,1,3,5,1,1,1,5,42,12,1,4,2,1,1,1,1,1,1,1,1,1,1,1,1,1,1,1,1,1,1,1,1,1,1,1,1,1,1,1,1,1,1,1,1,1,1,1,1,1,1,1,1,1,1,1,1,1,1,1,1,1,1,1,1,1
1,1,1,19,2,19,1,1,1,2,5,4,4,4,4,4,4,4,4,4,1,1,1,1,1,1,1,1,1,5,48,5,2,1,2,1,10,55,57,9,6,63,15,1,1,3,5,1,1,1,5,22,9,1,4,2,1,1,1,1,1,1,1,1,1,1,1,1,1,1,1,1,1,1,1,1,1,1,1,1,1,1,1,1,1,1,1,1,1,1,1,1,1,1,1,1,1,1,1,1,1,1,1,1,1,1,1,1,1
1,1,1,20,3,20,1,1,1,6,5,4,4,4,4,4,4,4,4,4,1,1,1,1,1,1,1,1,1,5,49,31,17,3,10,1,15,56,58,3,6,64,33,14,3,7,5,1,1,1,5,21,25,1,4,2,2,4,9,2,2,1,1,1,1,1,1,1,1,1,1,1,1,1,1,1,1,1,1,1,1,1,1,1,1,1,1,1,1,1,1,1,1,1,1,1,1,1,1,1,1,1,1,1,1,1,1,1,1
1,1,1,26,7,26,1,1,1,2,5,4,4,4,4,4,4,4,4,4,1,1,1,1,1,1,1,1,1,5,50,13,2,1,2,1,9,57,56,18,6,65,45,1,1,3,5,1,1,1,5,43,29,1,4,2,1,1,1,1,1,1,1,1,1,1,1,1,1,1,1,1,1,1,1,1,1,1,1,1,1,1,1,1,1,1,1,1,1,1,1,1,1,1,1,1,1,1,1,1,1,1,1,1,1,1,1,1,1
1,1,1,21,5,21,1,1,1,42,5,4,4,4,4,4,4,4,4,4,1,1,1,1,1,1,1,1,1,5,51,10,2,1,2,1,17,58,59,13,6,66,46,1,1,1,5,1,1,1,5,44,30,1,4,2,1,1,1,1,1,1,1,1,1,1,1,1,1,1,1,1,1,1,1,1,1,1,1,1,1,1,1,1,1,1,1,1,1,1,1,1,1,1,1,1,1,1,1,1,1,1,1,1,1,1,1,1,1
1,1,1,22,6,22,1,1,1,41,5,4,4,4,4,4,4,4,4,4,1,1,1,1,1,1,1,1,1,5,48,5,2,1,2,1,15,59,60,19,6,67,29,1,1,3,5,1,1,1,5,45,30,1,4,2,1,1,1,1,1,1,1,1,1,1,1,1,1,1,1,1,1,1,1,1,1,1,1,1,1,1,1,1,1,1,1,1,1,1,1,1,1,1,1,1,1,1,1,1,1,1,1,1,1,1,1,1,1
1,1,1,23,4,23,1,1,1,55,5,4,4,4,4,4,4,4,4,4,1,1,1,1,1,1,1,1,1,5,52,17,2,1,1,1,26,60,61,20,6,68,13,6,1,6,5,1,1,1,5,46,29,1,4,2,1,1,1,1,1,1,1,1,1,1,1,1,1,1,1,1,1,1,1,1,1,1,1,1,1,1,1,1,1,1,1,1,1,1,1,1,1,1,1,1,1,1,1,1,1,1,1,1,1,1,1,1,1
1,1,1,1,1,1,1,1,1,13,5,4,4,4,4,4,4,4,4,4,1,1,1,1,1,1,1,1,1,5,4,4,4,2,3,1,2,4,3,4,6,3,3,2,2,2,5,2,3,1,5,4,3,1,4,2,1,1,1,1,1,1,1,1,1,1,1,1,1,1,1,1,1,1,1,1,1,1,1,1,1,1,1,1,1,1,1,1,1,1,1,1,1,1,1,1,1,1,1,1,1,1,1,1,1,1,1,1,1
1,1,1,2,2,2,1,1,1,23,5,4,4,4,4,4,4,4,4,4,1,1,1,1,1,1,1,1,1,5,53,14,2,1,2,1,10,58,62,21,6,69,24,1,1,1,5,1,1,1,5,23,31,1,4,2,1,1,1,1,1,1,1,1,1,1,1,1,1,1,1,1,1,1,1,1,1,1,1,1,1,1,1,1,1,1,1,1,1,1,1,1,1,1,1,1,1,1,1,1,1,1,1,1,1,1,1,1,1
1,1,1,3,3,3,1,1,1,54,5,4,4,4,4,4,4,4,4,4,1,1,1,1,1,1,1,1,1,5,54,32,18,3,11,1,8,61,63,1,6,70,47,20,3,8,5,1,1,1,5,29,15,1,4,2,2,4,3,2,8,1,1,1,1,1,1,1,1,1,1,1,1,1,1,1,1,1,1,1,1,1,1,1,1,1,1,1,1,1,1,1,1,1,1,1,1,1,1,1,1,1,1,1,1,1,1,1,1
1,1,1,27,7,27,1,1,1,56,5,4,4,4,4,4,4,4,4,4,1,1,1,1,1,1,1,1,1,5,55,29,15,1,1,1,24,62,64,22,6,71,37,16,1,6,5,1,1,1,5,23,32,1,4,2,1,1,1,1,1,1,1,1,1,1,1,1,1,1,1,1,1,1,1,1,1,1,1,1,1,1,1,1,1,1,1,1,1,1,1,1,1,1,1,1,1,1,1,1,1,1,1,1,1,1,1,1,1
1,1,1,29,5,29,1,1,1,5,5,4,4,4,4,4,4,4,4,4,1,1,1,1,1,1,1,1,1,5,47,26,2,1,2,1,1,63,65,22,6,72,39,1,1,3,5,1,1,1,5,22,14,1,4,2,1,1,1,1,1,1,1,1,1,1,1,1,1,1,1,1,1,1,1,1,1,1,1,1,1,1,1,1,1,1,1,1,1,1,1,1,1,1,1,1,1,1,1,1,1,1,1,1,1,1,1,1,1
1,1,1,30,6,30,1,1,1,2,5,4,4,4,4,4,4,4,4,4,1,1,1,1,1,1,1,1,1,5,56,16,2,1,2,1,21,54,66,5,6,73,9,1,1,3,5,1,1,1,5,16,32,1,4,2,1,1,1,1,1,1,1,1,1,1,1,1,1,1,1,1,1,1,1,1,1,1,1,1,1,1,1,1,1,1,1,1,1,1,1,1,1,1,1,1,1,1,1,1,1,1,1,1,1,1,1,1,1
1,1,1,4,4,4,1,1,1,56,5,4,4,4,4,4,4,4,4,4,1,1,1,1,1,1,1,1,1,5,50,13,2,1,2,1,26,64,67,8,6,74,2,1,1,1,5,1,1,1,5,47,33,1,4,2,1,1,1,1,1,1,1,1,1,1,1,1,1,1,1,1,1,1,1,1,1,1,1,1,1,1,1,1,1,1,1,1,1,1,1,1,1,1,1,1,1,1,1,1,1,1,1,1,1,1,1,1,1
1,1,1,5,1,5,1,1,1,42,5,4,4,4,4,4,4,4,4,4,1,1,1,1,1,1,1,1,1,5,52,17,2,1,1,1,27,62,68,19,6,75,48,21,1,6,5,1,1,1,5,8,34,1,4,2,1,1,1,1,1,1,1,1,1,1,1,1,1,1,1,1,1,1,1,1,1,1,1,1,1,1,1,1,1,1,1,1,1,1,1,1,1,1,1,1,1,1,1,1,1,1,1,1,1,1,1,1,1
1,1,1,6,2,6,1,1,1,57,5,4,4,4,4,4,4,4,4,4,1,1,1,1,1,1,1,1,1,5,47,26,2,1,2,1,26,65,69,23,6,64,33,14,3,7,5,1,1,1,5,48,8,1,4,2,2,4,9,2,2,1,1,1,1,1,1,1,1,1,1,1,1,1,1,1,1,1,1,1,1,1,1,1,1,1,1,1,1,1,1,1,1,1,1,1,1,1,1,1,1,1,1,1,1,1,1,1,1
1,1,1,7,3,7,1,1,1,58,5,4,4,4,4,4,4,4,4,4,1,1,1,1,1,1,1,1,1,5,57,2,2,1,2,1,10,64,70,5,6,76,27,1,1,1,5,1,1,1,5,49,35,1,4,2,1,1,1,1,1,1,1,1,1,1,1,1,1,1,1,1,1,1,1,1,1,1,1,1,1,1,1,1,1,1,1,1,1,1,1,1,1,1,1,1,1,1,1,1,1,1,1,1,1,1,1,1,1
1,1,1,28,7,28,1,1,1,7,5,4,4,4,4,4,4,4,4,4,1,1,1,1,1,1,1,1,1,5,58,6,2,1,2,1,26,66,59,10,6,77,1,1,1,1,5,1,1,1,5,47,8,1,4,2,1,1,1,1,1,1,1,1,1,1,1,1,1,1,1,1,1,1,1,1,1,1,1,1,1,1,1,1,1,1,1,1,1,1,1,1,1,1,1,1,1,1,1,1,1,1,1,1,1,1,1,1,1
1,1,1,31,5,31,1,1,1,59,5,4,4,4,4,4,4,4,4,4,1,1,1,1,1,1,1,1,1,5,53,14,2,1,2,1,8,59,71,10,6,78,36,1,1,3,5,1,1,1,5,42,9,1,4,2,1,1,1,1,1,1,1,1,1,1,1,1,1,1,1,1,1,1,1,1,1,1,1,1,1,1,1,1,1,1,1,1,1,1,1,1,1,1,1,1,1,1,1,1,1,1,1,1,1,1,1,1,1
1,1,1,8,3,8,1,1,1,12,6,5,5,5,5,5,5,5,5,5,1,1,1,1,1,1,1,1,1,6,59,5,2,1,2,4,18,67,72,19,7,79,29,1,1,3,6,1,1,1,6,19,8,1,5,2,1,1,1,1,1,1,1,1,1,1,1,1,1,1,1,1,1,1,1,1,1,1,1,1,1,1,1,1,1,1,1,1,1,1,1,1,1,1,1,1,1,1,1,1,1,1,1,1,1,1,1,1,1
1,1,1,24,7,24,1,1,1,60,6,5,5,5,5,5,5,5,5,5,1,1,1,1,1,1,1,1,1,6,59,5,2,1,2,4,7,68,73,8,7,80,15,1,1,3,6,1,1,1,6,50,34,1,5,2,1,1,1,1,1,1,1,1,1,1,1,1,1,1,1,1,1,1,1,1,1,1,1,1,1,1,1,1,1,1,1,1,1,1,1,1,1,1,1,1,1,1,1,1,1,1,1,1,1,1,1,1,1
1,1,1,9,5,9,1,1,1,18,6,5,5,5,5,5,5,5,5,5,1,1,1,1,1,1,1,1,1,6,60,33,19,3,6,4,28,69,74,8,7,81,49,22,3,4,6,1,1,1,6,8,27,1,5,2,2,4,10,2,2,1,1,1,1,1,1,1,1,1,1,1,1,1,1,1,1,1,1,1,1,1,1,1,1,1,1,1,1,1,1,1,1,1,1,1,1,1,1,1,1,1,1,1,1,1,1,1,1
1,1,1,10,6,10,1,1,1,61,6,5,5,5,5,5,5,5,5,5,1,1,1,1,1,1,1,1,1,6,61,12,2,1,2,4,18,70,75,7,7,82,41,1,1,3,6,1,1,1,6,11,26,1,5,2,1,1,1,1,1,1,1,1,1,1,1,1,1,1,1,1,1,1,1,1,1,1,1,1,1,1,1,1,1,1,1,1,1,1,1,1,1,1,1,1,1,1,1,1,1,1,1,1,1,1,1,1,1
1,1,1,11,4,11,1,1,1,5,6,5,5,5,5,5,5,5,5,5,1,1,1,1,1,1,1,1,1,6,62,13,2,1,2,4,21,71,76,8,7,83,12,1,1,1,6,1,1,1,6,51,29,1,5,2,1,1,1,1,1,1,1,1,1,1,1,1,1,1,1,1,1,1,1,1,1,1,1,1,1,1,1,1,1,1,1,1,1,1,1,1,1,1,1,1,1,1,1,1,1,1,1,1,1,1,1,1,1
1,1,1,12,1,12,1,1,1,1,6,5,5,5,5,5,5,5,5,5,1,1,1,1,1,1,1,1,1,6,63,26,2,1,2,4,13,72,77,8,7,84,9,1,1,3,6,1,1,1,6,29,25,1,5,2,1,1,1,1,1,1,1,1,1,1,1,1,1,1,1,1,1,1,1,1,1,1,1,1,1,1,1,1,1,1,1,1,1,1,1,1,1,1,1,1,1,1,1,1,1,1,1,1,1,1,1,1,1
1,1,1,13,2,13,1,1,1,50,6,5,5,5,5,5,5,5,5,5,1,1,1,1,1,1,1,1,1,6,63,26,2,1,2,4,15,73,78,16,7,85,2,1,1,1,6,1,1,1,6,51,33,1,5,2,1,1,1,1,1,1,1,1,1,1,1,1,1,1,1,1,1,1,1,1,1,1,1,1,1,1,1,1,1,1,1,1,1,1,1,1,1,1,1,1,1,1,1,1,1,1,1,1,1,1,1,1,1
1,1,1,14,3,14,1,1,1,57,6,5,5,5,5,5,5,5,5,5,1,1,1,1,1,1,1,1,1,6,64,6,2,1,2,4,15,74,79,1,7,86,45,1,1,3,6,1,1,1,6,21,15,1,5,2,1,1,1,1,1,1,1,1,1,1,1,1,1,1,1,1,1,1,1,1,1,1,1,1,1,1,1,1,1,1,1,1,1,1,1,1,1,1,1,1,1,1,1,1,1,1,1,1,1,1,1,1,1
1,1,1,25,7,25,1,1,1,44,6,5,5,5,5,5,5,5,5,5,1,1,1,1,1,1,1,1,1,6,65,19,8,1,1,4,15,75,80,7,7,86,45,1,1,3,6,1,1,1,6,36,11,1,5,2,1,1,1,1,1,1,1,1,1,1,1,1,1,1,1,1,1,1,1,1,1,1,1,1,1,1,1,1,1,1,1,1,1,1,1,1,1,1,1,1,1,1,1,1,1,1,1,1,1,1,1,1,1
1,1,1,15,5,15,1,1,1,62,6,5,5,5,5,5,5,5,5,5,1,1,1,1,1,1,1,1,1,6,66,2,2,1,2,4,14,76,81,24,7,87,10,5,1,6,6,1,1,1,6,52,27,1,5,2,1,1,1,1,1,1,1,1,1,1,1,1,1,1,1,1,1,1,1,1,1,1,1,1,1,1,1,1,1,1,1,1,1,1,1,1,1,1,1,1,1,1,1,1,1,1,1,1,1,1,1,1,1
1,1,1,16,6,16,1,1,1,63,6,5,5,5,5,5,5,5,5,5,1,1,1,1,1,1,1,1,1,6,63,26,2,1,2,4,24,77,81,1,7,83,12,1,1,1,6,1,1,1,6,53,36,1,5,2,1,1,1,1,1,1,1,1,1,1,1,1,1,1,1,1,1,1,1,1,1,1,1,1,1,1,1,1,1,1,1,1,1,1,1,1,1,1,1,1,1,1,1,1,1,1,1,1,1,1,1,1,1
1,1,1,17,4,17,1,1,1,50,6,5,5,5,5,5,5,5,5,5,1,1,1,1,1,1,1,1,1,6,67,34,20,3,7,4,7,78,82,7,7,88,50,23,3,10,6,1,1,1,6,15,16,1,5,2,4,4,3,2,2,2,2,2,1,1,1,1,1,1,1,1,1,1,1,1,1,1,1,1,1,1,1,1,1,1,1,1,1,1,1,1,1,1,1,1,1,1,1,1,1,1,1,1,1,1,1,1,1
1,1,1,18,1,18,1,1,1,15,6,5,5,5,5,5,5,5,5,5,1,1,1,1,1,1,1,1,1,6,68,11,2,1,2,4,14,79,73,2,7,86,45,1,1,3,6,1,1,1,6,54,32,1,5,2,1,1,1,1,1,1,1,1,1,1,1,1,1,1,1,1,1,1,1,1,1,1,1,1,1,1,1,1,1,1,1,1,1,1,1,1,1,1,1,1,1,1,1,1,1,1,1,1,1,1,1,1,1
1,1,1,19,2,19,1,1,1,64,6,5,5,5,5,5,5,5,5,5,1,1,1,1,1,1,1,1,1,6,62,13,2,1,2,4,13,76,83,10,7,89,30,1,1,1,6,1,1,1,6,39,28,1,5,2,1,1,1,1,1,1,1,1,1,1,1,1,1,1,1,1,1,1,1,1,1,1,1,1,1,1,1,1,1,1,1,1,1,1,1,1,1,1,1,1,1,1,1,1,1,1,1,1,1,1,1,1,1
1,1,1,20,3,20,1,1,1,65,6,5,5,5,5,5,5,5,5,5,1,1,1,1,1,1,1,1,1,6,69,35,21,1,1,4,29,80,84,3,7,90,51,24,3,10,6,1,1,1,6,55,25,1,5,2,2,4,11,2,2,1,1,1,1,1,1,1,1,1,1,1,1,1,1,1,1,1,1,1,1,1,1,1,1,1,1,1,1,1,1,1,1,1,1,1,1,1,1,1,1,1,1,1,1,1,1,1,1
1,1,1,26,7,26,1,1,1,48,6,5,5,5,5,5,5,5,5,5,1,1,1,1,1,1,1,1,1,6,66,2,2,1,2,4,15,81,85,6,7,91,5,1,1,3,6,1,1,1,6,34,16,1,5,2,1,1,1,1,1,1,1,1,1,1,1,1,1,1,1,1,1,1,1,1,1,1,1,1,1,1,1,1,1,1,1,1,1,1,1,1,1,1,1,1,1,1,1,1,1,1,1,1,1,1,1,1,1
1,1,1,21,5,21,1,1,1,66,6,5,5,5,5,5,5,5,5,5,1,1,1,1,1,1,1,1,1,6,70,15,2,1,2,4,15,82,77,1,7,92,11,1,1,3,6,1,1,1,6,34,28,1,5,2,1,1,1,1,1,1,1,1,1,1,1,1,1,1,1,1,1,1,1,1,1,1,1,1,1,1,1,1,1,1,1,1,1,1,1,1,1,1,1,1,1,1,1,1,1,1,1,1,1,1,1,1,1
1,1,1,22,6,22,1,1,1,49,6,5,5,5,5,5,5,5,5,5,1,1,1,1,1,1,1,1,1,6,63,26,2,1,2,4,4,82,86,7,7,93,8,1,1,1,6,1,1,1,6,56,30,1,5,2,1,1,1,1,1,1,1,1,1,1,1,1,1,1,1,1,1,1,1,1,1,1,1,1,1,1,1,1,1,1,1,1,1,1,1,1,1,1,1,1,1,1,1,1,1,1,1,1,1,1,1,1,1
1,1,1,23,4,23,1,1,1,24,6,5,5,5,5,5,5,5,5,5,1,1,1,1,1,1,1,1,1,6,68,11,2,1,2,4,3,76,72,7,7,94,36,1,1,3,6,1,1,1,6,34,9,1,5,2,1,1,1,1,1,1,1,1,1,1,1,1,1,1,1,1,1,1,1,1,1,1,1,1,1,1,1,1,1,1,1,1,1,1,1,1,1,1,1,1,1,1,1,1,1,1,1,1,1,1,1,1,1
1,1,1,1,1,1,1,1,1,2,6,5,5,5,5,5,5,5,5,5,1,1,1,1,1,1,1,1,1,6,71,36,22,3,6,4,30,83,87,7,7,95,52,25,3,11,6,1,1,1,6,57,33,1,5,2,2,4,12,2,2,1,1,1,1,1,1,1,1,1,1,1,1,1,1,1,1,1,1,1,1,1,1,1,1,1,1,1,1,1,1,1,1,1,1,1,1,1,1,1,1,1,1,1,1,1,1,1,1
1,1,1,2,2,2,1,1,1,67,6,5,5,5,5,5,5,5,5,5,1,1,1,1,1,1,1,1,1,6,59,5,2,1,2,4,26,75,88,1,7,96,17,7,1,6,6,1,1,1,6,58,31,1,5,2,1,1,1,1,1,1,1,1,1,1,1,1,1,1,1,1,1,1,1,1,1,1,1,1,1,1,1,1,1,1,1,1,1,1,1,1,1,1,1,1,1,1,1,1,1,1,1,1,1,1,1,1,1
1,1,1,3,3,3,1,1,1,7,6,5,5,5,5,5,5,5,5,5,1,1,1,1,1,1,1,1,1,6,72,14,2,1,2,4,5,82,80,10,7,97,16,1,1,1,6,1,1,1,6,43,34,1,5,2,1,1,1,1,1,1,1,1,1,1,1,1,1,1,1,1,1,1,1,1,1,1,1,1,1,1,1,1,1,1,1,1,1,1,1,1,1,1,1,1,1,1,1,1,1,1,1,1,1,1,1,1,1
1,1,1,27,7,27,1,1,1,68,6,5,5,5,5,5,5,5,5,5,1,1,1,1,1,1,1,1,1,6,73,37,23,3,11,4,9,84,89,16,7,98,53,26,3,12,6,1,1,1,6,34,8,1,5,2,5,4,3,2,2,3,3,3,1,1,1,1,1,1,1,1,1,1,1,1,1,1,1,1,1,1,1,1,1,1,1,1,1,1,1,1,1,1,1,1,1,1,1,1,1,1,1,1,1,1,1,1,1
1,1,1,29,5,29,1,1,1,69,6,5,5,5,5,5,5,5,5,5,1,1,1,1,1,1,1,1,1,6,61,12,2,1,2,4,3,71,79,14,7,99,14,1,1,1,6,1,1,1,6,54,26,1,5,2,1,1,1,1,1,1,1,1,1,1,1,1,1,1,1,1,1,1,1,1,1,1,1,1,1,1,1,1,1,1,1,1,1,1,1,1,1,1,1,1,1,1,1,1,1,1,1,1,1,1,1,1,1
1,1,1,16,6,16,1,1,1,59,35,12,12,12,12,12,6,6,6,6,17,17,17,17,17,3,3,3,3,25,439,13,2,1,2,5,1,507,98,6,8,522,110,1,1,3,7,1,1,1,6,28,13,1,27,2,1,1,1,1,1,1,1,1,1,1,1,1,1,1,1,1,1,1,1,1,1,1,1,1,1,1,1,1,1,1,1,1,1,1,1,1,1,1,1,1,1,1,1,1,1,1,1,1,1,1,1,1,1
1,1,1,17,4,17,1,1,1,90,35,12,12,12,12,12,6,6,6,6,17,17,17,17,17,3,3,3,3,25,314,14,2,1,2,5,5,346,142,36,8,144,2,1,1,1,7,1,1,1,6,54,50,1,27,2,1,1,1,1,1,1,1,1,1,1,1,1,1,1,1,1,1,1,1,1,1,1,1,1,1,1,1,1,1,1,1,1,1,1,1,1,1,1,1,1,1,1,1,1,1,1,1,1,1,1,1,1,1
1,1,1,18,1,18,1,1,1,97,35,12,12,12,12,12,6,6,6,6,17,17,17,17,17,3,3,3,3,25,313,2,2,1,2,5,40,352,48,5,8,105,35,1,1,1,7,1,1,1,6,54,7,1,27,2,1,1,1,1,1,1,1,1,1,1,1,1,1,1,1,1,1,1,1,1,1,1,1,1,1,1,1,1,1,1,1,1,1,1,1,1,1,1,1,1,1,1,1,1,1,1,1,1,1,1,1,1,1
1,1,1,19,2,19,1,1,1,21,35,12,12,12,12,12,6,6,6,6,17,17,17,17,17,3,3,3,3,25,78,48,34,1,1,5,17,508,226,11,8,51,46,1,1,1,7,1,1,1,6,34,97,1,27,2,1,1,1,1,1,1,1,1,1,1,1,1,1,1,1,1,1,1,1,1,1,1,1,1,1,1,1,1,1,1,1,1,1,1,1,1,1,1,1,1,1,1,1,1,1,1,1,1,1,1,1,1,1
1,1,1,20,3,20,1,1,1,54,35,12,12,12,12,12,6,6,6,6,17,17,17,17,17,3,3,3,3,25,206,5,2,1,2,5,18,347,221,1,8,238,164,1,1,3,7,1,1,1,6,24,20,1,27,2,1,1,1,1,1,1,1,1,1,1,1,1,1,1,1,1,1,1,1,1,1,1,1,1,1,1,1,1,1,1,1,1,1,1,1,1,1,1,1,1,1,1,1,1,1,1,1,1,1,1,1,1,1
1,1,1,26,7,26,1,1,1,64,35,12,12,12,12,12,6,6,6,6,17,17,17,17,17,3,3,3,3,25,315,17,2,1,1,5,62,509,506,12,8,523,81,50,3,10,7,1,1,1,6,135,10,1,27,2,2,4,40,2,2,1,1,1,1,1,1,1,1,1,1,1,1,1,1,1,1,1,1,1,1,1,1,1,1,1,1,1,1,1,1,1,1,1,1,1,1,1,1,1,1,1,1,1,1,1,1,1,1
1,1,1,21,5,21,1,1,1,6,35,12,12,12,12,12,6,6,6,6,17,17,17,17,17,3,3,3,3,25,309,12,2,1,2,5,5,207,96,14,8,235,30,1,1,1,7,1,1,1,6,19,11,1,27,2,1,1,1,1,1,1,1,1,1,1,1,1,1,1,1,1,1,1,1,1,1,1,1,1,1,1,1,1,1,1,1,1,1,1,1,1,1,1,1,1,1,1,1,1,1,1,1,1,1,1,1,1,1
1,1,1,22,6,22,1,1,1,118,35,12,12,12,12,12,6,6,6,6,17,17,17,17,17,3,3,3,3,25,321,20,9,1,1,5,52,106,358,29,8,524,17,7,1,6,7,1,1,1,6,13,97,1,27,2,1,1,1,1,1,1,1,1,1,1,1,1,1,1,1,1,1,1,1,1,1,1,1,1,1,1,1,1,1,1,1,1,1,1,1,1,1,1,1,1,1,1,1,1,1,1,1,1,1,1,1,1,1
1,1,1,23,4,23,1,1,1,15,35,12,12,12,12,12,6,6,6,6,17,17,17,17,17,3,3,3,3,25,441,60,44,1,1,5,21,352,188,6,8,112,45,1,1,3,7,1,1,1,6,10,50,1,27,2,1,1,1,1,1,1,1,1,1,1,1,1,1,1,1,1,1,1,1,1,1,1,1,1,1,1,1,1,1,1,1,1,1,1,1,1,1,1,1,1,1,1,1,1,1,1,1,1,1,1,1,1,1
1,1,1,1,1,1,1,1,1,63,35,12,12,12,12,12,6,6,6,6,17,17,17,17,17,3,3,3,3,25,442,107,90,3,4,5,21,222,507,3,8,430,93,60,3,7,7,1,1,1,6,37,28,1,27,2,42,4,3,2,2,1,1,1,1,1,1,1,1,1,1,1,1,1,1,1,1,1,1,1,1,1,1,1,1,1,1,1,1,1,1,1,1,1,1,1,1,1,1,1,1,1,1,1,1,1,1,1,1
1,1,1,2,2,2,1,1,1,85,35,12,12,12,12,12,6,6,6,6,17,17,17,17,17,3,3,3,3,25,429,130,112,3,7,5,38,418,260,6,8,525,49,22,3,4,7,1,1,1,6,84,50,1,27,2,2,4,39,2,25,1,1,1,1,1,1,1,1,1,1,1,1,1,1,1,1,1,1,1,1,1,1,1,1,1,1,1,1,1,1,1,1,1,1,1,1,1,1,1,1,1,1,1,1,1,1,1,1
1,1,1,3,3,3,1,1,1,60,35,12,12,12,12,12,6,6,6,6,17,17,17,17,17,3,3,3,3,25,312,106,89,1,1,5,63,491,421,6,8,162,108,75,3,10,7,1,1,1,6,3,24,1,27,2,10,4,45,2,68,1,1,1,1,1,1,1,1,1,1,1,1,1,1,1,1,1,1,1,1,1,1,1,1,1,1,1,1,1,1,1,1,1,1,1,1,1,1,1,1,1,1,1,1,1,1,1,1
1,1,1,27,7,27,1,1,1,90,35,12,12,12,12,12,6,6,6,6,17,17,17,17,17,3,3,3,3,25,443,35,21,1,1,5,5,90,505,8,8,60,9,1,1,3,7,1,1,1,6,74,17,1,27,2,1,1,1,1,1,1,1,1,1,1,1,1,1,1,1,1,1,1,1,1,1,1,1,1,1,1,1,1,1,1,1,1,1,1,1,1,1,1,1,1,1,1,1,1,1,1,1,1,1,1,1,1,1
1,1,1,29,5,29,1,1,1,68,35,12,12,12,12,12,6,6,6,6,17,17,17,17,17,3,3,3,3,25,444,125,108,3,7,5,14,103,508,6,8,526,18,8,3,7,7,1,1,1,6,40,13,1,27,2,2,4,3,2,58,1,1,1,1,1,1,1,1,1,1,1,1,1,1,1,1,1,1,1,1,1,1,1,1,1,1,1,1,1,1,1,1,1,1,1,1,1,1,1,1,1,1,1,1,1,1,1,1
1,1,1,30,6,30,1,1,1,14,35,12,12,12,12,12,6,6,6,6,17,17,17,17,17,3,3,3,3,25,440,29,15,1,1,5,47,143,132,11,8,109,16,1,1,1,7,1,1,1,6,37,8,1,27,2,1,1,1,1,1,1,1,1,1,1,1,1,1,1,1,1,1,1,1,1,1,1,1,1,1,1,1,1,1,1,1,1,1,1,1,1,1,1,1,1,1,1,1,1,1,1,1,1,1,1,1,1,1
1,1,1,4,4,4,1,1,1,44,35,12,12,12,12,12,6,6,6,6,17,17,17,17,17,3,3,3,3,25,445,140,122,3,11,5,17,510,509,5,8,527,165,127,3,12,7,1,1,1,6,84,13,1,27,2,2,4,3,2,82,1,1,1,1,1,1,1,1,1,1,1,1,1,1,1,1,1,1,1,1,1,1,1,1,1,1,1,1,1,1,1,1,1,1,1,1,1,1,1,1,1,1,1,1,1,1,1,1
1,1,1,5,1,5,1,1,1,118,35,12,12,12,12,12,6,6,6,6,17,17,17,17,17,3,3,3,3,25,320,59,43,3,10,5,31,511,488,6,8,498,166,128,3,10,7,1,1,1,6,84,51,1,27,2,2,4,3,2,83,1,1,1,1,1,1,1,1,1,1,1,1,1,1,1,1,1,1,1,1,1,1,1,1,1,1,1,1,1,1,1,1,1,1,1,1,1,1,1,1,1,1,1,1,1,1,1,1
1,1,1,6,2,6,1,1,1,50,35,12,12,12,12,12,6,6,6,6,17,17,17,17,17,3,3,3,3,25,446,94,77,3,4,5,9,512,227,7,8,144,2,1,1,1,7,1,1,1,6,73,51,1,27,2,1,1,1,1,1,1,1,1,1,1,1,1,1,1,1,1,1,1,1,1,1,1,1,1,1,1,1,1,1,1,1,1,1,1,1,1,1,1,1,1,1,1,1,1,1,1,1,1,1,1,1,1,1
1,1,1,7,3,7,1,1,1,91,35,12,12,12,12,12,6,6,6,6,17,17,17,17,17,3,3,3,3,25,102,87,70,3,4,5,35,513,416,6,8,120,64,36,1,6,7,1,1,1,6,51,17,1,27,2,1,1,1,1,1,1,1,1,1,1,1,1,1,1,1,1,1,1,1,1,1,1,1,1,1,1,1,1,1,1,1,1,1,1,1,1,1,1,1,1,1,1,1,1,1,1,1,1,1,1,1,1,1
1,1,1,28,7,28,1,1,1,65,35,12,12,12,12,12,6,6,6,6,17,17,17,17,17,3,3,3,3,25,84,93,76,1,1,5,25,100,361,6,8,235,30,1,1,1,7,1,1,1,6,11,50,1,27,2,1,1,1,1,1,1,1,1,1,1,1,1,1,1,1,1,1,1,1,1,1,1,1,1,1,1,1,1,1,1,1,1,1,1,1,1,1,1,1,1,1,1,1,1,1,1,1,1,1,1,1,1,1
1,1,1,31,5,31,1,1,1,2,35,12,12,12,12,12,6,6,6,6,17,17,17,17,17,3,3,3,3,25,309,12,2,1,2,5,5,207,510,11,8,528,36,1,1,3,7,1,1,1,6,10,14,1,27,2,1,1,1,1,1,1,1,1,1,1,1,1,1,1,1,1,1,1,1,1,1,1,1,1,1,1,1,1,1,1,1,1,1,1,1,1,1,1,1,1,1,1,1,1,1,1,1,1,1,1,1,1,1
1,1,1,8,3,8,1,1,1,15,36,18,18,18,18,18,14,14,14,14,15,15,15,15,15,12,12,12,12,36,352,1,1,1,1,13,44,42,179,16,24,334,68,39,3,7,10,1,1,1,2,58,24,1,27,2,2,4,16,2,2,1,1,1,1,1,1,1,1,1,1,1,1,1,1,1,1,1,1,1,1,1,1,1,1,1,1,1,1,1,1,1,1,1,1,1,1,1,1,1,1,1,1,1,1,1,1,1,1
1,1,1,24,7,24,1,1,1,44,36,18,18,18,18,18,14,14,14,14,15,15,15,15,15,12,12,12,12,36,372,124,107,3,7,13,21,514,189,1,24,529,142,107,3,5,10,1,1,1,2,84,11,1,27,2,2,4,7,2,4,1,1,1,1,1,1,1,1,1,1,1,1,1,1,1,1,1,1,1,1,1,1,1,1,1,1,1,1,1,1,1,1,1,1,1,1,1,1,1,1,1,1,1,1,1,1,1,1
1,1,1,9,5,9,1,1,1,58,36,18,18,18,18,18,14,14,14,14,15,15,15,15,15,12,12,12,12,36,296,17,2,1,1,13,45,110,436,2,24,366,115,80,3,10,10,1,1,1,2,127,10,1,27,2,2,4,36,2,2,1,1,1,1,1,1,1,1,1,1,1,1,1,1,1,1,1,1,1,1,1,1,1,1,1,1,1,1,1,1,1,1,1,1,1,1,1,1,1,1,1,1,1,1,1,1,1,1
1,1,1,10,6,10,1,1,1,60,36,18,18,18,18,18,14,14,14,14,15,15,15,15,15,12,12,12,12,36,447,81,64,3,4,13,4,47,434,10,24,192,6,3,3,4,10,1,1,1,2,61,59,1,27,2,2,4,53,2,2,8,3,8,1,1,1,1,1,1,1,1,1,1,1,1,1,1,1,1,1,1,1,1,1,1,1,1,1,1,1,1,1,1,1,1,1,1,1,1,1,1,1,1,1,1,1,1,1
1,1,1,11,4,11,1,1,1,6,36,18,18,18,18,18,14,14,14,14,15,15,15,15,15,12,12,12,12,36,448,13,2,1,2,13,29,37,187,9,24,195,59,31,3,7,10,1,1,1,2,61,17,1,27,2,2,4,27,2,2,1,1,1,1,1,1,1,1,1,1,1,1,1,1,1,1,1,1,1,1,1,1,1,1,1,1,1,1,1,1,1,1,1,1,1,1,1,1,1,1,1,1,1,1,1,1,1,1
1,1,1,12,1,12,1,1,1,43,36,18,18,18,18,18,14,14,14,14,15,15,15,15,15,12,12,12,12,36,307,6,2,1,2,13,21,477,511,5,24,516,14,1,1,1,10,1,1,1,2,10,24,1,27,2,1,1,1,1,1,1,1,1,1,1,1,1,1,1,1,1,1,1,1,1,1,1,1,1,1,1,1,1,1,1,1,1,1,1,1,1,1,1,1,1,1,1,1,1,1,1,1,1,1,1,1,1,1
1,1,1,13,2,13,1,1,1,59,36,18,18,18,18,18,14,14,14,14,15,15,15,15,15,12,12,12,12,36,160,10,2,1,2,13,23,515,182,1,24,207,21,10,1,6,10,1,1,1,2,13,13,1,27,2,1,1,1,1,1,1,1,1,1,1,1,1,1,1,1,1,1,1,1,1,1,1,1,1,1,1,1,1,1,1,1,1,1,1,1,1,1,1,1,1,1,1,1,1,1,1,1,1,1,1,1,1,1
1,1,1,14,3,14,1,1,1,63,36,18,18,18,18,18,14,14,14,14,15,15,15,15,15,12,12,12,12,36,95,63,47,3,6,13,21,40,184,3,24,419,18,8,3,7,10,1,1,1,2,34,13,1,27,2,2,4,4,2,2,1,1,1,1,1,1,1,1,1,1,1,1,1,1,1,1,1,1,1,1,1,1,1,1,1,1,1,1,1,1,1,1,1,1,1,1,1,1,1,1,1,1,1,1,1,1,1,1
1,1,1,25,7,25,1,1,1,16,36,18,18,18,18,18,14,14,14,14,15,15,15,15,15,12,12,12,12,36,293,26,2,1,2,13,15,298,345,16,24,530,9,1,1,3,10,1,1,1,2,28,24,1,27,2,1,1,1,1,1,1,1,1,1,1,1,1,1,1,1,1,1,1,1,1,1,1,1,1,1,1,1,1,1,1,1,1,1,1,1,1,1,1,1,1,1,1,1,1,1,1,1,1,1,1,1,1,1
1,1,1,15,5,15,1,1,1,103,36,18,18,18,18,18,14,14,14,14,15,15,15,15,15,12,12,12,12,36,4,4,4,2,3,13,2,4,3,4,24,3,3,2,2,2,10,2,4,1,2,4,3,1,27,2,1,1,1,1,1,1,1,1,1,1,1,1,1,1,1,1,1,1,1,1,1,1,1,1,1,1,1,1,1,1,1,1,1,1,1,1,1,1,1,1,1,1,1,1,1,1,1,1,1,1,1,1,1
1,1,1,16,6,16,1,1,1,91,36,18,18,18,18,18,14,14,14,14,15,15,15,15,15,12,12,12,12,36,415,2,2,1,2,13,5,478,350,8,24,475,15,1,1,3,10,1,1,1,2,73,65,1,27,2,1,1,1,1,1,1,1,1,1,1,1,1,1,1,1,1,1,1,1,1,1,1,1,1,1,1,1,1,1,1,1,1,1,1,1,1,1,1,1,1,1,1,1,1,1,1,1,1,1,1,1,1,1
1,1,1,17,4,17,1,1,1,90,36,18,18,18,18,18,14,14,14,14,15,15,15,15,15,12,12,12,12,36,437,14,2,1,2,13,15,408,512,8,24,531,44,1,1,3,10,1,1,1,2,27,23,1,27,2,1,1,1,1,1,1,1,1,1,1,1,1,1,1,1,1,1,1,1,1,1,1,1,1,1,1,1,1,1,1,1,1,1,1,1,1,1,1,1,1,1,1,1,1,1,1,1,1,1,1,1,1,1
1,1,1,18,1,18,1,1,1,90,36,18,18,18,18,18,14,14,14,14,15,15,15,15,15,12,12,12,12,36,351,9,2,1,2,13,22,345,442,2,24,48,35,1,1,1,10,1,1,1,2,84,50,1,27,2,1,1,1,1,1,1,1,1,1,1,1,1,1,1,1,1,1,1,1,1,1,1,1,1,1,1,1,1,1,1,1,1,1,1,1,1,1,1,1,1,1,1,1,1,1,1,1,1,1,1,1,1,1
1,1,1,19,2,19,1,1,1,9,36,18,18,18,18,18,14,14,14,14,15,15,15,15,15,12,12,12,12,36,307,6,2,1,2,13,54,39,412,2,24,532,106,73,3,10,10,1,1,1,2,66,50,1,27,2,2,4,54,2,2,1,1,1,1,1,1,1,1,1,1,1,1,1,1,1,1,1,1,1,1,1,1,1,1,1,1,1,1,1,1,1,1,1,1,1,1,1,1,1,1,1,1,1,1,1,1,1,1
1,1,1,20,3,20,1,1,1,88,36,18,18,18,18,18,14,14,14,14,15,15,15,15,15,12,12,12,12,36,437,14,2,1,2,13,36,110,436,16,24,533,167,129,3,10,10,1,1,1,2,104,10,1,27,2,2,4,41,2,2,1,1,1,1,1,1,1,1,1,1,1,1,1,1,1,1,1,1,1,1,1,1,1,1,1,1,1,1,1,1,1,1,1,1,1,1,1,1,1,1,1,1,1,1,1,1,1,1
1,1,1,26,7,26,1,1,1,4,36,18,18,18,18,18,14,14,14,14,15,15,15,15,15,12,12,12,12,36,295,65,49,3,4,13,1,109,513,29,24,195,59,31,3,7,10,1,1,1,2,17,97,1,27,2,20,4,3,2,35,1,1,1,1,1,1,1,1,1,1,1,1,1,1,1,1,1,1,1,1,1,1,1,1,1,1,1,1,1,1,1,1,1,1,1,1,1,1,1,1,1,1,1,1,1,1,1,1
1,1,1,21,5,21,1,1,1,77,36,18,18,18,18,18,14,14,14,14,15,15,15,15,15,12,12,12,12,36,449,102,85,3,13,13,4,433,514,15,24,129,168,130,3,11,10,1,1,1,2,15,24,1,27,2,2,4,55,2,2,1,1,1,1,1,1,1,1,1,1,1,1,1,1,1,1,1,1,1,1,1,1,1,1,1,1,1,1,1,1,1,1,1,1,1,1,1,1,1,1,1,1,1,1,1,1,1,1
1,1,1,22,6,22,1,1,1,44,36,18,18,18,18,18,14,14,14,14,15,15,15,15,15,12,12,12,12,36,164,12,2,1,2,13,3,478,515,5,24,59,28,1,1,3,10,1,1,1,2,28,19,1,27,2,1,1,1,1,1,1,1,1,1,1,1,1,1,1,1,1,1,1,1,1,1,1,1,1,1,1,1,1,1,1,1,1,1,1,1,1,1,1,1,1,1,1,1,1,1,1,1,1,1,1,1,1,1
1,1,1,23,4,23,1,1,1,22,36,18,18,18,18,18,14,14,14,14,15,15,15,15,15,12,12,12,12,36,127,60,44,1,1,13,17,516,178,3,24,424,26,12,3,7,10,1,1,1,2,53,28,1,27,2,2,4,35,2,68,1,1,1,1,1,1,1,1,1,1,1,1,1,1,1,1,1,1,1,1,1,1,1,1,1,1,1,1,1,1,1,1,1,1,1,1,1,1,1,1,1,1,1,1,1,1,1,1
1,1,1,1,1,1,1,1,1,63,36,18,18,18,18,18,14,14,14,14,15,15,15,15,15,12,12,12,12,36,415,2,2,1,2,13,39,516,178,15,24,204,74,45,3,7,10,1,1,1,2,52,28,1,27,2,2,4,26,2,2,1,1,1,1,1,1,1,1,1,1,1,1,1,1,1,1,1,1,1,1,1,1,1,1,1,1,1,1,1,1,1,1,1,1,1,1,1,1,1,1,1,1,1,1,1,1,1,1
1,1,1,2,2,2,1,1,1,6,36,18,18,18,18,18,14,14,14,14,15,15,15,15,15,12,12,12,12,36,296,17,2,1,1,13,47,331,315,7,24,50,16,1,1,1,10,1,1,1,2,15,17,1,27,2,1,1,1,1,1,1,1,1,1,1,1,1,1,1,1,1,1,1,1,1,1,1,1,1,1,1,1,1,1,1,1,1,1,1,1,1,1,1,1,1,1,1,1,1,1,1,1,1,1,1,1,1,1
1,1,1,3,3,3,1,1,1,48,36,18,18,18,18,18,14,14,14,14,15,15,15,15,15,12,12,12,12,36,297,96,79,3,4,13,42,119,193,7,24,534,50,23,3,10,10,1,1,1,2,60,57,1,27,2,2,4,52,2,45,1,1,1,1,1,1,1,1,1,1,1,1,1,1,1,1,1,1,1,1,1,1,1,1,1,1,1,1,1,1,1,1,1,1,1,1,1,1,1,1,1,1,1,1,1,1,1,1
1,1,1,27,7,27,1,1,1,90,36,18,18,18,18,18,14,14,14,14,15,15,15,15,15,12,12,12,12,36,307,6,2,1,2,13,9,410,350,3,24,530,9,1,1,3,10,1,1,1,2,31,24,1,27,2,1,1,1,1,1,1,1,1,1,1,1,1,1,1,1,1,1,1,1,1,1,1,1,1,1,1,1,1,1,1,1,1,1,1,1,1,1,1,1,1,1,1,1,1,1,1,1,1,1,1,1,1,1
1,1,1,29,5,29,1,1,1,65,36,18,18,18,18,18,14,14,14,14,15,15,15,15,15,12,12,12,12,36,418,15,2,1,2,13,47,479,448,2,24,49,54,27,1,6,10,1,1,1,2,19,50,1,27,2,1,1,1,1,1,1,1,1,1,1,1,1,1,1,1,1,1,1,1,1,1,1,1,1,1,1,1,1,1,1,1,1,1,1,1,1,1,1,1,1,1,1,1,1,1,1,1,1,1,1,1,1,1
1,1,1,30,6,30,1,1,1,62,36,18,18,18,18,18,14,14,14,14,15,15,15,15,15,12,12,12,12,36,293,26,2,1,2,13,12,517,448,8,24,365,46,1,1,1,10,1,1,1,2,19,17,1,27,2,1,1,1,1,1,1,1,1,1,1,1,1,1,1,1,1,1,1,1,1,1,1,1,1,1,1,1,1,1,1,1,1,1,1,1,1,1,1,1,1,1,1,1,1,1,1,1,1,1,1,1,1,1
1,1,1,4,4,4,1,1,1,88,36,18,18,18,18,18,14,14,14,14,15,15,15,15,15,12,12,12,12,36,302,75,58,3,4,13,20,518,318,14,24,424,26,12,3,7,10,1,1,1,2,10,22,1,27,2,2,4,6,2,2,1,1,1,1,1,1,1,1,1,1,1,1,1,1,1,1,1,1,1,1,1,1,1,1,1,1,1,1,1,1,1,1,1,1,1,1,1,1,1,1,1,1,1,1,1,1,1,1
1,1,1,5,1,5,1,1,1,67,36,18,18,18,18,18,14,14,14,14,15,15,15,15,15,12,12,12,12,36,450,47,33,3,4,13,64,434,223,1,24,493,169,131,3,13,10,1,1,1,2,142,36,1,27,2,2,4,56,2,2,1,1,1,1,1,1,1,1,1,1,1,1,1,1,1,1,1,1,1,1,1,1,1,1,1,1,1,1,1,1,1,1,1,1,1,1,1,1,1,1,1,1,1,1,1,1,1,1
1,1,1,6,2,6,1,1,1,9,36,18,18,18,18,18,14,14,14,14,15,15,15,15,15,12,12,12,12,36,105,141,123,3,13,13,5,519,514,18,24,535,170,132,3,16,10,1,1,1,2,125,21,1,27,2,2,4,3,2,14,1,1,1,1,1,1,1,1,1,1,1,1,1,1,1,1,1,1,1,1,1,1,1,1,1,1,1,1,1,1,1,1,1,1,1,1,1,1,1,1,1,1,1,1,1,1,1,1
1,1,1,7,3,7,1,1,1,51,36,18,18,18,18,18,14,14,14,14,15,15,15,15,15,12,12,12,12,36,451,142,124,3,5,13,19,341,435,10,24,124,143,108,3,5,10,1,1,1,2,33,20,1,27,2,2,4,20,2,49,1,1,1,1,1,1,1,1,1,1,1,1,1,1,1,1,1,1,1,1,1,1,1,1,1,1,1,1,1,1,1,1,1,1,1,1,1,1,1,1,1,1,1,1,1,1,1,1
1,1,1,28,7,28,1,1,1,50,36,18,18,18,18,18,14,14,14,14,15,15,15,15,15,12,12,12,12,36,307,6,2,1,2,13,24,486,178,9,24,332,19,9,3,7,10,1,1,1,2,77,60,1,27,2,2,4,21,2,2,1,1,1,1,1,1,1,1,1,1,1,1,1,1,1,1,1,1,1,1,1,1,1,1,1,1,1,1,1,1,1,1,1,1,1,1,1,1,1,1,1,1,1,1,1,1,1,1
1,1,1,31,5,31,1,1,1,85,36,18,18,18,18,18,14,14,14,14,15,15,15,15,15,12,12,12,12,36,307,6,2,1,2,13,52,516,352,29,24,332,19,9,3,7,10,1,1,1,2,77,11,1,27,2,2,4,21,2,2,1,1,1,1,1,1,1,1,1,1,1,1,1,1,1,1,1,1,1,1,1,1,1,1,1,1,1,1,1,1,1,1,1,1,1,1,1,1,1,1,1,1,1,1,1,1,1,1
1,1,1,8,3,8,1,1,1,115,37,7,7,7,7,7,7,7,7,7,18,18,18,18,18,2,2,2,2,38,452,12,2,1,2,16,20,520,516,11,42,40,31,1,1,1,16,1,1,1,13,80,96,1,28,3,1,1,1,1,1,1,1,1,1,1,1,1,1,1,1,1,1,1,1,1,1,1,1,1,1,1,1,1,1,1,1,1,1,1,1,1,1,1,1,1,1,1,1,1,1,1,1,1,1,1,1,1,1
1,1,1,24,7,24,1,1,1,15,37,7,7,7,7,7,7,7,7,7,18,18,18,18,18,2,2,2,2,38,453,5,2,1,2,16,3,521,517,11,42,536,17,7,1,6,16,1,1,1,13,73,23,1,28,3,1,1,1,1,1,1,1,1,1,1,1,1,1,1,1,1,1,1,1,1,1,1,1,1,1,1,1,1,1,1,1,1,1,1,1,1,1,1,1,1,1,1,1,1,1,1,1,1,1,1,1,1,1
1,1,1,9,5,9,1,1,1,45,37,7,7,7,7,7,7,7,7,7,18,18,18,18,18,2,2,2,2,38,453,5,2,1,2,16,18,522,518,11,42,537,23,1,1,1,16,1,1,1,13,117,94,1,28,3,1,1,1,1,1,1,1,1,1,1,1,1,1,1,1,1,1,1,1,1,1,1,1,1,1,1,1,1,1,1,1,1,1,1,1,1,1,1,1,1,1,1,1,1,1,1,1,1,1,1,1,1,1
1,1,1,10,6,10,1,1,1,45,37,7,7,7,7,7,7,7,7,7,18,18,18,18,18,2,2,2,2,38,453,5,2,1,2,16,3,521,519,6,42,538,48,21,1,6,16,1,1,1,13,79,66,1,28,3,1,1,1,1,1,1,1,1,1,1,1,1,1,1,1,1,1,1,1,1,1,1,1,1,1,1,1,1,1,1,1,1,1,1,1,1,1,1,1,1,1,1,1,1,1,1,1,1,1,1,1,1,1
1,1,1,11,4,11,1,1,1,8,37,7,7,7,7,7,7,7,7,7,18,18,18,18,18,2,2,2,2,38,454,15,2,1,2,16,8,520,520,6,42,539,40,1,1,1,16,1,1,1,13,129,93,1,28,3,1,1,1,1,1,1,1,1,1,1,1,1,1,1,1,1,1,1,1,1,1,1,1,1,1,1,1,1,1,1,1,1,1,1,1,1,1,1,1,1,1,1,1,1,1,1,1,1,1,1,1,1,1
1,1,1,12,1,12,1,1,1,89,37,7,7,7,7,7,7,7,7,7,18,18,18,18,18,2,2,2,2,38,455,92,75,3,6,16,20,523,521,7,42,540,115,80,3,10,16,1,1,1,13,106,111,1,28,3,48,4,3,2,2,1,1,1,1,1,1,1,1,1,1,1,1,1,1,1,1,1,1,1,1,1,1,1,1,1,1,1,1,1,1,1,1,1,1,1,1,1,1,1,1,1,1,1,1,1,1,1,1
1,1,1,13,2,13,1,1,1,19,37,7,7,7,7,7,7,7,7,7,18,18,18,18,18,2,2,2,2,38,456,14,2,1,2,16,3,520,522,3,42,538,48,21,1,6,16,1,1,1,13,32,95,1,28,3,1,1,1,1,1,1,1,1,1,1,1,1,1,1,1,1,1,1,1,1,1,1,1,1,1,1,1,1,1,1,1,1,1,1,1,1,1,1,1,1,1,1,1,1,1,1,1,1,1,1,1,1,1
1,1,1,14,3,14,1,1,1,82,37,7,7,7,7,7,7,7,7,7,18,18,18,18,18,2,2,2,2,38,453,5,2,1,2,16,15,524,518,6,42,541,1,1,1,1,16,1,1,1,13,128,93,1,28,3,1,1,1,1,1,1,1,1,1,1,1,1,1,1,1,1,1,1,1,1,1,1,1,1,1,1,1,1,1,1,1,1,1,1,1,1,1,1,1,1,1,1,1,1,1,1,1,1,1,1,1,1,1
1,1,1,25,7,25,1,1,1,14,37,7,7,7,7,7,7,7,7,7,18,18,18,18,18,2,2,2,2,38,457,99,82,1,1,16,13,525,523,7,42,542,112,77,1,6,16,1,1,1,13,80,94,1,28,3,1,1,1,1,1,1,1,1,1,1,1,1,1,1,1,1,1,1,1,1,1,1,1,1,1,1,1,1,1,1,1,1,1,1,1,1,1,1,1,1,1,1,1,1,1,1,1,1,1,1,1,1,1
1,1,1,15,5,15,1,1,1,42,37,7,7,7,7,7,7,7,7,7,18,18,18,18,18,2,2,2,2,38,458,6,2,1,2,16,1,520,524,11,42,543,54,27,1,6,16,1,1,1,13,26,23,1,28,3,1,1,1,1,1,1,1,1,1,1,1,1,1,1,1,1,1,1,1,1,1,1,1,1,1,1,1,1,1,1,1,1,1,1,1,1,1,1,1,1,1,1,1,1,1,1,1,1,1,1,1,1,1
1,1,1,16,6,16,1,1,1,21,37,7,7,7,7,7,7,7,7,7,18,18,18,18,18,2,2,2,2,38,454,15,2,1,2,16,14,526,525,6,42,544,66,1,1,1,16,1,1,1,13,117,93,1,28,3,1,1,1,1,1,1,1,1,1,1,1,1,1,1,1,1,1,1,1,1,1,1,1,1,1,1,1,1,1,1,1,1,1,1,1,1,1,1,1,1,1,1,1,1,1,1,1,1,1,1,1,1,1
1,1,1,17,4,17,1,1,1,81,37,7,7,7,7,7,7,7,7,7,18,18,18,18,18,2,2,2,2,38,459,2,2,1,2,16,26,424,461,6,42,545,34,15,1,6,16,1,1,1,13,18,95,1,28,3,1,1,1,1,1,1,1,1,1,1,1,1,1,1,1,1,1,1,1,1,1,1,1,1,1,1,1,1,1,1,1,1,1,1,1,1,1,1,1,1,1,1,1,1,1,1,1,1,1,1,1,1,1
1,1,1,18,1,18,1,1,1,22,37,7,7,7,7,7,7,7,7,7,18,18,18,18,18,2,2,2,2,38,460,17,2,1,1,16,47,527,526,11,42,39,13,6,1,6,16,1,1,1,13,24,94,1,28,3,1,1,1,1,1,1,1,1,1,1,1,1,1,1,1,1,1,1,1,1,1,1,1,1,1,1,1,1,1,1,1,1,1,1,1,1,1,1,1,1,1,1,1,1,1,1,1,1,1,1,1,1,1
1,1,1,19,2,19,1,1,1,57,37,7,7,7,7,7,7,7,7,7,18,18,18,18,18,2,2,2,2,38,461,13,2,1,2,16,47,528,519,7,42,543,54,27,1,6,16,1,1,1,13,31,112,1,28,3,1,1,1,1,1,1,1,1,1,1,1,1,1,1,1,1,1,1,1,1,1,1,1,1,1,1,1,1,1,1,1,1,1,1,1,1,1,1,1,1,1,1,1,1,1,1,1,1,1,1,1,1,1
1,1,1,20,3,20,1,1,1,45,37,7,7,7,7,7,7,7,7,7,18,18,18,18,18,2,2,2,2,38,462,46,32,3,4,16,1,529,527,6,42,546,50,23,3,10,16,1,1,1,13,15,28,1,28,3,2,18,31,2,17,1,1,1,1,1,1,1,1,1,1,1,1,1,1,1,1,1,1,1,1,1,1,1,1,1,1,1,1,1,1,1,1,1,1,1,1,1,1,1,1,1,1,1,1,1,1,1,1
1,1,1,26,7,26,1,1,1,9,37,7,7,7,7,7,7,7,7,7,18,18,18,18,18,2,2,2,2,38,452,12,2,1,2,16,13,530,528,11,42,547,24,1,1,1,16,1,1,1,13,70,96,1,28,3,1,1,1,1,1,1,1,1,1,1,1,1,1,1,1,1,1,1,1,1,1,1,1,1,1,1,1,1,1,1,1,1,1,1,1,1,1,1,1,1,1,1,1,1,1,1,1,1,1,1,1,1,1
1,1,1,21,5,21,1,1,1,104,37,7,7,7,7,7,7,7,7,7,18,18,18,18,18,2,2,2,2,38,460,17,2,1,1,16,13,531,519,7,42,543,54,27,1,6,16,1,1,1,13,80,94,1,28,3,1,1,1,1,1,1,1,1,1,1,1,1,1,1,1,1,1,1,1,1,1,1,1,1,1,1,1,1,1,1,1,1,1,1,1,1,1,1,1,1,1,1,1,1,1,1,1,1,1,1,1,1,1
1,1,1,22,6,22,1,1,1,41,37,7,7,7,7,7,7,7,7,7,18,18,18,18,18,2,2,2,2,38,452,12,2,1,2,16,10,528,529,11,42,548,55,28,1,6,16,1,1,1,13,73,96,1,28,3,1,1,1,1,1,1,1,1,1,1,1,1,1,1,1,1,1,1,1,1,1,1,1,1,1,1,1,1,1,1,1,1,1,1,1,1,1,1,1,1,1,1,1,1,1,1,1,1,1,1,1,1,1
1,1,1,23,4,23,1,1,1,23,37,7,7,7,7,7,7,7,7,7,18,18,18,18,18,2,2,2,2,38,453,5,2,1,2,16,10,532,524,11,42,543,54,27,1,6,16,1,1,1,13,32,94,1,28,3,1,1,1,1,1,1,1,1,1,1,1,1,1,1,1,1,1,1,1,1,1,1,1,1,1,1,1,1,1,1,1,1,1,1,1,1,1,1,1,1,1,1,1,1,1,1,1,1,1,1,1,1,1
1,1,1,1,1,1,1,1,1,60,37,7,7,7,7,7,7,7,7,7,18,18,18,18,18,2,2,2,2,38,4,4,4,2,3,16,2,4,3,4,42,3,3,2,2,2,16,2,3,1,13,4,3,1,28,3,1,1,1,1,1,1,1,1,1,1,1,1,1,1,1,1,1,1,1,1,1,1,1,1,1,1,1,1,1,1,1,1,1,1,1,1,1,1,1,1,1,1,1,1,1,1,1,1,1,1,1,1,1
1,1,1,2,2,2,1,1,1,21,37,7,7,7,7,7,7,7,7,7,18,18,18,18,18,2,2,2,2,38,463,143,125,3,9,16,14,533,530,6,42,549,121,86,3,15,16,1,1,1,13,80,23,1,28,3,2,21,33,2,84,1,1,1,1,1,1,1,1,1,1,1,1,1,1,1,1,1,1,1,1,1,1,1,1,1,1,1,1,1,1,1,1,1,1,1,1,1,1,1,1,1,1,1,1,1,1,1,1
1,1,1,3,3,3,1,1,1,43,37,7,7,7,7,7,7,7,7,7,18,18,18,18,18,2,2,2,2,38,458,6,2,1,2,16,42,534,531,6,42,542,112,77,1,6,16,1,1,1,13,28,94,1,28,3,1,1,1,1,1,1,1,1,1,1,1,1,1,1,1,1,1,1,1,1,1,1,1,1,1,1,1,1,1,1,1,1,1,1,1,1,1,1,1,1,1,1,1,1,1,1,1,1,1,1,1,1,1
1,1,1,27,7,27,1,1,1,6,37,7,7,7,7,7,7,7,7,7,18,18,18,18,18,2,2,2,2,38,464,11,2,1,2,16,15,535,525,7,42,550,46,1,1,1,16,1,1,1,13,27,21,1,28,3,1,1,1,1,1,1,1,1,1,1,1,1,1,1,1,1,1,1,1,1,1,1,1,1,1,1,1,1,1,1,1,1,1,1,1,1,1,1,1,1,1,1,1,1,1,1,1,1,1,1,1,1,1
1,1,1,29,5,29,1,1,1,4,37,7,7,7,7,7,7,7,7,7,18,18,18,18,18,2,2,2,2,38,462,46,32,3,4,16,14,536,532,6,42,551,68,39,3,7,16,1,1,1,13,27,19,1,28,3,2,4,22,2,73,1,1,1,1,1,1,1,1,1,1,1,1,1,1,1,1,1,1,1,1,1,1,1,1,1,1,1,1,1,1,1,1,1,1,1,1,1,1,1,1,1,1,1,1,1,1,1,1
1,1,1,30,6,30,1,1,1,16,37,7,7,7,7,7,7,7,7,7,18,18,18,18,18,2,2,2,2,38,22,144,126,3,13,16,15,537,533,11,42,552,107,74,3,16,16,1,1,1,13,117,93,1,28,3,2,15,3,2,85,1,1,1,1,1,1,1,1,1,1,1,1,1,1,1,1,1,1,1,1,1,1,1,1,1,1,1,1,1,1,1,1,1,1,1,1,1,1,1,1,1,1,1,1,1,1,1,1
1,1,1,4,4,4,1,1,1,65,37,7,7,7,7,7,7,7,7,7,18,18,18,18,18,2,2,2,2,38,465,31,17,3,10,16,18,538,534,6,42,553,102,69,3,4,16,1,1,1,13,105,18,1,28,3,2,58,14,2,2,1,1,1,1,1,1,1,1,1,1,1,1,1,1,1,1,1,1,1,1,1,1,1,1,1,1,1,1,1,1,1,1,1,1,1,1,1,1,1,1,1,1,1,1,1,1,1,1
1,1,1,5,1,5,1,1,1,7,37,7,7,7,7,7,7,7,7,7,18,18,18,18,18,2,2,2,2,38,466,48,34,1,1,16,18,539,526,11,42,39,13,6,1,6,16,1,1,1,13,128,96,1,28,3,1,1,1,1,1,1,1,1,1,1,1,1,1,1,1,1,1,1,1,1,1,1,1,1,1,1,1,1,1,1,1,1,1,1,1,1,1,1,1,1,1,1,1,1,1,1,1,1,1,1,1,1,1
1,1,1,6,2,6,1,1,1,21,37,7,7,7,7,7,7,7,7,7,18,18,18,18,18,2,2,2,2,38,467,41,27,3,4,16,3,540,535,11,42,554,163,126,3,7,16,1,1,1,13,26,96,1,28,3,2,10,18,2,44,1,1,1,1,1,1,1,1,1,1,1,1,1,1,1,1,1,1,1,1,1,1,1,1,1,1,1,1,1,1,1,1,1,1,1,1,1,1,1,1,1,1,1,1,1,1,1,1
1,1,1,7,3,7,1,1,1,121,37,7,7,7,7,7,7,7,7,7,18,18,18,18,18,2,2,2,2,38,367,35,21,1,1,16,14,532,461,11,42,30,37,16,1,6,16,1,1,1,13,70,23,1,28,3,1,1,1,1,1,1,1,1,1,1,1,1,1,1,1,1,1,1,1,1,1,1,1,1,1,1,1,1,1,1,1,1,1,1,1,1,1,1,1,1,1,1,1,1,1,1,1,1,1,1,1,1,1
