3748,26518,62,62,206,0,1,3361,16151,0
3749,26464,62,62,197,0,1,3361,17149,5
3749,26518,62,62,206,1,0,3361,20931,0
3802,26778,62,62,198,1,0,3401,17149,5
3750,26516,62,62,198,1,1,3358,11,3
3751,26762,62,62,198,1,1,3352,173,0
3813,26537,62,62,206,0,1,0,7319,1
3815,26523,62,62,202,1,1,3353,585,0
3742,26504,62,62,198,1,1,0,11,3
3819,26528,62,62,198,0,1,3361,19356,0
3944,26415,62,62,200,0,1,3350,160,0
3823,26762,62,62,197,1,0,3383,11,3
3824,26672,62,62,197,1,1,3353,17149,5
3827,26569,62,62,206,0,0,3383,11,3
3830,26674,62,62,206,0,0,3383,11,3
3831,26714,62,62,206,1,0,3352,20932,1
3832,26195,62,62,206,0,1,3354,20933,0
3832,26569,62,62,206,0,0,3383,11,3
3736,26532,62,62,202,1,1,0,20934,0
3935,26485,62,62,198,0,0,3357,503,0
3935,26769,62,62,198,1,1,3352,11,3
3935,26546,62,62,198,0,0,3357,1597,0
3833,26719,62,62,198,0,0,3356,909,0
3925,26750,62,62,197,0,1,3402,11,3
3704,26682,62,62,206,1,0,0,99,0
3774,26570,62,62,197,1,1,3353,1718,0
3918,26684,62,62,197,1,1,4100,11,3
3775,26580,62,62,199,1,1,3669,445,0
3852,26574,62,62,206,1,0,3401,20935,1
3717,26568,62,62,206,0,1,3840,11,3
3717,26429,62,62,197,1,1,3353,11,3
3718,26597,62,62,197,0,1,3399,11,3
3856,26450,62,62,198,1,1,4175,11,3
3776,26449,62,62,197,0,1,3353,11,3
3857,26591,62,62,206,0,0,3357,17149,5
3765,26503,62,62,200,0,0,3397,6039,0
3862,26591,62,62,200,3,0,3361,17149,5
3863,26423,62,62,206,1,1,3373,11,3
3868,26468,62,62,206,1,0,3357,11,3
3869,26431,62,62,206,0,1,3352,63,0
3926,26614,62,62,206,1,1,3402,6,1
3759,26588,62,62,18,1,1,3358,11,3
3871,26557,62,62,206,0,0,3354,20936,1
3937,26603,62,62,197,1,1,3352,11,3
3937,26491,62,62,200,0,1,3372,11,3
3989,26616,62,62,198,1,1,3352,11,3
3781,26494,62,62,206,1,1,3384,11,3
3740,26651,62,62,216,1,1,3358,11,3
3875,26608,62,62,198,1,1,3402,11,3
3878,25972,62,62,206,3,0,3361,17149,5
3881,26727,62,62,206,0,1,3354,11,3
3724,26628,62,62,198,0,0,3357,1640,0
3766,26615,62,62,201,0,0,3401,395,1
3766,26702,62,62,197,0,1,3389,11,3
3887,26604,62,62,197,0,0,3358,6,0
3888,26622,62,62,198,0,1,3416,11,3
3889,26436,62,62,216,1,1,3465,11,3
3725,26737,62,62,206,1,0,3402,6728,0
3895,26472,62,62,202,7,0,3357,17149,5
3897,26737,62,62,197,1,1,3465,11,3
3897,26634,62,62,206,1,1,3383,11,3
3897,26629,62,62,199,0,0,3401,175,0
3731,26435,62,62,198,3,0,3352,17149,5
3904,26703,62,62,198,1,1,3350,11,3
3906,26570,62,62,202,1,1,3358,629,0
3906,26631,62,62,200,1,0,3465,20937,0
3744,26473,62,62,216,0,1,3353,11,3
3970,26592,62,62,202,1,1,3358,17149,5
3800,26507,428,428,50,1,1,3361,18,0
3822,26384,428,428,50,1,1,3361,20938,0
3828,26569,428,428,50,0,0,3383,11842,0
3935,26528,428,428,50,1,1,3352,11,3
3737,26428,428,428,50,0,0,3357,11,3
3781,26759,428,428,202,0,0,3357,11,3
3708,26754,375,445,201,1,1,3361,20939,0
3799,26749,174,174,197,0,0,3357,11,3
3929,26273,174,174,197,1,1,0,20940,1
3828,26720,174,174,197,0,1,3352,2221,0
3725,26625,174,174,201,0,0,3350,1592,1
3913,26763,174,174,199,1,1,3352,17149,5
3787,26382,6,6,201,1,1,3353,17149,5
3787,26409,6,6,198,1,0,3358,11,3
3787,26410,6,6,201,1,1,11,11,3
3788,26411,6,6,197,1,1,3352,252,0
3788,26406,6,6,201,1,1,3352,18,0
3745,26456,6,6,201,0,1,0,11,3
3789,26382,6,6,200,0,0,0,20941,1
3790,25865,6,6,201,0,0,3361,4140,0
3790,26322,6,6,201,0,0,3361,11,3
3792,26515,6,6,201,1,1,3465,18,0
3792,26410,6,6,202,8,1,3361,9794,0
3793,25865,6,6,208,1,1,3353,226,0
3708,26425,6,6,201,0,1,0,20942,1
3708,26408,6,6,204,0,1,3356,60,1
3794,26414,6,6,201,0,0,0,1714,0
3796,26354,6,6,201,1,1,4658,17149,5
3796,25860,6,6,18,1,1,3358,11,3
3796,26406,6,6,201,0,0,3354,20943,0
3797,26414,6,6,201,1,0,3357,11,3
3741,26480,6,6,206,1,1,3361,11,3
3741,26413,6,6,260,0,1,3354,11,3
3764,26705,6,6,197,1,0,3350,40,0
3924,26749,6,6,200,1,1,3458,11,3
3749,26412,6,6,197,0,1,4545,17149,5
3802,26446,6,6,201,3,7,0,17149,5
3804,26524,6,6,197,0,1,3353,3045,0
3805,26749,6,6,201,4,0,3361,17149,5
3930,26535,6,6,201,1,1,3361,17149,5
3807,26704,6,6,200,0,0,3354,490,1
3810,26520,6,6,199,1,1,3358,11,3
3750,26459,6,6,201,1,0,3358,11,3
3943,26531,6,6,201,1,1,3352,1285,0
3814,26443,6,6,20,0,0,3383,11,3
3815,26531,6,6,202,1,1,0,17149,5
3815,26465,6,6,199,0,0,3358,11,3
3819,26714,6,6,199,1,1,3361,1201,0
3820,26700,6,6,204,0,1,3361,17149,5
3944,26545,6,6,199,0,1,3356,11,3
3944,25896,6,6,13,0,0,3354,17149,5
3822,26461,6,6,199,1,0,3361,17149,5
3822,26443,6,6,201,1,0,3361,42,0
3945,26465,6,6,201,1,1,3350,40,0
3823,26680,6,6,201,0,1,3361,1366,0
3825,26704,6,6,201,1,1,3474,11,3
3827,26546,6,6,197,0,1,3354,11,3
3827,26543,6,6,201,1,1,3352,17149,5
3828,26529,6,6,199,1,1,4659,11,3
3922,26530,6,6,201,0,1,3356,11,3
3922,26717,6,6,201,0,0,3352,42,0
3754,26569,6,6,202,0,0,3354,17149,5
3735,25867,6,6,204,0,1,3361,444,1
3735,26717,6,6,204,1,1,3352,11,3
3931,26679,6,6,201,1,0,3361,11,3
3736,26482,6,6,201,1,1,3358,11,3
3767,26709,6,6,199,0,1,3389,20944,1
3935,26552,6,6,201,1,1,3417,11,3
3935,26679,6,6,197,0,1,3352,20945,0
3833,26401,6,6,201,0,0,3356,2309,1
3836,26744,6,6,198,1,0,3428,11,3
3772,26484,6,6,201,0,0,3357,11,3
3755,26719,6,6,201,1,1,3424,1461,1
3756,26717,6,6,198,1,1,3350,20946,0
3714,26536,6,6,201,1,1,3352,1914,0
3837,26483,6,6,202,0,1,0,46,0
3839,26517,6,6,201,0,1,3352,11,3
3840,26563,6,6,198,0,1,3383,3578,1
3840,26560,6,6,201,0,1,0,11,3
3841,26655,6,6,198,0,1,3350,611,1
3774,26682,6,6,18,1,1,3358,11,3
3955,26427,6,6,201,1,1,3350,1,1
3955,26555,6,6,201,1,0,3358,11,3
3955,26576,6,6,199,1,0,3358,11,3
3757,25812,6,6,201,0,1,3402,46,0
3843,26523,6,6,199,1,1,3358,17149,5
3844,26592,6,6,201,0,1,0,11,3
3845,26743,6,6,201,0,0,3354,17149,5
3847,26570,6,6,197,1,1,0,20947,0
3918,26684,6,6,201,1,1,3402,10,0
3743,26570,6,6,198,1,1,0,4447,1
3743,26487,6,6,199,0,1,3356,664,1
3851,26674,6,6,201,1,1,3492,17149,5
3851,26428,6,6,201,1,1,3358,11,3
3851,26449,6,6,201,1,0,3357,631,0
3852,26765,6,6,201,0,1,3684,11,3
3717,26439,6,6,201,0,0,3354,11,3
3717,26428,6,6,201,1,1,3460,11,3
3855,26586,6,6,201,0,1,3356,11,3
3855,26428,6,6,201,1,1,4660,122,1
3719,26571,6,6,202,7,0,3380,17149,5
3776,26571,6,6,201,0,1,3356,11,3
3857,26591,6,6,201,1,0,69,11,3
3857,26581,6,6,198,1,1,3350,91,0
3858,26581,6,6,198,0,0,3383,8898,1
3858,26587,6,6,202,1,1,3358,11,3
3860,26503,6,6,201,0,1,3427,11,3
3860,26490,6,6,201,0,1,4661,17149,5
3738,26573,6,6,201,1,1,3352,6626,1
3863,26624,6,6,201,0,1,3377,18,0
3864,26470,6,6,201,1,1,4662,11,3
3779,26624,6,6,201,0,1,3356,1993,1
3779,26495,6,6,199,1,1,3401,17149,5
3865,26419,6,6,198,0,1,3350,6194,0
3720,26470,6,6,201,0,1,3451,11,3
3720,26600,6,6,201,1,1,3401,33,1
3720,26614,6,6,201,1,1,3353,1921,0
3721,26468,6,6,201,1,1,3353,28,0
3866,26490,6,6,198,0,1,3350,11,3
3926,26495,6,6,201,1,1,3352,17149,5
3870,26598,6,6,202,1,1,4663,11,3
3722,26582,6,6,201,0,1,3576,11,3
3722,26419,6,6,202,0,1,3356,11,3
3710,26468,6,6,204,1,1,3356,11,3
3937,26496,6,6,201,1,1,3350,17149,5
3872,26621,6,6,201,1,0,11,17149,5
3872,26781,6,6,198,0,1,3355,312,0
3873,26758,6,6,202,0,1,3350,1,1
3781,26609,6,6,18,0,0,3354,17149,5
3740,26570,6,6,201,1,1,3401,66,1
3876,26434,6,6,201,0,1,3354,11,3
3878,26628,6,6,201,1,1,4664,11,3
3768,26607,6,6,204,0,1,3356,11,3
3882,26452,6,6,201,1,1,3800,17149,5
3882,26610,6,6,201,0,0,3353,20948,1
3706,26622,6,6,199,1,1,4665,11,3
3887,26493,6,6,200,0,1,3356,11,3
3887,26616,6,6,197,1,1,3377,251,1
3887,26610,6,6,201,0,0,3353,11,3
3784,26623,6,6,199,0,0,3353,20949,1
3888,26468,6,6,199,1,1,3358,17149,5
3730,26522,6,6,201,0,1,3353,11,3
3730,26622,6,6,200,1,1,3378,11,3
3730,26727,6,6,201,0,0,3356,17,0
3920,26688,6,6,201,0,1,3356,17149,5
3920,26631,6,6,198,0,0,3354,17149,5
3920,26627,6,6,204,1,1,3383,20950,1
3939,26629,6,6,199,0,1,3377,3045,0
3725,26620,6,6,201,1,1,11,1,1
3707,26630,6,6,199,0,1,3350,11,3
3893,25906,6,6,202,3,2,0,17149,5
3894,26436,6,6,18,0,0,3383,182,1
3895,26702,6,6,200,0,1,3415,11,3
3895,26615,6,6,201,1,1,3357,235,1
3895,26501,6,6,199,0,1,3356,17149,5
3896,26471,6,6,199,1,1,3353,17771,0
3896,26631,6,6,201,1,1,3384,11,3
3927,26728,6,6,198,1,1,4666,1799,1
3897,26653,6,6,198,1,1,3352,11,3
3731,26625,6,6,198,1,0,3358,11,3
3731,26627,6,6,201,1,1,3383,20951,1
3760,26617,6,6,199,1,1,3361,17149,5
3901,26730,6,6,198,0,1,3378,396,1
3901,26638,6,6,199,1,1,3383,5598,1
3902,26650,6,6,199,0,1,3356,11,3
3951,26644,6,6,198,0,1,3354,17149,5
3904,26444,6,6,199,1,0,3354,17149,5
3904,26652,6,6,200,1,0,3352,1640,1
3904,26639,6,6,199,1,1,3387,11,3
3952,26678,6,6,199,0,0,3442,3289,1
3952,26499,6,6,199,0,1,3356,11,3
3952,26650,6,6,199,0,1,3356,17149,5
3905,26689,6,6,199,0,1,0,6059,1
3905,26499,6,6,199,0,0,3354,11,3
3928,26664,6,6,18,1,0,3354,20952,1
3907,26783,6,6,198,0,1,3519,17149,5
3911,26650,6,6,204,1,1,3358,14102,0
3763,26764,6,6,202,0,0,3350,20953,0
3763,26641,6,6,197,1,1,3352,17149,5
3763,26772,6,6,18,1,1,3354,17149,5
3921,26457,6,6,201,0,1,3357,17149,5
3787,26401,8,8,200,1,1,3353,11449,0
3787,26410,8,8,198,1,1,3361,1068,0
3787,26402,8,8,198,1,1,3801,11,3
3787,26412,8,8,201,1,1,3373,11,3
3785,26754,8,8,199,0,1,0,3942,0
3711,26408,8,8,201,1,1,3361,20954,0
3711,26410,8,8,202,0,1,3465,11,3
3789,26504,8,8,206,0,1,0,11,3
3793,26802,8,8,200,1,1,3361,17149,5
3708,26355,8,8,201,0,1,3354,624,0
3708,26414,8,8,198,0,1,3361,1,1
3964,26410,8,8,198,1,1,4061,11,3
3795,26754,8,8,204,1,1,3361,17044,1
3795,26446,8,8,197,0,1,3356,1,1
3795,26787,8,8,199,1,1,3352,11,3
3796,26505,8,8,198,1,0,3352,46,1
3796,26721,8,8,198,1,1,11,11,3
3796,26378,8,8,197,1,1,3353,5691,0
3796,26417,8,8,198,1,1,3352,8515,0
3764,26510,8,8,201,1,1,3350,12532,0
3734,26749,8,8,201,0,1,0,252,0
3734,26524,8,8,218,0,0,3353,20955,0
3746,26514,8,8,200,0,1,3353,2193,0
3746,26517,8,8,198,1,1,3361,17149,5
3746,26408,8,8,198,0,1,3365,11,3
3924,26692,8,8,201,1,1,4024,8755,0
3924,26514,8,8,201,1,0,3354,17149,5
3798,26458,8,8,201,1,1,3361,11,3
3747,26738,8,8,206,0,1,3383,5696,1
3799,26228,8,8,18,1,1,3361,20956,1
3799,26692,8,8,200,0,0,3361,13912,0
3959,26519,8,8,198,0,1,3361,639,0
3959,26405,8,8,198,0,1,3356,63,0
3800,26739,8,8,204,0,1,3361,11,3
3748,26359,8,8,201,1,0,3361,316,0
3748,26754,8,8,206,1,1,0,20957,0
3749,26457,8,8,201,0,0,0,11,3
3749,26669,8,8,202,1,1,0,11,3
3749,26393,8,8,199,0,1,3361,11,3
3802,26446,8,8,201,0,1,3356,1,1
3802,26040,8,8,198,1,1,3361,11,3
3802,26692,8,8,198,1,1,0,45,1
3933,26518,8,8,198,1,1,3353,9211,0
3803,26556,8,8,202,1,1,0,17149,5
3804,26379,8,8,216,1,1,0,3693,0
3712,26399,8,8,206,1,1,3352,11,3
3805,26556,8,8,199,1,1,3380,52,1
3806,26680,8,8,201,0,0,3383,1413,0
3807,26525,8,8,206,1,0,0,59,0
3807,26700,8,8,198,1,1,3794,11,3
3807,26738,8,8,206,1,1,3352,11,3
3811,26523,8,8,270,1,1,3361,11,3
3943,26741,8,8,18,1,1,0,46,0
3751,26523,8,8,201,0,1,3383,33,0
3751,26531,8,8,201,1,0,3401,50,0
3812,26459,8,8,197,1,1,3649,11,3
3812,26366,8,8,201,1,1,0,10547,0
3813,26789,8,8,214,0,1,3354,20958,1
3813,26525,8,8,17,1,1,3352,17149,5
3813,26519,8,8,201,1,1,3358,127,0
3813,26508,8,8,198,0,0,3354,11,3
3733,26525,8,8,198,0,1,0,11,3
3733,26755,8,8,200,0,1,3356,503,1
3814,26532,8,8,197,1,1,3352,11,3
3815,26443,8,8,198,1,1,3389,2138,1
3817,26714,8,8,200,1,1,3357,17149,5
3818,26538,8,8,198,1,1,3361,11,3
3819,26741,8,8,198,1,1,3352,17149,5
3820,26527,8,8,198,1,1,3361,11,3
3821,26543,8,8,198,1,1,0,585,0
3821,26708,8,8,198,1,0,3361,2254,0
3821,26714,8,8,201,1,1,3356,46,1
3713,26532,8,8,214,0,1,3356,319,0
3713,26710,8,8,199,1,0,11,11,3
3944,26747,8,8,198,1,1,3361,66,1
3822,26762,8,8,202,1,1,3361,11,3
3822,25860,8,8,201,1,1,3470,17149,5
3822,26545,8,8,199,1,1,3361,66,0
3963,26548,8,8,201,0,1,3356,52,1
3963,26785,8,8,197,1,1,3361,231,1
3823,26717,8,8,198,1,1,3361,2045,0
3752,26785,8,8,201,1,1,3527,11,3
3752,26538,8,8,199,1,1,3361,11,3
3824,26367,8,8,206,0,1,3402,14876,0
3825,26747,8,8,202,0,0,3644,11,3
3826,26720,8,8,198,1,0,3370,37,0
3826,26717,8,8,17,0,1,3356,794,0
3990,26712,8,8,202,1,1,3401,17149,5
3771,26447,8,8,198,1,1,11,11,3
3771,26761,8,8,201,1,1,3361,20959,0
3968,26482,8,8,198,1,0,0,11,3
3922,26525,8,8,198,0,1,3352,252,0
3922,26543,8,8,198,0,1,3402,11,3
3753,26558,8,8,199,1,1,3361,11,3
3753,26533,8,8,198,0,0,3361,17149,5
3753,26694,8,8,198,1,1,3361,20960,0
3753,26544,8,8,201,0,1,3402,11,3
3754,26482,8,8,198,1,1,3352,11709,0
3754,26709,8,8,199,1,1,3352,11,3
3754,26744,8,8,214,1,1,3352,127,0
3735,26482,8,8,198,1,1,3352,17149,5
3735,26711,8,8,198,0,0,3361,184,0
3829,26542,8,8,198,1,1,3352,11,3
3829,26482,8,8,198,1,1,0,12124,0
3829,26761,8,8,199,0,1,3377,11,3
3829,26463,8,8,20,1,1,3352,5557,0
3830,26785,8,8,204,0,1,0,28,0
3831,26540,8,8,202,0,1,3352,20510,1
3931,26521,8,8,201,0,1,3361,202,1
3946,26542,8,8,214,1,1,3352,17149,5
3946,26758,8,8,201,1,1,3380,11,3
3767,26775,8,8,198,1,0,3361,17149,5
3935,26720,8,8,198,1,1,3358,10398,0
3935,26505,8,8,202,0,1,3354,11,3
3833,26544,8,8,198,1,1,3352,20961,0
3772,26719,8,8,197,1,1,0,514,0
3756,26484,8,8,201,1,1,3356,11,3
3773,26426,8,8,201,1,1,3353,11,3
3714,26682,8,8,198,1,1,0,11,3
3704,26483,8,8,199,0,1,3397,11,3
3715,26673,8,8,201,0,1,3354,33,1
3837,26483,8,8,204,0,1,3356,11,3
3837,26553,8,8,199,1,1,3358,400,1
3837,26605,8,8,199,1,1,0,17149,5
3947,26674,8,8,201,0,1,3377,20962,1
3839,26683,8,8,199,0,1,3352,10382,0
3841,26708,8,8,201,0,1,0,2626,0
3841,26565,8,8,198,0,1,3350,11,3
3842,26542,8,8,214,1,1,4626,11,3
3842,26674,8,8,201,0,1,3377,11,3
3842,26565,8,8,198,0,1,3356,11,3
3774,26561,8,8,202,1,1,3372,17149,5
3774,26673,8,8,197,1,1,3353,11,3
3936,26681,8,8,202,1,1,3352,1,0
3955,26485,8,8,199,0,1,3350,1614,0
3757,26486,8,8,198,1,1,3350,17149,5
3843,26743,8,8,198,1,1,3356,28,0
3844,26701,8,8,199,1,1,3377,46,0
3845,26428,8,8,199,0,1,3352,17149,5
3846,26726,8,8,197,0,1,3356,11,3
3716,26681,8,8,198,1,1,3353,28,0
3716,26592,8,8,206,0,0,3352,1276,0
3923,26726,8,8,201,1,1,3662,11,3
3923,26576,8,8,197,1,1,0,25,1
3737,26562,8,8,198,3,0,3361,4182,0
3743,26445,8,8,198,1,1,3406,11,3
3743,26578,8,8,201,1,0,3383,17149,5
3743,26690,8,8,197,0,1,3357,231,0
3850,26584,8,8,198,0,1,3354,11,3
3850,26583,8,8,201,1,1,0,17149,5
3851,26751,8,8,198,1,1,3358,11,3
3854,26733,8,8,198,1,1,3352,17149,5
3854,26583,8,8,204,1,1,3353,5842,0
3717,26573,8,8,201,1,1,3383,17149,5
3919,26684,8,8,13,1,0,3383,12512,0
3855,26463,8,8,197,0,1,3354,20963,0
3719,26430,8,8,201,1,1,3352,33,0
3719,26422,8,8,202,1,0,3417,17149,5
3856,26624,8,8,201,11,1,3402,17149,5
3858,26409,8,8,198,0,1,3352,11,3
3862,26588,8,8,201,1,1,4667,11,3
3862,26435,8,8,201,1,1,3404,11,3
3738,26423,8,8,202,1,1,3401,28,0
3738,26624,8,8,198,0,0,3354,17149,5
3777,26581,8,8,198,0,1,3356,1,1
3777,26486,8,8,13,1,0,3662,17149,5
3777,26581,8,8,197,1,1,4668,11,3
3778,26419,8,8,202,1,1,3358,17149,5
3962,26585,8,8,202,0,0,3357,10348,0
3780,26491,8,8,198,1,1,3411,40,0
3867,26496,8,8,200,0,0,3354,11,3
3758,26685,8,8,200,1,0,3401,20964,0
3758,26589,8,8,198,1,1,3352,20965,0
3869,26624,8,8,202,0,1,3356,1740,0
3871,26619,8,8,198,0,1,3377,33,0
3937,26469,8,8,197,8,7,3465,17149,5
3872,26433,8,8,198,0,0,3354,17149,5
3873,26617,8,8,201,1,1,3402,17149,5
3723,26468,8,8,201,1,1,3401,17149,5
3740,26610,8,8,197,1,0,3350,4064,0
3740,26651,8,8,198,1,1,3350,11,3
3875,26581,8,8,202,0,0,3383,17149,5
3875,26498,8,8,198,0,1,3378,122,0
3878,26617,8,8,199,1,1,3383,11,3
3768,26695,8,8,201,0,1,3356,11,3
3880,26619,8,8,201,0,1,0,6230,0
3881,26596,8,8,201,1,1,3465,3784,1
3881,26491,8,8,198,1,1,3352,11,3
3882,26497,8,8,201,1,1,3448,11,3
3724,26607,8,8,201,1,0,3352,20966,0
3724,26624,8,8,200,1,1,11,33,0
3884,26609,8,8,201,0,0,3354,17149,5
3884,26613,8,8,200,0,1,3356,8377,0
3706,26612,8,8,201,0,1,3356,20967,0
3766,26727,8,8,201,1,1,3350,74,0
3766,26607,8,8,198,1,1,3373,17149,5
3887,26494,8,8,214,0,0,3358,17149,5
3887,26417,8,8,17,0,0,3380,59,0
3784,26646,8,8,198,1,1,3354,11,3
3888,26478,8,8,201,1,1,4669,20968,0
3889,26463,8,8,198,1,0,3358,17149,5
3890,26744,8,8,198,3,0,3361,17149,5
3890,26577,8,8,201,1,1,3373,17149,5
3892,26620,8,8,198,0,1,3353,11,3
3725,26730,8,8,199,1,1,3402,11,3
3893,26622,8,8,214,1,1,3353,1167,0
3726,26440,8,8,201,0,1,4670,17149,5
3895,26689,8,8,199,1,1,4198,17149,5
3727,26631,8,8,201,1,0,3402,11,3
3727,26501,8,8,198,1,1,3358,11,3
3896,26421,8,8,199,1,1,3358,17149,5
3896,26653,8,8,198,0,1,3384,17149,5
3896,26632,8,8,199,1,1,3352,17149,5
3896,26632,8,8,199,1,1,0,50,0
3950,26645,8,8,199,1,1,3481,17149,5
3897,26444,8,8,198,11,0,3361,17149,5
3731,26441,8,8,199,1,1,3507,17149,5
3731,26632,8,8,200,0,1,3356,17149,5
3731,26444,8,8,199,1,1,3447,17149,5
3938,26657,8,8,199,1,0,3402,17,0
3760,26441,8,8,206,3,0,3361,17149,5
3898,26728,8,8,197,0,1,3378,11,3
3898,26497,8,8,200,1,0,3350,17149,5
3761,26642,8,8,198,1,1,3356,8,0
3902,26650,8,8,18,1,1,11,17149,5
3902,26650,8,8,202,1,0,11,17149,5
3904,26664,8,8,34,0,0,3360,17149,5
3904,26595,8,8,201,0,1,4671,17149,5
3953,26602,8,8,198,0,0,3354,17149,5
3905,26728,8,8,199,1,1,3383,17149,5
3906,26644,8,8,199,1,1,3353,17149,5
3906,26649,8,8,199,1,1,3361,17149,5
3906,26697,8,8,197,1,1,0,341,0
3728,26660,8,8,198,0,1,3353,17149,5
3907,26635,8,8,198,0,1,3415,17149,5
3908,26763,8,8,199,0,1,3354,17149,5
3783,26783,8,8,20,1,1,4672,17149,5
3783,26746,8,8,198,1,1,3380,17149,5
3910,26637,8,8,218,1,1,3378,17149,5
3732,26654,8,8,206,1,1,3358,17149,5
3732,26697,8,8,199,0,1,3384,17149,5
3912,26455,8,8,199,1,1,3417,17149,5
3915,26763,8,8,198,1,1,4175,17149,5
3915,26639,8,8,253,1,0,3358,17149,5
3970,26649,8,8,198,1,1,3389,50,0
3786,26570,250,250,200,0,1,3354,3872,0
3953,26633,250,250,50,0,1,3356,17149,5
3801,26514,130,130,50,0,1,3361,11,3
3804,26339,130,130,50,0,0,3361,11,3
3817,26287,130,130,50,1,1,3829,11,3
3854,26724,130,130,50,0,0,3352,1714,0
3854,26585,130,130,50,0,0,3401,11,3
3880,26598,130,130,50,0,1,4673,11,3
3788,26401,33,33,197,0,1,3353,11,3
3788,26754,33,33,201,0,0,3354,20969,1
3790,26363,33,33,198,1,1,3451,11,3
3793,26670,33,33,199,8,1,3358,11,3
3746,26507,33,33,197,0,0,3354,11,3
3802,26524,33,33,202,0,1,3354,17149,5
3807,26481,33,33,198,0,0,3387,11,3
3809,26523,33,33,198,0,0,3356,1,1
3811,26700,33,33,198,0,0,3401,724,0
3817,26502,33,33,198,0,1,3355,17149,5
3819,26465,33,33,197,0,1,3357,1,0
3820,26459,33,33,199,1,1,3361,17149,5
3944,26775,33,33,202,0,0,3361,7183,0
3946,26466,33,33,197,1,1,3353,3803,0
3834,26682,33,33,197,0,0,3383,11,3
3715,26537,33,33,198,0,0,3378,20970,0
3837,26561,33,33,198,0,0,0,2194,0
3774,26426,33,33,200,0,1,3356,11,3
3843,26724,33,33,197,1,1,3353,11,3
3845,26528,33,33,202,0,1,3356,11,3
3852,26723,33,33,200,0,1,3373,11,3
3854,26581,33,33,197,0,0,3356,252,0
3855,26690,33,33,198,0,1,3829,11,3
3719,26571,33,33,198,0,1,3401,11,3
3719,26565,33,33,200,0,1,3475,17149,5
3765,26556,33,33,201,1,1,3358,11,3
3778,26490,33,33,202,0,0,3383,14951,1
3705,26723,33,33,200,1,1,4674,11,3
3768,26603,33,33,200,1,1,3358,11,3
3881,26601,33,33,197,0,0,3383,11,3
3884,26616,33,33,199,0,1,3383,11,3
3887,26613,33,33,202,0,0,3357,17149,5
3987,26627,33,33,199,1,0,0,11,3
3890,26727,33,33,198,0,0,3356,11,3
3976,26620,33,33,202,0,0,3383,17149,5
3892,26730,33,33,202,1,1,3353,17149,5
3727,26626,33,33,197,1,1,3384,611,1
3938,26728,33,33,202,0,1,3356,20971,1
3913,26437,33,33,198,1,1,3401,17149,5
3916,26635,33,33,198,1,1,0,11,3
3916,26648,33,33,199,1,1,3384,17149,5
3921,26732,33,33,199,1,1,3356,17149,5
3722,26432,275,275,197,0,1,3354,11,3
3809,26507,155,483,229,1,0,3662,17149,5
3811,26460,155,483,198,1,1,3350,11,3
3827,26362,155,483,199,0,1,3354,11,3
3755,26742,155,483,198,0,1,3354,433,1
3704,26396,155,483,201,3,0,0,11,3
3715,26742,155,483,202,0,1,3354,11,3
3845,26723,155,483,199,0,1,3354,11,3
3716,26655,155,483,199,0,0,3357,17950,1
3719,26572,155,483,199,0,1,3380,973,0
3858,26426,155,483,197,0,0,3354,830,0
3858,26573,155,483,199,0,1,3352,17149,5
3759,26685,155,483,198,1,0,3465,11,3
3783,26736,155,483,202,0,0,3401,17149,5
3912,26438,155,483,200,1,1,0,50,0
3883,26626,284,284,206,1,1,3465,11,3
3743,26428,142,142,206,1,0,11,11,3
3739,26588,142,142,197,0,1,3384,405,0
3810,26535,335,335,202,0,1,0,11,3
3830,26307,335,335,13,11,0,3361,17149,5
3736,26307,335,335,13,3,0,0,17149,5
3853,26695,335,335,13,1,0,3358,17149,5
3708,26416,292,292,206,0,1,0,91,0
3866,26596,292,292,206,1,1,4675,17149,5
3788,26416,42,42,214,1,0,3644,11,3
3734,26415,42,42,206,0,1,3352,11,3
3924,26749,42,42,197,0,1,3361,11,3
3749,26699,42,42,199,1,1,3402,11,3
3809,26789,42,42,206,0,1,3354,16976,0
3811,26710,42,42,199,0,1,3361,52,1
3812,26389,42,42,199,0,1,3355,11,3
3813,26459,42,42,197,1,0,3352,18,0
3821,26527,42,42,214,1,1,3356,20972,0
3834,26541,42,42,202,0,1,3402,20973,0
3841,26743,42,42,199,1,1,3801,20974,1
3841,26558,42,42,214,0,1,3356,11,3
3878,25820,42,42,206,1,0,3358,11,3
3893,26440,42,42,200,0,0,3357,10588,0
3893,26420,42,42,199,1,1,3358,17149,5
3896,26735,42,42,197,1,1,3353,239,1
3938,26636,42,42,199,1,1,3352,11,3
3898,26499,42,42,214,1,1,3354,63,0
3899,26654,42,42,200,1,1,3358,17149,5
3761,26436,42,42,206,0,1,3350,11,3
3904,26543,42,42,200,1,1,3352,17149,5
3788,26118,16,16,202,0,1,3356,17149,5
3795,26118,16,16,202,0,1,3356,160,1
3941,26669,16,16,13,0,1,3356,11,3
3751,26741,16,16,201,1,1,3383,435,1
3822,26775,16,16,197,1,1,3361,11,3
3774,26564,16,16,198,1,1,3353,11,3
3786,26564,16,16,198,0,1,3356,11,3
3716,26722,16,16,198,1,1,3535,11,3
3853,26683,16,16,198,1,1,4334,11,3
3729,26584,16,16,198,0,1,3356,33,1
3719,26578,16,16,197,1,1,3350,20975,0
3777,26581,16,16,198,0,1,3875,11,3
3723,26629,16,16,198,1,1,3527,11,3
3881,26781,16,16,198,0,1,0,11,3
3897,26634,16,16,198,0,1,3383,11,3
3731,26368,16,16,198,0,1,3351,17149,5
3899,26730,16,16,202,0,0,3357,8898,1
3746,26506,67,67,200,0,1,3352,20976,1
3959,26379,67,67,201,1,1,3418,11,3
3749,26504,67,67,13,0,1,3352,10102,1
3801,26510,67,67,202,4,3,3417,20977,0
3804,26514,67,67,200,0,1,3356,2934,1
3814,26465,67,67,197,0,1,3365,11,3
3839,26485,67,67,13,0,1,4676,11,3
3858,26584,67,67,201,1,1,3662,11,3
3765,26593,67,67,202,0,1,3823,11,3
3780,26431,67,67,201,0,0,3354,11,3
3869,26695,67,67,13,1,0,3357,252,1
3739,26489,67,67,197,0,1,3377,3556,0
3725,26602,67,67,13,3,1,11,17149,5
3936,26592,110,110,199,1,1,3383,17149,5
3919,26550,110,110,50,1,1,3352,11,3
3729,26590,110,110,200,0,1,3497,17149,5
3904,26639,110,110,200,0,1,3354,17149,5
3889,26431,163,163,200,1,1,4456,17149,5
3802,26704,271,271,199,0,1,0,20479,0
3807,26460,271,271,206,0,1,3358,11,3
3990,26714,271,271,206,0,1,3384,1193,1
3736,26547,271,271,200,0,0,3352,20978,0
3709,26595,271,271,197,1,0,3358,11,3
3880,26602,271,271,199,0,1,3491,11,3
3706,26640,271,271,202,0,1,3384,18552,0
3916,26779,271,271,200,1,1,3688,17149,5
3787,26399,14,14,197,0,0,3361,52,1
3790,26704,14,14,13,0,0,3383,11,3
3741,26515,14,14,201,1,1,3465,11,3
3764,26385,14,14,201,1,1,3352,156,0
3924,26456,14,14,201,1,0,3361,17149,5
3798,26383,14,14,13,0,1,3350,11,3
3799,26518,14,14,201,1,1,0,13641,1
3799,26457,14,14,199,0,0,3361,568,1
3749,26778,14,14,13,0,0,3357,12879,0
3804,26738,14,14,199,1,1,3361,4381,0
3712,26700,14,14,199,1,0,3361,17149,5
3805,26481,14,14,198,1,1,3358,1,0
3750,26755,14,14,197,0,1,3350,12779,0
3811,26526,14,14,13,1,1,3383,11,3
3820,26716,14,14,198,0,1,3384,59,0
3821,26741,14,14,198,1,1,3352,40,0
3713,26548,14,14,199,1,1,3353,2041,0
3823,26543,14,14,198,1,1,11,0,0
3754,26694,14,14,201,1,1,3384,6869,0
3754,26526,14,14,199,0,1,4677,20979,0
3946,26551,14,14,200,0,0,3354,20980,1
3774,26552,14,14,18,1,1,3350,17149,5
3774,26439,14,14,199,0,0,3356,17149,5
3936,26684,14,14,201,1,1,3365,11,3
3845,26574,14,14,198,1,1,3420,11,3
3846,26743,14,14,201,1,0,11,11,3
3786,26567,14,14,198,1,1,3497,2615,0
3786,26428,14,14,200,1,1,3780,11,3
3923,26571,14,14,198,0,1,3401,20981,0
3775,26683,14,14,199,1,1,3356,8039,0
3717,26675,14,14,197,1,1,3651,11,3
3717,26579,14,14,200,0,1,3667,59,0
3856,26624,14,14,197,1,0,3358,11,3
3859,26599,14,14,199,0,0,3357,11,3
3860,26454,14,14,198,1,1,3350,46,1
3860,26738,14,14,200,0,1,3397,49,0
3860,26561,14,14,199,1,1,3465,141,0
3765,26581,14,14,200,1,1,4678,11,3
3779,26490,14,14,197,0,0,3356,59,0
3865,26423,14,14,18,1,0,3353,1992,0
3721,26423,14,14,13,0,0,3373,11,3
3780,26431,14,14,197,1,1,3350,18,1
3867,26477,14,14,198,1,0,3380,11,3
3926,26685,14,14,13,0,0,3356,8329,0
3926,26431,14,14,198,0,1,3401,11,3
3768,26685,14,14,198,1,1,3352,11,3
3768,26597,14,14,200,0,1,3356,17149,5
3883,26474,14,14,197,0,1,3356,252,0
3987,26629,14,14,199,0,1,3377,20982,1
3890,26608,14,14,198,1,1,3352,11,3
3920,26420,14,14,198,1,1,3357,173,0
3969,26438,14,14,13,0,0,3354,20983,0
3896,26736,14,14,198,0,0,3383,17149,5
3897,26473,14,14,197,1,1,3352,17149,5
3760,26641,14,14,197,1,1,3357,751,0
3900,26644,14,14,202,0,7,3383,17149,5
3901,26730,14,14,199,1,0,4171,17149,5
3953,26455,14,14,197,0,1,3352,17149,5
3906,26664,14,14,198,0,0,3354,17149,5
3908,26650,14,14,197,0,1,3356,17149,5
3763,26660,14,14,198,0,1,4247,17149,5
3763,26763,14,14,198,0,0,3354,17149,5
3763,26455,14,14,198,1,1,3353,17149,5
3869,26433,247,247,197,0,1,3378,11,3
3796,25797,53,53,200,1,1,3467,11,3
3924,26514,53,53,201,0,1,3401,182,0
3801,26394,53,53,198,0,1,3361,11,3
3820,26367,53,53,13,0,1,3356,11,3
3753,26462,53,53,13,1,1,3380,11,3
3714,26552,53,53,198,0,0,3383,11,3
3757,26751,53,53,197,0,1,3380,59,0
3845,26418,53,53,201,1,1,0,83,1
3743,26724,53,53,202,0,0,0,129,0
3729,26584,53,53,197,1,1,3350,17149,5
3719,26426,53,53,13,1,1,4679,11,3
3776,26682,53,53,202,0,1,3356,122,0
3860,26428,53,53,197,1,0,3417,15057,0
3777,26599,53,53,198,3,1,3356,17149,5
3865,26431,53,53,197,1,1,3350,11,3
3926,26434,53,53,198,1,1,3428,17149,5
3870,26577,53,53,201,0,1,3356,20984,0
3882,26626,53,53,197,1,1,3353,5502,0
3884,26640,53,53,201,0,0,3378,6539,0
3920,26603,53,53,197,1,0,3649,17149,5
3938,26637,53,53,199,1,0,3354,17149,5
3898,26607,53,53,197,0,1,3416,17149,5
3910,26341,53,53,199,1,0,3358,17149,5
3789,26425,58,58,199,1,0,0,11,3
3708,26366,58,58,198,1,0,0,17149,5
3796,26411,58,58,199,1,1,3406,11,3
3746,26754,58,58,206,0,1,3353,153,1
3749,26518,58,58,201,1,0,3352,11,3
3944,26220,58,58,197,3,0,0,17149,5
3931,26534,58,58,206,1,1,4680,11,3
3935,26747,58,58,200,1,0,3453,11,3
3772,26674,58,58,198,1,1,3383,11,3
3947,26769,58,58,199,0,0,3354,20985,1
3936,26683,58,58,206,1,1,3358,17149,5
3849,26572,58,58,50,0,1,3380,11,3
3775,26486,58,58,198,0,0,3354,20986,1
3775,26487,58,58,198,0,1,3384,11,3
3718,26579,58,58,199,0,0,3358,20987,0
3861,26579,58,58,198,0,1,3352,17149,5
3777,26751,58,58,199,1,1,3383,11,3
3865,26431,58,58,201,1,1,4681,11,3
3926,26624,58,58,200,1,1,3353,11,3
3759,26586,58,58,199,1,0,3358,11,3
3878,26618,58,58,199,0,0,3383,790,1
3724,26601,58,58,200,1,1,3352,173,0
3885,26613,58,58,199,0,0,3818,17127,1
3784,26630,58,58,200,0,1,3356,11,3
3890,26727,58,58,200,1,0,3465,11,3
3939,26620,58,58,198,1,1,3602,11,3
3725,26731,58,58,198,1,1,3353,50,0
3895,26630,58,58,200,0,1,3356,17149,5
3731,26727,58,58,200,11,0,3361,17149,5
3905,26659,58,58,13,0,0,3383,20988,1
3906,26647,58,58,206,1,1,11,11,3
3928,26660,58,58,198,0,1,3353,11,3
3907,26763,58,58,206,0,1,3352,17149,5
3783,26782,58,58,198,0,1,3356,17149,5
3786,26445,216,216,202,1,1,3353,11,3
3786,26741,216,216,202,1,1,3353,695,0
3780,26686,216,216,197,0,1,3355,50,0
3723,26490,216,216,201,1,1,3487,11,3
3878,26618,216,216,197,0,1,3356,18,0
3739,26608,216,216,201,1,1,3357,17823,0
3901,26636,216,216,199,0,0,3357,17149,5
3905,26500,216,216,202,1,1,4607,17149,5
3809,26708,63,63,198,1,1,3361,17149,5
3891,26620,63,63,199,1,1,0,11,3
3927,26624,63,63,200,1,0,3350,17149,5
3793,26416,242,242,199,1,1,69,15956,1
3789,26409,57,57,197,1,1,3361,11,3
3794,26409,57,57,201,1,1,0,17149,5
3795,25867,57,57,198,1,1,4354,11,3
3795,26705,57,57,200,0,1,3354,20989,1
3734,26402,57,57,198,1,1,3411,4563,1
3933,26520,57,57,199,1,1,3361,10150,0
3803,26707,57,57,200,1,1,4005,11,3
3810,26755,57,57,202,0,0,3352,1,0
3750,26521,57,57,197,0,1,3383,11,3
3811,26680,57,57,200,0,1,4682,11,3
3751,26762,57,57,197,0,0,3352,99,0
3751,26465,57,57,197,1,1,3353,11,3
3816,26680,57,57,199,0,0,3377,11,3
3819,26525,57,57,198,1,1,3350,11,3
3820,26709,57,57,198,1,1,3361,11,3
3824,26716,57,57,197,0,1,3377,11,3
3827,26674,57,57,199,0,0,3357,19854,1
3828,26544,57,57,13,1,1,0,11,3
3828,26542,57,57,18,1,0,3357,11,3
3753,26553,57,57,198,1,0,3361,11,3
3753,26533,57,57,17,0,0,3361,18,0
3833,26550,57,57,197,1,0,3401,11,3
3834,26743,57,57,198,0,1,3402,11,3
3836,26447,57,57,18,1,0,0,20990,0
3755,26710,57,57,18,1,1,3350,66,1
3773,26439,57,57,202,0,0,3383,5031,0
3715,26507,57,57,18,1,1,3352,5917,0
3715,26539,57,57,197,1,0,3373,11,3
3837,26679,57,57,199,0,1,3356,11,3
3837,26563,57,57,197,0,0,3353,17149,5
3947,26485,57,57,197,1,1,4626,11,3
3774,26546,57,57,214,1,1,3358,11,3
3845,26428,57,57,13,0,0,3357,20991,0
3847,26567,57,57,198,0,0,3383,66,0
3743,26550,57,57,214,1,1,3451,1229,0
3743,26765,57,57,200,1,1,3858,11,3
3856,26489,57,57,197,1,0,11,17149,5
3777,26595,57,57,197,0,0,3354,20992,1
3705,26596,57,57,17,0,0,3383,3599,0
3871,26419,57,57,197,1,1,3389,11,3
3872,26492,57,57,214,0,1,3384,20993,0
3879,26613,57,57,197,1,1,3362,11,3
3724,26492,57,57,214,0,1,3361,20993,0
3739,26606,57,57,199,1,1,3353,27,0
3784,26622,57,57,198,1,1,3352,20994,0
3888,26454,57,57,201,0,0,3352,127,0
3895,26438,57,57,201,1,1,3354,17149,5
3760,26499,57,57,202,0,0,3356,252,1
3901,26653,57,57,198,0,0,3383,173,0
3904,26552,57,57,198,1,1,3352,17149,5
3904,26441,57,57,20,0,0,3352,11,3
3908,26756,57,57,198,1,0,3352,1,0
3912,26455,57,57,17,0,0,3354,11,3
3916,26746,57,57,199,1,1,3356,11,3
3745,26275,382,382,200,0,1,3623,17149,5
3971,26502,382,382,199,1,0,3358,11,3
3741,26382,382,382,199,0,1,3354,230,1
3933,25840,382,382,199,1,1,3365,11,3
3833,26462,382,382,201,1,1,3352,11,3
3954,26611,382,382,200,1,0,3373,17149,5
3883,26640,382,382,199,1,1,3352,17149,5
3787,26409,44,44,200,1,0,3383,11,3
3787,25858,44,44,199,1,1,4683,11,3
3785,26408,44,44,201,1,1,3361,11,3
3789,26368,44,44,202,0,1,3356,11,3
3791,26721,44,44,198,0,1,3356,1,1
3791,26388,44,44,206,1,1,3358,11,3
3792,25867,44,44,199,1,1,3401,20995,1
3793,26403,44,44,198,0,0,3357,11,3
3708,26388,44,44,206,1,1,3384,237,1
3708,26401,44,44,198,0,1,3467,52,0
3796,26305,44,44,198,0,0,3383,68,0
3797,26504,44,44,198,1,1,3353,3045,0
3746,26406,44,44,197,0,1,3361,11,3
3746,26377,44,44,13,0,1,3361,17149,5
3924,26458,44,44,206,0,1,3356,91,0
3747,26692,44,44,206,0,1,3354,11449,0
3748,26789,44,44,198,1,1,3465,11,3
3749,26526,44,44,197,1,1,3383,11,3
3749,26526,44,44,198,1,1,3358,11,3
3802,26535,44,44,200,0,1,3353,11,3
3933,26516,44,44,206,1,1,3353,11,3
3712,26755,44,44,206,0,1,0,11,3
3712,26518,44,44,17,1,1,3354,11,3
3810,26741,44,44,206,1,1,3350,11,3
3810,26527,44,44,200,0,1,3356,11,3
3812,26513,44,44,200,0,0,3352,11,3
3813,26465,44,44,198,0,1,3361,1110,0
3733,26534,44,44,198,1,1,0,11,3
3814,26527,44,44,198,1,1,3352,11,3
3815,26534,44,44,198,1,1,3350,11,3
3816,26700,44,44,197,0,1,3356,11,3
3816,26532,44,44,200,0,0,0,5837,0
3742,26680,44,44,199,0,1,3352,11,3
3742,26714,44,44,197,0,1,3656,11,3
3817,26527,44,44,198,1,1,3427,17149,5
3818,26762,44,44,199,1,1,3352,11,3
3818,26540,44,44,198,0,1,0,11,3
3929,26749,44,44,206,1,1,3378,2966,0
3929,26692,44,44,197,0,1,3384,11,3
3713,25856,44,44,198,1,1,3384,11,3
3713,26545,44,44,197,0,1,3356,11,3
3944,26517,44,44,199,0,1,3361,11,3
3963,26716,44,44,206,0,0,3354,20996,1
3752,26671,44,44,200,0,0,3352,11,3
3752,26517,44,44,170,1,1,3358,11,3
3752,26694,44,44,198,1,1,3350,17149,5
3824,26447,44,44,199,1,1,3358,11,3
3826,26705,44,44,199,0,1,3354,11,3
3828,26761,44,44,198,1,1,3350,11,3
3771,26716,44,44,198,0,1,3576,11,3
3735,26549,44,44,202,1,1,11,11,3
3829,26717,44,44,199,1,1,0,11,3
3830,26448,44,44,20,0,1,3352,37,1
3931,26555,44,44,202,1,1,3356,50,0
3736,26462,44,44,206,0,1,3415,6,0
3767,26463,44,44,200,1,1,3377,350,1
3835,26551,44,44,200,1,1,3352,17149,5
3836,26555,44,44,197,0,0,3357,11,3
3836,26562,44,44,13,1,1,3357,11,3
3756,26743,44,44,206,0,1,3384,3555,0
3756,26565,44,44,206,1,0,3401,11,3
3773,26559,44,44,199,0,0,3383,17149,5
3774,26554,44,44,206,0,1,3361,362,1
3955,26563,44,44,206,1,0,0,11,3
3757,26725,44,44,198,0,0,3356,11798,0
3846,26566,44,44,198,1,1,3389,237,0
3847,26743,44,44,170,1,1,3402,40,1
3918,26565,44,44,198,0,1,3387,20997,0
3991,26439,44,44,170,0,1,3352,11,3
3737,26486,44,44,17,0,1,3354,6,1
3852,26484,44,44,200,0,1,3356,11,3
3852,26577,44,44,198,0,1,3384,11,3
3855,26449,44,44,18,0,0,3383,11,3
3729,26590,44,44,206,1,1,0,17149,5
3719,26445,44,44,206,1,1,3350,11,3
3719,26723,44,44,200,0,1,3356,11,3
3856,26422,44,44,206,0,1,3354,11,3
3856,26429,44,44,17,0,0,3356,239,0
3857,26581,44,44,197,1,1,0,11,3
3858,26568,44,44,198,1,1,3352,11,3
3861,26273,44,44,197,1,1,3357,59,1
3765,26733,44,44,200,1,0,3358,11,3
3738,26477,44,44,201,1,1,3350,11,3
3864,26435,44,44,218,0,1,3384,11,3
3720,26423,44,44,198,0,1,3354,11,3
3721,26419,44,44,198,0,1,3465,11,3
3866,26419,44,44,17,0,1,3356,7454,0
3866,26758,44,44,198,1,1,3354,6,1
3705,26466,44,44,201,0,1,3356,11,3
3705,26477,44,44,198,0,1,3552,17149,5
3780,26419,44,44,198,0,0,3377,20612,0
3869,26432,44,44,197,1,1,3465,11,3
3722,26685,44,44,198,1,1,3358,11,3
3872,26588,44,44,198,0,0,3428,119,0
3781,26503,44,44,201,1,1,3829,11,3
3740,26408,44,44,170,0,1,3356,11,3
3740,26598,44,44,202,1,0,3467,350,0
3878,26629,44,44,200,1,1,3465,17149,5
3768,26608,44,44,198,0,0,3357,11,3
3886,26434,44,44,204,1,1,3352,11,3
3706,26610,44,44,200,0,1,3402,11,3
3766,26618,44,44,199,0,1,3354,11,3
3887,26608,44,44,200,0,1,3378,11,3
3889,26752,44,44,200,1,1,3402,11,3
3730,26626,44,44,200,0,0,3384,7279,0
3892,26437,44,44,202,0,0,3352,17149,5
3725,26479,44,44,17,0,0,3358,59,1
3725,26436,44,44,202,0,7,3356,17149,5
3707,26613,44,44,198,1,1,3628,11,3
3893,26467,44,44,202,1,0,0,11,3
3894,26623,44,44,197,0,1,3354,17149,5
3896,26727,44,44,198,0,1,3380,11,3
3950,26441,44,44,197,0,0,3357,11,3
3731,26634,44,44,198,1,1,3740,11,3
3938,26642,44,44,198,1,1,3487,54,1
3992,26441,44,44,199,1,1,3354,11,3
3901,26770,44,44,216,0,1,3356,11,3
3904,26441,44,44,216,1,1,3401,17149,5
3906,26500,44,44,197,1,1,3380,17149,5
3906,26500,44,44,197,1,1,3380,17149,5
3909,26648,44,44,198,0,1,3352,11,3
3911,26678,44,44,198,1,1,3402,11,3
3911,26440,44,44,198,0,1,3373,11,3
3763,26658,44,44,206,1,1,3380,17149,5
3913,26656,44,44,206,1,1,3555,11,3
3915,26471,44,44,206,0,1,3350,17149,5
3785,26407,28,28,202,3,0,3361,17149,5
3711,26504,28,28,197,1,1,3350,17149,5
3791,26407,28,28,197,1,0,3361,92,0
3791,26517,28,28,198,0,1,3356,11,3
3708,26504,28,28,198,1,1,3380,20998,1
3941,26457,28,28,198,0,0,3354,13212,1
3804,26396,28,28,198,1,1,3401,17149,5
3750,26709,28,28,199,1,1,3357,20999,1
3811,26536,28,28,198,1,1,3465,11,3
3751,26713,28,28,198,0,1,3353,5842,0
3824,26283,28,28,198,0,1,3553,11,3
3828,26715,28,28,199,1,1,4684,29,0
3753,26542,28,28,198,1,1,3358,17149,5
3753,26443,28,28,198,1,1,3350,11,3
3931,26719,28,28,198,0,1,3354,122,1
3838,26673,28,28,198,0,1,3378,12090,0
3851,26605,28,28,198,0,1,3353,1575,0
3720,26599,28,28,197,0,0,3356,21000,0
3720,26490,28,28,198,1,1,3356,11,3
3780,26434,28,28,197,1,0,3361,17149,5
3871,26606,28,28,198,0,1,3352,11,3
3722,26614,28,28,197,1,1,3571,237,1
3872,26608,28,28,198,0,0,3357,1740,0
3872,26470,28,28,197,1,1,3352,11,3
3724,26613,28,28,201,1,1,3353,213,0
3893,26675,28,28,201,0,1,3377,911,0
3895,26689,28,28,200,1,0,3383,11,3
3727,26689,28,28,200,1,0,3383,17149,5
3731,26632,28,28,198,1,1,3383,17149,5
3731,26642,28,28,200,0,1,4167,17149,5
3782,26499,28,28,197,1,1,3402,11,3
3952,26697,28,28,229,1,1,3380,17149,5
3783,26703,28,28,197,0,1,3354,17149,5
3783,26764,28,28,199,1,0,3354,17149,5
3913,26757,28,28,199,0,1,3352,17149,5
3914,26667,28,28,199,3,1,3481,17149,5
3914,26667,28,28,199,3,1,3358,17149,5
3917,26456,146,146,13,1,1,3352,11,3
3708,26392,146,146,197,1,1,3352,11,3
3924,26516,146,146,13,0,1,3356,11,3
3930,26524,146,146,13,1,1,3358,11,3
3807,26480,146,146,197,0,0,3352,768,0
3733,26507,146,146,200,1,1,0,163,0
3963,26540,146,146,201,0,0,3361,173,0
3955,26426,146,146,13,1,1,3358,4027,0
3780,26423,146,146,197,0,1,3356,11,3
3868,26432,146,146,200,1,1,3353,28,0
3869,26598,146,146,198,0,0,3383,17149,5
3937,26621,146,146,197,0,1,3354,17149,5
3872,26624,146,146,199,0,1,3356,6,0
3766,26494,146,146,201,0,1,3356,46,0
3707,26631,146,146,201,0,0,3357,17149,5
3760,26632,146,146,197,0,1,3417,17149,5
3915,26497,146,146,201,0,0,3357,17149,5
3915,26767,146,146,197,1,1,3384,17149,5
3927,26471,337,337,199,1,1,3358,11,3
3813,26394,180,180,18,0,1,4131,17149,5
3828,26717,180,180,200,0,1,0,92,1
3931,26740,180,180,200,1,0,3688,17149,5
3821,25788,205,205,197,0,1,3356,11,3
3954,26495,205,205,200,0,0,3357,3753,0
3794,26415,134,134,201,1,1,3358,11,3
3957,26402,134,134,200,0,1,3353,11,3
3738,26594,134,134,201,1,1,3358,11,3
3729,26450,465,484,197,0,1,3402,5620,0
3761,26441,465,484,199,0,1,3377,17149,5
3837,26552,389,389,50,0,1,3800,1,1
3759,26469,389,389,50,0,1,3356,18,0
3788,26411,13,13,197,0,1,3402,17149,5
3957,26480,13,13,199,1,1,3361,28,0
3813,26536,13,13,201,1,0,0,11,3
3814,26528,13,13,200,0,1,0,21001,0
3713,26533,13,13,200,1,1,3401,490,0
3963,26504,13,13,199,1,1,3401,8766,0
3754,26769,13,13,201,1,0,11,92,0
3934,26462,13,13,200,0,0,3357,21002,1
3931,26482,13,13,198,0,0,3356,7256,0
3931,26482,13,13,197,0,0,3383,14268,0
3836,26549,13,13,199,1,1,3365,8869,0
3715,26549,13,13,198,1,1,3740,11,3
3947,26683,13,13,200,0,1,3378,149,0
3839,26681,13,13,197,0,1,3356,11,3
3845,26724,13,13,197,0,1,3402,1,0
3853,26429,13,13,202,1,0,3358,17149,5
3854,26592,13,13,202,1,0,0,12089,0
3854,26248,13,13,197,1,1,4685,11,3
3861,26723,13,13,202,1,1,3358,132,0
3738,26580,13,13,201,1,7,3384,17149,5
3869,26586,13,13,202,1,1,3352,17149,5
3878,26702,13,13,197,0,0,3357,11,3
3882,26615,13,13,198,1,0,3401,11,3
3900,26444,13,13,202,1,1,3356,17149,5
3902,26728,13,13,199,0,1,3354,21003,0
3902,26660,13,13,199,0,1,3356,46,1
3763,26473,13,13,202,0,0,3357,33,0
3915,26688,13,13,20,0,1,3352,17149,5
3788,26410,1,1,197,0,1,3356,11,3
3769,26403,1,1,198,0,0,3383,21004,1
3711,26404,1,1,199,1,1,3352,11,3
3711,26405,1,1,197,0,0,3354,21005,1
3711,26410,1,1,197,1,0,0,21006,0
3745,26508,1,1,206,0,0,3354,6948,1
3745,26393,1,1,202,1,0,3383,11,3
3789,26401,1,1,204,1,1,3402,11,3
3792,25867,1,1,215,1,1,3672,11,3
3793,26721,1,1,206,0,0,3352,11,3
3917,26362,1,1,198,1,1,3497,2105,1
3708,26407,1,1,206,1,1,3358,16830,0
3794,26405,1,1,206,0,1,3370,11,3
3794,26415,1,1,197,0,0,3383,17149,5
3957,26691,1,1,170,1,1,3361,17149,5
3796,26480,1,1,206,1,1,3354,11,3
3796,26505,1,1,206,1,1,4686,11,3
3797,26406,1,1,206,1,0,3357,21007,0
3741,26778,1,1,206,1,1,3498,11,3
3746,26508,1,1,198,1,1,3361,11,3
3746,26512,1,1,206,0,0,3358,3806,1
3747,26524,1,1,204,0,1,3361,11,3
3799,26508,1,1,199,0,0,3357,10112,1
3959,26446,1,1,200,1,1,3353,6666,0
3959,26692,1,1,200,1,1,4687,11,3
3748,26446,1,1,206,0,1,3422,13970,1
3748,25803,1,1,206,1,1,3358,11,3
3749,26556,1,1,206,1,1,3497,11,3
3801,26513,1,1,206,1,1,3354,11,3
3801,26408,1,1,206,1,1,3411,2781,1
3803,26481,1,1,197,1,1,3352,156,1
3803,26526,1,1,249,0,1,3356,6014,1
3805,26676,1,1,206,1,1,3352,4576,1
3807,26556,1,1,206,1,1,3383,11,3
3807,26707,1,1,199,1,1,3361,11,3
3809,26680,1,1,170,0,0,3383,19526,0
3750,26459,1,1,197,1,0,3358,21008,0
3750,26691,1,1,206,0,1,0,21009,1
3811,26443,1,1,197,0,1,3356,11,3
3811,26704,1,1,206,0,1,3354,11,3
3943,26533,1,1,182,0,0,3430,11,3
3751,26671,1,1,198,1,1,3352,3248,1
3751,26762,1,1,197,0,1,3356,15233,1
3813,26527,1,1,198,1,0,3352,20973,1
3814,26740,1,1,202,1,1,3358,11,3
3815,26534,1,1,206,1,1,3465,11,3
3815,26707,1,1,197,1,0,0,11,3
3816,26446,1,1,206,0,1,3352,11,3
3742,26443,1,1,206,1,1,3402,11,3
3818,26716,1,1,206,0,1,3356,768,1
3818,26289,1,1,206,0,1,3355,11,3
3929,25894,1,1,200,1,1,3352,17149,5
3929,26761,1,1,206,1,1,3352,621,1
3822,26538,1,1,206,1,1,3358,11,3
3963,26775,1,1,206,0,1,0,21010,1
3963,26548,1,1,13,1,1,3373,11,3
3824,26464,1,1,250,0,0,3383,83,1
3824,26714,1,1,201,0,1,3757,11,3
3824,26525,1,1,206,1,1,3350,11,3
3828,26775,1,1,27,0,0,3354,21011,0
3771,26463,1,1,13,0,0,3352,11,3
3922,26529,1,1,13,1,1,3373,11,3
3753,26409,1,1,197,1,0,0,1,0
3754,26558,1,1,202,1,1,3384,314,0
3754,26545,1,1,206,1,1,3353,17149,5
3829,26377,1,1,198,0,1,3397,11,3
3934,26558,1,1,198,1,0,3358,11,3
3830,26674,1,1,206,1,0,3801,17149,5
3831,26547,1,1,206,0,0,3383,11,3
3931,26544,1,1,197,1,0,0,10757,0
3946,26191,1,1,206,1,1,3353,11,3
3946,26545,1,1,198,1,1,3352,11,3
3946,26534,1,1,182,1,0,3383,17149,5
3767,26531,1,1,206,1,1,3354,11,3
3767,26679,1,1,206,1,1,4081,342,0
3935,26551,1,1,198,0,1,3576,652,1
3833,26557,1,1,13,1,1,3354,11,3
3833,26720,1,1,206,0,1,3377,11,3
3836,26562,1,1,198,1,1,3383,17149,5
3836,26465,1,1,182,1,0,3383,21012,1
3772,26679,1,1,198,1,1,3358,11,3
3772,26742,1,1,198,0,0,3357,15117,1
3755,26700,1,1,198,0,1,3354,14174,1
3773,26673,1,1,206,1,0,0,16527,0
3704,26683,1,1,206,0,1,3384,819,1
3715,26559,1,1,206,1,1,3406,18,0
3715,26485,1,1,206,1,0,3357,14437,1
3715,26750,1,1,206,0,1,3378,11,3
3841,26743,1,1,198,1,0,3358,11,3
3842,26549,1,1,197,0,1,3491,7065,0
3842,26561,1,1,170,0,1,3378,11,3
3842,26443,1,1,200,1,0,3354,21013,0
3774,26755,1,1,206,0,0,3358,339,0
3843,26592,1,1,197,0,1,3397,11,3
3844,26699,1,1,197,0,1,3356,11,3
3844,26723,1,1,206,0,1,3397,11,3
3844,26486,1,1,13,1,1,3491,11,3
3845,26537,1,1,197,1,1,3552,12143,1
3958,26567,1,1,197,1,0,3383,1427,0
3846,26485,1,1,200,0,0,3356,21014,0
3846,26430,1,1,200,1,1,3552,21015,1
3786,26459,1,1,202,1,0,4688,11,3
3786,26722,1,1,206,0,1,3397,11,3
3847,26684,1,1,197,1,1,0,17149,5
3847,26512,1,1,200,1,1,3353,15730,1
3847,26725,1,1,198,1,1,3358,66,0
3716,26428,1,1,170,0,0,3358,66,0
3923,26675,1,1,20,0,0,3383,11,3
3737,26487,1,1,13,0,1,3377,11,3
3737,26695,1,1,206,1,1,3527,11,3
3737,26564,1,1,216,0,1,0,254,1
3743,26592,1,1,198,0,1,3377,11,3
3743,26592,1,1,200,0,1,3356,11,3
3852,26583,1,1,200,0,0,3356,21016,0
3852,26487,1,1,206,1,1,3384,11,3
3852,26564,1,1,200,0,0,3353,965,0
3948,26454,1,1,197,0,0,3354,21017,1
3948,26577,1,1,198,1,1,3401,11,3
3948,26487,1,1,198,0,1,3350,11,3
3717,26675,1,1,197,1,1,3373,421,0
3919,26555,1,1,198,1,1,0,17149,5
3919,26555,1,1,198,1,1,3417,21018,0
3855,26695,1,1,206,1,1,3383,17149,5
3729,26666,1,1,197,1,1,3356,11,3
3729,26449,1,1,197,0,1,3352,11,3
3729,26695,1,1,218,0,1,3356,11,3
3719,26683,1,1,206,0,1,3352,11,3
3719,26566,1,1,206,0,1,3356,20165,0
3776,26587,1,1,206,1,1,11,11,3
3857,26488,1,1,200,0,0,3352,63,0
3858,26422,1,1,197,1,1,4689,11,3
3858,26589,1,1,197,0,0,3383,21019,0
3859,26597,1,1,206,1,1,4690,17149,5
3765,26583,1,1,206,1,1,3352,8380,0
3862,26586,1,1,206,0,1,3356,11,3
3709,26488,1,1,13,0,0,3350,6,1
3777,26582,1,1,206,1,1,3377,11,3
3778,26594,1,1,202,11,0,0,11,3
3778,26693,1,1,197,1,1,3465,11,3
3779,26591,1,1,198,0,0,3358,8761,0
3962,26733,1,1,199,1,1,3357,701,1
3865,26735,1,1,198,0,1,3602,420,0
3866,26433,1,1,206,0,0,3357,11,3
3866,26593,1,1,199,1,1,3354,11,3
3866,26624,1,1,198,1,0,3358,18,0
3705,26433,1,1,197,1,1,4531,11,3
3705,26598,1,1,206,0,1,3356,11,3
3780,26435,1,1,198,0,0,3357,466,0
3780,26467,1,1,198,0,0,3352,156,1
3867,26726,1,1,197,0,1,3356,524,0
3867,26686,1,1,206,1,1,3358,11,3
3867,26431,1,1,198,1,1,3384,2128,0
3758,26604,1,1,197,1,1,3389,11,3
3758,26589,1,1,206,1,1,11,11,3
3868,26435,1,1,200,0,1,3352,202,0
3868,26467,1,1,229,1,1,3428,11,3
3926,26602,1,1,197,0,1,3384,3460,0
3870,26560,1,1,197,1,1,3373,421,0
3722,26601,1,1,206,0,1,3354,17149,5
3710,26602,1,1,206,1,0,3350,12924,1
3710,26685,1,1,199,0,1,3356,11,3
3937,26604,1,1,197,1,0,3358,21020,0
3872,26597,1,1,202,1,1,4691,11,3
3873,26586,1,1,197,1,1,3383,21021,1
3873,26491,1,1,206,1,1,3416,17149,5
3723,26432,1,1,206,0,0,3383,10451,1
3723,26619,1,1,170,1,1,3465,11,3
3781,26494,1,1,197,1,1,3401,11,3
3781,26604,1,1,197,0,1,3803,17149,5
3740,26607,1,1,13,1,1,4348,7043,0
3875,26607,1,1,206,0,1,3356,11,3
3875,26610,1,1,200,1,1,3356,1078,0
3875,26686,1,1,200,1,1,3350,11,3
3875,26452,1,1,198,0,1,0,40,0
3877,26469,1,1,202,1,0,3354,17149,5
3878,26608,1,1,206,0,1,3352,8719,0
3878,26621,1,1,202,7,0,3356,17149,5
3878,26606,1,1,206,1,1,3555,8934,1
3881,26740,1,1,198,1,0,3384,11,3
3881,26608,1,1,202,0,1,3377,21022,0
3881,26451,1,1,182,0,1,3377,21023,1
3882,26651,1,1,206,1,0,3373,3208,0
3883,26601,1,1,198,1,1,3402,11,3
3883,26618,1,1,206,1,1,3352,639,1
3883,26627,1,1,206,1,0,3358,11,3
3724,26559,1,1,215,0,1,3356,11,3
3724,26616,1,1,250,1,1,3353,129,0
3739,26618,1,1,216,1,1,3353,284,0
3884,26472,1,1,200,1,1,3353,28,0
3884,26611,1,1,204,1,1,3352,11,3
3886,26621,1,1,206,0,0,3354,18145,0
3706,26609,1,1,206,1,1,3352,2615,0
3706,26753,1,1,167,1,0,3357,11,3
3887,26623,1,1,206,1,1,3499,11,3
3887,26611,1,1,20,0,1,3415,11,3
3887,26420,1,1,206,0,0,3442,21024,1
3784,26623,1,1,206,1,1,3350,18,1
3784,26629,1,1,206,1,1,3671,250,1
3888,26618,1,1,198,1,1,3458,11,3
3890,26497,1,1,206,0,1,3378,514,0
3730,26702,1,1,206,1,1,3353,11,3
3939,26438,1,1,216,1,1,3383,21025,0
3725,26436,1,1,206,0,1,3643,17149,5
3725,26498,1,1,199,1,1,3383,17149,5
3893,26497,1,1,206,1,1,3377,21026,0
3893,26632,1,1,18,0,1,3356,11,3
3894,26633,1,1,202,0,0,3352,17149,5
3894,26440,1,1,206,0,0,3352,12861,1
3895,26632,1,1,206,1,1,3465,11,3
3727,26473,1,1,206,0,1,3384,17149,5
3727,26646,1,1,206,0,0,3378,11,3
3727,26609,1,1,200,1,1,3384,21027,0
3727,26472,1,1,206,1,0,3350,11,3
3727,26438,1,1,201,1,1,3389,11,3
3896,26608,1,1,200,0,0,3354,21028,1
3927,26642,1,1,206,1,1,3384,1,0
3927,26636,1,1,198,1,1,3401,11,3
3731,26636,1,1,206,0,1,3384,17149,5
3938,26632,1,1,206,0,0,3358,726,0
3760,26636,1,1,198,0,1,3354,17149,5
3899,26421,1,1,216,1,1,3402,1718,0
3899,26736,1,1,261,1,0,11,17149,5
3900,26634,1,1,198,0,0,3378,21029,0
3900,26654,1,1,197,1,1,3353,11,3
3900,26657,1,1,199,1,1,3644,21030,0
3902,26697,1,1,202,1,0,3358,1,0
3902,26634,1,1,197,1,0,0,17149,5
3902,26696,1,1,202,0,1,3353,91,0
3782,26728,1,1,206,1,7,3352,17149,5
3728,26771,1,1,197,1,1,3402,11,3
3908,26441,1,1,200,0,1,3356,11,3
3783,26455,1,1,216,0,1,3353,11,3
3783,26612,1,1,197,0,0,3383,17149,5
3911,26653,1,1,198,1,1,3384,17149,5
3911,26475,1,1,197,1,1,3465,11,3
3912,26757,1,1,200,0,1,3356,11,3
3913,26639,1,1,216,1,0,11,17149,5
3913,26728,1,1,13,0,0,3383,17149,5
3913,26631,1,1,206,1,1,3352,40,1
3913,26648,1,1,197,0,1,3356,1893,0
3913,26663,1,1,206,0,0,3383,17149,5
3915,26632,1,1,206,0,0,3354,17149,5
3916,26776,1,1,206,0,0,3356,8693,1
3970,26777,1,1,170,0,1,3356,17149,5
3809,26520,150,150,186,0,1,3467,11,3
3820,26699,150,150,202,1,1,3361,17149,5
3923,26449,150,150,50,1,0,3350,17149,5
3948,26582,150,150,50,1,1,3380,17149,5
3788,26410,147,147,200,0,0,3354,17149,5
3745,26383,147,147,197,0,1,3356,17149,5
3745,26517,147,147,200,1,0,3358,17149,5
3790,26391,147,147,200,1,1,3352,17149,5
3792,26502,147,147,197,0,1,3355,17149,5
3795,26509,147,147,200,0,1,3356,17149,5
3741,26456,147,147,37,1,1,4692,11,3
3802,26519,147,147,199,1,1,4402,17149,5
3712,26073,147,147,197,3,0,3361,17149,5
3822,26741,147,147,200,1,1,3353,17149,5
3830,26744,147,147,204,1,1,3383,17149,5
3767,26551,147,147,204,0,1,3356,17149,5
3835,26673,147,147,202,1,1,3356,17149,5
3836,26547,147,147,199,1,1,3352,17149,5
3755,26744,147,147,201,0,1,3356,17149,5
3755,26554,147,147,202,8,7,3358,17149,5
3844,26717,147,147,197,1,1,3358,17149,5
3729,26573,147,147,221,1,1,3353,17149,5
3856,26573,147,147,221,1,1,3353,17149,5
3857,26487,147,147,198,1,1,3350,17149,5
3860,26595,147,147,200,0,1,3356,17149,5
3738,26725,147,147,170,1,1,3353,17149,5
3705,26606,147,147,218,1,1,3465,17149,5
3867,26604,147,147,200,1,0,3373,17149,5
3868,26489,147,147,200,0,1,3356,17149,5
3870,26452,147,147,202,1,1,3402,17149,5
3871,26617,147,147,198,1,1,3401,17149,5
3874,26428,147,147,200,0,1,3356,17149,5
3888,26420,147,147,18,0,1,3377,17149,5
3892,26615,147,147,198,1,1,3356,17149,5
3901,26734,147,147,198,1,1,3551,17149,5
3728,26636,147,147,200,1,1,3768,17149,5
3748,26506,132,132,197,0,0,3354,724,0
3823,26388,132,132,199,1,0,11,11,3
3838,26725,132,132,199,1,0,0,21031,1
3774,26439,132,132,197,0,1,3356,55,1
3847,26428,132,132,200,0,1,4506,11,3
3856,26523,132,132,202,4,3,3417,21032,0
3760,26649,132,132,199,1,1,3352,46,1
3720,26461,407,407,18,1,1,3373,17149,5
3847,26571,229,229,197,0,1,3383,17149,5
3750,26443,108,108,197,0,1,3354,11,3
3855,26581,108,108,199,1,1,3354,17149,5
3866,26419,187,187,206,0,1,3378,17149,5
3785,26395,51,51,201,0,1,3352,29,1
3711,26360,51,51,198,0,0,3352,11,3
3745,26406,51,51,198,1,1,3352,11,3
3790,26456,51,51,206,1,1,0,17149,5
3792,26425,51,51,13,0,1,3356,11,3
3964,26504,51,51,198,0,1,69,46,1
3770,26669,51,51,202,1,1,3402,11,3
3941,26405,51,51,198,1,1,0,5133,0
3812,26787,51,51,199,1,1,3352,2833,0
3819,26785,51,51,199,1,1,11,11,3
3963,26443,51,51,198,1,1,3353,11,3
3823,26775,51,51,198,0,1,3361,11,3
3826,26803,51,51,206,0,1,3373,49,1
3735,26549,51,51,198,1,1,3465,21033,0
3830,26531,51,51,202,0,0,3357,11,3
3931,26742,51,51,198,0,1,3354,11,3
3772,26355,51,51,198,0,1,3402,11,3
3936,26722,51,51,206,1,0,3354,17149,5
3958,26555,51,51,197,0,0,3354,21034,0
3775,26583,51,51,216,0,1,3429,11,3
3948,26577,51,51,197,1,1,3352,4280,0
3859,26579,51,51,199,1,1,3384,11,3
3738,26726,51,51,198,1,1,3383,11,3
3758,26596,51,51,198,0,0,3383,16683,1
3926,26686,51,51,197,0,1,3356,11,3
3926,26452,51,51,201,0,1,3402,11,3
3723,26433,51,51,201,0,1,3356,17588,0
3954,26300,51,51,197,1,1,0,17149,5
3875,26589,51,51,198,0,1,3356,11,3
3877,26753,51,51,197,1,1,11,188,0
3880,26651,51,51,198,1,1,3353,11,3
3739,26472,51,51,201,1,1,3599,11,3
3766,26494,51,51,198,0,0,3416,91,0
3889,26622,51,51,198,0,1,3380,21035,0
3889,26702,51,51,53,0,1,3465,471,1
3707,26759,51,51,249,1,1,3427,11,3
3896,26471,51,51,198,1,0,3352,11,3
3906,26628,51,51,198,1,1,3383,28,0
3913,26648,51,51,198,1,1,3357,11,3
3915,26590,51,51,198,1,1,3356,17149,5
3788,26754,139,139,199,1,1,3353,226,0
3940,26413,139,139,198,0,1,3354,11,3
3745,26502,139,139,198,1,1,3353,695,0
3791,26382,139,139,198,0,1,3361,1410,0
3792,26368,139,139,13,0,0,3357,21036,1
3917,26270,139,139,17,1,1,3365,11,3
3957,26506,139,139,199,1,1,3401,83,0
3746,26324,139,139,198,1,1,3358,11,3
3959,26519,139,139,198,1,1,3361,11,3
3800,26458,139,139,198,1,1,3373,11,3
3748,26516,139,139,201,1,1,3358,11,3
3770,26705,139,139,18,0,0,3353,9987,1
3803,26480,139,139,201,0,1,3355,11,3
3712,25855,139,139,199,0,1,3356,11,3
3805,26708,139,139,13,1,1,3350,8656,0
3807,26525,139,139,13,1,1,3350,156,0
3809,26523,139,139,13,0,1,4693,17149,5
3809,26705,139,139,199,1,1,3358,17149,5
3810,26352,139,139,201,1,1,3358,11,3
3812,26522,139,139,13,1,1,3458,11,3
3812,26537,139,139,200,0,0,3383,1515,0
3815,26534,139,139,197,0,1,3384,11,3
3818,26532,139,139,198,1,1,3352,11,3
3819,26534,139,139,13,1,1,3358,11,3
3945,26740,139,139,165,1,1,3352,17149,5
3823,26761,139,139,197,1,1,4308,11,3
3824,26528,139,139,197,0,1,3352,33,0
3968,26462,139,139,197,0,0,3353,21037,1
3754,26448,139,139,13,0,0,3644,21038,1
3754,26712,139,139,13,0,0,3377,11,3
3934,26402,139,139,202,0,0,3383,52,0
3935,26744,139,139,13,1,1,3353,17082,0
3833,26744,139,139,198,1,1,3358,11,3
3925,26483,139,139,165,0,1,3612,11,3
3714,26552,139,139,13,1,1,3350,29,0
3947,26681,139,139,13,1,1,3354,11,3
3947,26559,139,139,17,0,1,3402,11,3
3840,26427,139,139,198,0,1,3361,618,1
3786,26765,139,139,13,1,1,3352,91,1
3847,26576,139,139,199,3,0,3361,17149,5
3716,26576,139,139,201,0,0,3377,513,0
3719,26582,139,139,197,1,1,3352,17149,5
3738,26439,139,139,13,1,0,3354,17149,5
3721,26489,139,139,197,1,1,3353,11,3
3721,26433,139,139,201,0,0,3356,21039,1
3780,26467,139,139,198,1,1,3353,3690,0
3872,26759,139,139,13,0,0,3354,17149,5
3723,26570,139,139,202,8,7,3357,17149,5
3723,26621,139,139,13,1,1,3358,17149,5
3740,26612,139,139,17,1,1,3389,17149,5
3876,26603,139,139,199,1,1,11,11,3
3878,26694,139,139,197,1,1,0,17149,5
3880,26431,139,139,199,0,1,3356,17149,5
3880,26640,139,139,198,0,0,3354,17149,5
3880,26604,139,139,199,0,1,3352,17149,5
3881,26673,139,139,200,0,1,3355,119,0
3882,26620,139,139,198,1,1,3688,17149,5
3766,26497,139,139,200,1,0,3354,17149,5
3766,26613,139,139,13,0,1,3377,17149,5
3887,26559,139,139,200,0,1,4694,17149,5
3927,26636,139,139,13,1,1,3352,17149,5
3760,26728,139,139,198,0,1,3384,17149,5
3899,26657,139,139,199,1,1,3352,17149,5
3904,26441,139,139,199,0,1,3356,17149,5
3953,26660,139,139,198,3,1,11,17149,5
3783,26441,139,139,199,1,1,3358,17149,5
3783,26659,139,139,197,0,1,3354,17149,5
3745,26414,36,36,260,1,0,3538,339,0
3791,26515,36,36,201,1,1,3465,11,3
3793,26412,36,36,197,1,1,0,11,3
3793,26691,36,36,197,0,0,3357,21040,0
3793,26352,36,36,197,1,0,3361,423,0
3793,26517,36,36,197,0,1,3356,11,3
3964,26512,36,36,197,1,1,3352,11,3
3795,26504,36,36,206,1,1,3361,11,3
3741,26511,36,36,197,1,1,3361,17149,5
3746,26705,36,36,197,1,1,3361,11,3
3959,26519,36,36,197,0,1,3361,11,3
3959,26511,36,36,18,0,1,3361,11,3
3749,26520,36,36,198,1,1,3358,11,3
3749,26519,36,36,197,0,1,3384,11,3
3941,26446,36,36,206,0,1,3402,6430,0
3803,25859,36,36,198,0,1,0,11,3
3810,26520,36,36,197,1,1,3574,1,0
3751,26533,36,36,197,1,1,3353,11,3
3813,26534,36,36,197,1,1,3361,17149,5
3815,26519,36,36,197,1,1,3353,601,0
3816,26708,36,36,198,0,0,3361,5120,1
3819,26525,36,36,197,0,1,3356,66,0
3822,26465,36,36,197,0,0,3361,224,1
3825,26540,36,36,202,1,1,3384,11,3
3827,26543,36,36,198,1,1,3352,17149,5
3827,26676,36,36,199,0,0,3357,21041,1
3828,26465,36,36,199,0,0,3356,622,1
3831,26740,36,36,197,0,0,0,21042,0
3935,26461,36,36,197,0,1,3356,11,3
3833,26448,36,36,198,1,1,3350,11,3
3833,26558,36,36,197,0,0,0,2256,0
3772,26743,36,36,197,0,0,3357,21043,1
3772,26554,36,36,197,1,0,3357,11,3
3755,26426,36,36,197,0,0,3354,11,3
3773,26743,36,36,198,0,0,3357,11,3
3838,26682,36,36,197,1,1,3401,11,3
3844,26439,36,36,197,1,1,3353,11,3
3846,26765,36,36,197,0,0,3356,17149,5
3786,26456,36,36,197,0,0,3357,21044,1
3716,26418,36,36,198,0,1,3361,52,0
3854,26695,36,36,206,1,1,0,11,3
3729,26590,36,36,197,1,1,3401,11,3
3729,26477,36,36,197,0,1,0,17149,5
3729,26477,36,36,197,0,1,3377,17149,5
3729,26572,36,36,201,0,0,3644,17149,5
3856,26567,36,36,197,0,0,3383,2135,0
3861,26422,36,36,197,0,1,3356,68,0
3709,26595,36,36,197,1,1,3357,17149,5
3738,26591,36,36,197,0,0,3354,17149,5
3738,26503,36,36,197,1,1,3380,11,3
3777,26624,36,36,198,0,1,3380,11,3
3779,26468,36,36,198,1,1,4695,11,3
3779,26468,36,36,197,0,1,3402,17149,5
3962,26593,36,36,197,0,1,3361,17149,5
3865,26487,36,36,201,8,0,3357,17149,5
3721,26477,36,36,200,1,1,3465,11,3
3780,26492,36,36,197,1,1,3402,11,3
3867,26432,36,36,206,0,1,3354,17149,5
3722,26496,36,36,197,0,0,3383,17149,5
3740,26609,36,36,198,0,0,3354,21045,0
3878,26609,36,36,198,1,1,3352,17149,5
3881,26628,36,36,197,0,0,3361,17149,5
3888,26440,36,36,206,8,1,3475,17149,5
3730,26420,36,36,197,0,1,3399,17149,5
3725,26688,36,36,197,1,1,3352,17149,5
3726,26729,36,36,199,1,1,3628,17149,5
3896,26633,36,36,198,1,1,0,17149,5
3901,26645,36,36,198,1,1,3352,17149,5
3904,26641,36,36,200,0,0,3354,17149,5
3952,26499,36,36,197,1,1,3360,17149,5
3907,26734,36,36,198,0,0,3358,17149,5
3908,26771,36,36,197,1,1,4194,17149,5
3788,26414,38,38,198,0,1,3350,2332,0
3785,26343,38,38,198,1,0,3361,40,0
3785,26417,38,38,198,1,1,3354,86,0
3769,26415,38,38,198,1,1,3465,11,3
3711,26349,38,38,197,0,0,3361,15239,0
3789,26502,38,38,206,0,0,3354,11,3
3791,26416,38,38,198,1,1,11,17149,5
3792,26407,38,38,198,0,1,3378,63,0
3793,26425,38,38,198,1,1,3361,33,0
3741,26415,38,38,206,1,1,3350,17340,0
3959,26510,38,38,198,0,0,3383,21046,0
3804,26464,38,38,197,0,1,3356,4874,0
3805,26522,38,38,198,1,1,0,11,3
3807,26700,38,38,198,1,0,3357,11,3
3812,26676,38,38,206,1,1,3358,17149,5
3813,26529,38,38,206,0,0,3357,17149,5
3827,26462,38,38,200,1,1,3361,6,1
3827,26694,38,38,198,0,0,3352,11,3
3935,26482,38,38,198,0,1,3512,11,3
3836,25845,38,38,198,1,1,3353,14271,0
3773,26545,38,38,202,1,0,3358,17149,5
3773,26682,38,38,197,1,1,3365,11,3
3774,26463,38,38,199,1,0,3354,17149,5
3955,26722,38,38,197,1,1,3353,9186,0
3757,26562,38,38,206,1,1,3353,133,0
3845,26483,38,38,200,1,1,0,11,3
3737,26564,38,38,199,0,1,3383,17689,1
3848,26561,38,38,200,1,1,4696,21047,0
3948,26583,38,38,198,1,1,3353,11,3
3729,26583,38,38,198,0,1,3377,17149,5
3718,26592,38,38,199,0,1,3354,11,3
3858,26595,38,38,198,0,1,3354,11,3
3738,26614,38,38,201,1,1,3416,21048,0
3779,26435,38,38,200,0,1,3356,11,3
3705,26468,38,38,198,0,0,3383,21049,0
3867,26601,38,38,197,1,1,3350,11,3
3758,26428,38,38,202,0,3,3361,21050,1
3868,26593,38,38,202,1,1,3465,2052,0
3872,26428,38,38,202,4,3,0,21051,0
3872,26488,38,38,198,0,1,3356,1,1
3954,26452,38,38,13,1,1,4647,11,3
3878,26702,38,38,197,0,1,3350,21052,0
3768,26601,38,38,202,1,1,3356,503,0
3880,26612,38,38,198,0,1,3356,1,1
3886,26598,38,38,202,1,0,3354,17149,5
3706,26626,38,38,198,1,1,3350,11,3
3730,26496,38,38,197,1,0,11,155,0
3725,26690,38,38,200,1,1,11,21053,0
3893,26622,38,38,198,0,1,3576,11,3
3927,26729,38,38,198,0,1,3383,17149,5
3897,26570,38,38,198,1,0,3358,11,3
3761,26634,38,38,202,11,0,3361,17149,5
3993,26608,38,38,198,1,1,3350,11,3
3953,26442,38,38,198,1,1,3384,21054,0
3928,26689,38,38,206,1,1,3389,1609,0
3783,26471,38,38,199,1,1,3427,17149,5
3910,26441,38,38,199,1,1,3402,11,3
3763,26641,38,38,198,1,0,3358,17149,5
3913,26499,38,38,198,1,1,3358,11,3
3937,26608,248,248,198,0,0,3383,11,3
3788,26414,64,64,198,0,1,3362,11,3
3788,26407,64,64,206,0,0,3352,6679,1
3769,26417,64,64,199,1,1,3352,119,1
3711,25867,64,64,206,0,1,3352,11,3
3792,26417,64,64,199,1,1,3361,17149,5
3708,26234,64,64,199,1,1,3353,11,3
3708,26266,64,64,199,1,1,3353,11,3
3708,26270,64,64,199,1,1,3353,11,3
3708,25972,64,64,199,1,1,3353,11,3
3734,26510,64,64,200,0,0,3383,11,3
3746,26505,64,64,200,0,1,3415,11,3
3799,26691,64,64,199,0,1,3361,11,3
3748,26360,64,64,198,1,1,3380,8206,0
3749,26520,64,64,199,0,0,3357,25,1
3803,26708,64,64,200,1,0,3357,11,3
3807,26536,64,64,18,0,1,3356,17149,5
3810,26459,64,64,201,1,1,3941,11,3
3812,26526,64,64,198,1,1,3350,3322,0
3826,26775,64,64,198,1,1,3373,222,1
3753,26547,64,64,199,0,1,3361,17149,5
3829,26744,64,64,199,1,1,0,59,0
3934,26548,64,64,206,0,1,3378,6489,0
3736,26694,64,64,198,0,1,3354,11,3
3714,26682,64,64,199,1,1,3491,11,3
3715,26439,64,64,22,1,1,3350,239,0
3837,26711,64,64,199,0,1,3361,28,1
3838,26295,64,64,200,1,1,3458,11,3
3846,26723,64,64,199,0,1,3900,11,3
3786,26544,64,64,198,1,1,3536,782,0
3743,26684,64,64,206,1,1,3352,17149,5
3851,26599,64,64,206,0,1,3418,21055,0
3852,26582,64,64,198,0,1,3352,11,3
3948,26690,64,64,197,0,0,3383,17149,5
3854,26563,64,64,18,1,1,3352,17149,5
3717,26701,64,64,200,0,0,3357,11,3
3717,26568,64,64,18,0,0,3401,875,0
3856,26590,64,64,199,0,0,3467,21056,0
3862,26435,64,64,198,0,1,3350,11,3
3705,26431,64,64,198,0,0,3383,763,0
3868,26489,64,64,198,0,1,3356,17149,5
3870,26495,64,64,197,3,0,3361,17149,5
3879,26612,64,64,200,1,1,3373,17149,5
3768,26616,64,64,199,0,1,3350,11,3
3882,26620,64,64,197,1,1,3358,11,3
3887,26478,64,64,199,0,0,3361,17149,5
3939,26688,64,64,200,0,1,3378,11,3
3707,26729,64,64,198,0,0,3378,258,1
3707,26473,64,64,202,0,0,3354,33,1
3950,26625,64,64,198,0,0,3354,122,1
3938,26633,64,64,206,0,0,3383,66,0
3760,26642,64,64,197,0,1,3465,4463,0
3952,26623,64,64,200,1,1,3401,17149,5
3728,26648,64,64,199,1,1,3353,11,3
3908,26643,64,64,198,0,0,3397,2056,1
3908,26659,64,64,199,0,1,3353,37,1
3908,26658,64,64,199,1,1,3354,17149,5
3783,26455,64,64,198,0,0,3377,11,3
3921,26766,64,64,198,1,1,3350,11,3
3717,26578,454,471,200,1,1,3352,3036,0
3813,26521,207,207,50,1,0,3383,11,3
3900,26654,207,207,200,1,0,11,11,3
3944,26533,111,111,13,0,1,3355,11,3
3825,26556,111,111,202,0,0,3357,11,3
3946,26569,111,111,197,0,1,0,17149,5
3767,26707,111,111,197,0,1,3356,19241,1
3904,26652,111,111,197,0,1,3356,17149,5
3788,26416,2,2,198,1,1,3361,17149,5
3769,26407,2,2,18,1,1,3680,11,3
3789,26392,2,2,197,0,1,3361,21057,1
3795,26512,2,2,199,0,1,3401,11,3
3746,26754,2,2,198,1,1,3378,11,3
3799,26692,2,2,198,0,0,3354,21058,0
3933,25844,2,2,202,7,3,3357,866,0
3811,26341,2,2,202,0,1,3361,17149,5
3751,26342,2,2,201,0,1,0,8379,0
3823,26546,2,2,198,0,1,3350,6670,0
3825,26747,2,2,198,0,0,3354,2221,0
3931,26543,2,2,198,1,1,4697,11,3
3931,26719,2,2,199,0,0,3361,11,3
3834,26673,2,2,202,1,1,3350,11,3
3773,26555,2,2,197,1,1,3352,163,0
3773,26559,2,2,199,1,1,4698,17149,5
3715,26720,2,2,201,0,1,0,11,3
3840,26483,2,2,202,1,1,3384,18118,0
3840,26430,2,2,198,1,1,0,15955,0
3841,26592,2,2,198,1,1,3350,17149,5
3955,26563,2,2,198,1,0,0,11,3
3850,26575,2,2,198,0,0,3354,6962,1
3948,26585,2,2,202,1,1,3350,17149,5
3861,26599,2,2,201,1,1,3352,2256,0
3709,26591,2,2,198,1,1,3352,21059,1
3738,26614,2,2,198,1,1,11,17149,5
3863,26596,2,2,198,1,1,3354,400,0
3863,26675,2,2,198,0,1,3356,11,3
3864,26593,2,2,197,1,1,3352,17149,5
3779,26490,2,2,198,0,0,3383,466,1
3866,26491,2,2,206,0,1,3352,11,3
3867,26686,2,2,200,1,1,3352,11,3
3871,26419,2,2,198,0,0,3354,20542,0
3937,26604,2,2,198,1,1,3354,11,3
3937,26733,2,2,18,1,1,3453,9194,0
3768,26628,2,2,201,0,0,3357,11,3
3724,26610,2,2,202,1,1,3401,29,0
3724,26573,2,2,201,11,7,3361,11,3
3724,26736,2,2,197,0,1,3377,17149,5
3739,26474,2,2,198,0,0,3356,252,0
3887,26640,2,2,201,0,0,3353,17149,5
3890,26418,2,2,199,0,1,4035,17149,5
3730,26433,2,2,197,1,1,3378,63,0
3893,26471,2,2,198,1,1,3383,11,3
3894,26649,2,2,198,1,1,3397,1640,0
3727,26471,2,2,199,0,1,3415,17149,5
3761,26657,2,2,197,0,1,3356,40,1
3952,26634,2,2,198,0,0,3357,17149,5
3908,26652,2,2,50,1,1,3458,17149,5
3912,26766,2,2,199,0,0,3380,17149,5
3970,26748,2,2,199,0,0,3352,11,3
3895,26420,418,418,206,1,1,3357,17149,5
3787,26393,137,137,197,0,1,3356,11,3
3785,26754,137,137,202,0,0,3354,17149,5
3924,26517,137,137,202,0,0,3354,11,3
3799,26383,137,137,199,0,1,3361,11,3
3959,26520,137,137,200,1,1,3530,11,3
3959,26520,137,137,200,1,1,3383,11,3
3812,26708,137,137,200,1,0,3357,222,1
3818,26711,137,137,197,1,1,3350,11,3
3944,26747,137,137,13,1,1,3358,11,3
3757,26751,137,137,13,0,1,3402,2629,0
3844,26564,137,137,199,1,1,3370,11,3
3853,26429,137,137,199,1,1,3402,11,3
3718,26426,137,137,17,1,1,4699,11,3
3863,26470,137,137,197,1,1,0,11,3
3994,26436,137,137,197,1,1,3356,11,3
3784,26494,137,137,197,0,1,3352,21060,0
3900,26644,137,137,202,0,0,3383,17149,5
3901,26697,137,137,13,0,1,3429,17149,5
3763,26757,137,137,197,0,0,3383,17149,5
3793,26383,164,164,202,1,0,3361,11,3
3959,26691,164,164,199,1,0,3358,11,3
3959,26676,164,164,294,1,1,3361,17149,5
3929,26540,164,164,199,1,1,3358,11,3
3822,26672,164,164,294,0,1,3491,17149,5
3839,26524,164,164,199,1,1,3697,11,3
3888,26497,164,164,199,11,0,3361,17149,5
3707,26804,164,164,202,3,0,3361,11,3
3725,26479,252,252,197,1,1,3360,11,3
3856,26561,114,114,199,0,1,3377,25,0
3939,26421,114,114,199,1,1,3591,17149,5
3809,26504,131,438,13,1,1,4700,11,3
3730,26436,131,438,201,0,1,3378,419,1
3948,26429,29,29,200,0,1,3356,68,0
3919,26597,29,29,201,0,0,3383,11,3
3778,26596,29,29,197,1,0,3507,11,3
3778,26578,29,29,200,1,1,3350,10096,0
3720,26587,29,29,13,1,1,3402,11,3
3926,26593,29,29,201,1,1,3401,951,0
3739,26686,29,29,13,0,1,3356,18,0
3890,26420,29,29,199,0,0,3383,11,3
3894,26653,29,29,197,0,1,3356,1850,1
3896,26601,29,29,13,1,1,3358,17149,5
3913,26496,29,29,201,0,0,3383,17149,5
3833,26550,422,422,232,1,1,3383,11,3
3869,26434,422,422,232,0,1,3428,1,1
3745,26372,202,202,199,1,0,0,11,3
3793,26404,202,202,197,0,0,3401,2571,0
3935,26463,202,202,197,0,0,3357,4863,0
3847,26576,202,202,197,0,1,3384,206,0
3915,26757,202,202,197,1,1,3383,17149,5
3771,26541,45,45,322,1,1,3361,129,0
3788,26425,23,23,197,0,1,3356,11,3
3785,26358,23,23,197,0,1,3350,639,0
3785,26411,23,23,198,1,1,3350,213,0
3785,26366,23,23,13,1,1,3356,7591,0
3790,26396,23,23,201,0,1,3356,156,0
3791,26415,23,23,198,0,1,3361,17149,5
3792,26402,23,23,198,1,0,3358,11,3
3793,26670,23,23,201,0,1,3356,11,3
3793,26377,23,23,198,0,1,3352,11,3
3796,26749,23,23,198,1,1,0,1512,1
3924,26739,23,23,198,0,1,3356,17149,5
3924,26505,23,23,198,0,1,3356,11,3
3747,26520,23,23,198,0,1,0,3036,0
3748,26518,23,23,198,0,1,3361,11,3
3770,26396,23,23,198,1,1,3353,11,3
3749,26755,23,23,197,0,0,3356,21061,1
3941,26739,23,23,197,0,0,0,11,3
3933,26755,23,23,197,1,1,3352,11,3
3803,26537,23,23,199,0,1,3356,11,3
3803,26707,23,23,198,1,1,0,11,3
3811,26520,23,23,198,1,0,11,284,0
3942,26523,23,23,198,0,1,3356,11,3
3943,26536,23,23,199,0,0,3353,21062,1
3812,26525,23,23,198,0,1,3377,66,0
3814,26527,23,23,198,0,0,3357,1187,0
3820,26761,23,23,197,1,1,3353,11,3
3820,26714,23,23,198,0,1,0,11798,0
3821,26443,23,23,198,1,1,3358,11,3
3963,26740,23,23,200,1,0,3863,21063,1
3823,26714,23,23,198,1,1,3350,11,3
3826,26528,23,23,197,1,1,0,771,1
3771,26379,23,23,201,0,1,3354,6803,0
3968,26715,23,23,13,0,1,3356,11,3
3753,26712,23,23,18,1,1,3352,11,3
3754,26717,23,23,198,1,1,4701,11,3
3829,26674,23,23,13,1,1,3356,46,0
3830,26415,23,23,197,0,0,3361,26,0
3831,26448,23,23,199,0,1,3352,11,3
3832,26744,23,23,198,1,1,3353,11,3
3836,26562,23,23,198,0,0,3357,39,1
3772,26699,23,23,201,0,1,3377,251,1
3755,26550,23,23,198,1,1,3380,11,3
3755,26426,23,23,13,1,1,0,17149,5
3837,26559,23,23,199,1,0,3358,1493,0
3841,26671,23,23,198,1,0,3358,11,3
3842,26679,23,23,198,1,0,3487,11,3
3774,26559,23,23,198,0,1,3354,59,0
3774,26430,23,23,198,1,1,3353,17149,5
3936,26719,23,23,198,0,1,3384,17149,5
3844,26683,23,23,198,1,1,0,17149,5
3844,26576,23,23,197,0,1,3354,11,3
3845,26741,23,23,206,1,0,0,11,3
3846,26592,23,23,13,1,1,3497,17149,5
3923,26695,23,23,204,0,0,0,406,0
3737,26575,23,23,17,0,1,3441,11,3
3848,26680,23,23,198,0,0,3352,52,0
3850,26426,23,23,197,0,1,3355,11,3
3853,26567,23,23,200,1,1,3424,11,3
3854,26580,23,23,201,0,1,0,11,3
3919,26681,23,23,204,0,1,3353,21064,0
3855,26565,23,23,197,0,0,3357,3045,0
3855,26450,23,23,198,1,1,3440,21065,0
3719,26581,23,23,197,0,1,3389,11,3
3859,26483,23,23,201,1,1,3465,13286,0
3709,26597,23,23,201,0,1,3353,11,3
3778,26598,23,23,199,0,1,3413,11,3
3864,26589,23,23,202,0,0,3354,11,3
3866,26595,23,23,202,0,1,3383,11,3
3866,26422,23,23,197,1,1,3402,11,3
3870,26423,23,23,198,1,1,3350,17149,5
3710,26469,23,23,13,0,0,3353,909,0
3710,26614,23,23,13,0,1,3356,11,3
3872,26435,23,23,13,1,1,3373,11,3
3872,26467,23,23,197,1,1,3487,11,3
3740,26591,23,23,200,0,1,3399,11,3
3880,26486,23,23,13,0,1,3397,11,3
3881,26613,23,23,198,0,1,3356,17149,5
3888,26438,23,23,198,1,1,3353,11,3
3889,26618,23,23,198,1,1,3389,11,3
3730,26653,23,23,201,1,1,3354,17149,5
3895,26649,23,23,200,1,0,3358,11,3
3895,26501,23,23,17,0,1,3491,11,3
3895,26633,23,23,200,0,1,3350,11,3
3727,26730,23,23,197,0,1,3354,11,3
3896,26421,23,23,197,1,1,3401,17149,5
3950,26730,23,23,199,1,0,3383,52,0
3950,26759,23,23,198,1,1,0,17149,5
3731,26602,23,23,13,0,0,3383,20092,1
3899,26610,23,23,197,0,1,3350,11,3
3952,26499,23,23,198,0,0,3357,6,0
3952,26678,23,23,13,0,1,0,17149,5
3906,26437,23,23,198,0,0,3354,17149,5
3906,26654,23,23,198,1,1,3352,17149,5
3728,26656,23,23,197,0,0,3352,11,3
3913,26614,23,23,198,1,1,3487,17149,5
3913,26756,23,23,198,0,1,3377,11,3
3915,26663,23,23,200,1,1,3354,11,3
3916,26648,23,23,198,1,0,3358,17149,5
3787,26361,106,106,197,0,1,0,9494,1
3796,26408,106,106,201,0,1,3353,6573,0
3809,26535,106,106,201,1,1,3352,296,0
3946,26551,106,106,197,0,1,3383,11,3
3948,26582,106,106,50,1,1,3380,11,3
3719,26582,106,106,201,0,0,3383,17149,5
3926,26467,106,106,201,0,1,3356,11,3
3920,26666,106,106,197,8,1,3354,17149,5
3792,26279,27,27,202,8,0,11,13801,0
3827,26515,27,27,202,4,3,0,17149,5
3858,26359,27,27,202,1,0,11,19063,0
3882,26620,27,27,202,0,2,3383,251,1
3739,26497,27,27,202,0,0,3383,21066,0
3706,26620,27,27,202,0,2,3373,19348,1
3766,26626,27,27,202,0,0,3383,21067,1
3784,26497,27,27,202,0,0,3356,622,0
3892,26431,27,27,202,7,2,3965,17149,5
3761,26626,27,27,202,0,2,3373,17149,5
3915,26777,27,27,202,11,2,3361,17149,5
3793,26721,364,364,18,1,1,3350,11,3
3748,26507,364,364,18,0,1,0,11,3
3806,26522,364,364,18,1,1,0,1640,0
3723,26467,364,364,18,0,0,3383,1,0
3876,26759,364,364,18,1,0,3358,816,0
3878,26435,364,364,18,0,1,3350,11,3
3745,26506,75,75,198,0,1,3373,17149,5
3796,25863,75,75,198,0,1,3356,11,3
3798,26805,75,75,200,0,1,3378,11,3
3749,26464,75,75,198,1,1,0,11,3
3753,26669,75,75,198,0,1,3354,17149,5
3719,26579,75,75,197,1,1,4607,19468,0
3705,26578,75,75,198,1,0,3358,17149,5
3913,26659,75,75,202,0,0,3356,17149,5
3921,26667,75,75,199,1,1,3352,1879,0
3787,26350,77,77,198,0,1,4702,11,3
3788,26414,77,77,197,0,0,3383,720,0
3791,26399,77,77,198,1,1,3352,11,3
3708,26378,77,77,198,0,1,3576,11,3
3747,26739,77,77,200,1,1,3361,563,0
3825,26720,77,77,206,1,0,3356,17149,5
3934,26762,77,77,201,0,1,3401,29,1
3775,26724,77,77,197,0,1,3389,15219,0
3948,26695,77,77,198,0,1,3352,188,0
3919,26564,77,77,197,0,1,3356,11,3
3857,26579,77,77,197,0,1,3402,11,3
3876,26496,77,77,198,1,1,11,11,3
3880,26753,77,77,198,1,0,3358,21068,0
3888,26646,77,77,201,1,0,3358,17149,5
3939,26469,77,77,201,1,1,3357,17149,5
3895,26437,77,77,198,1,1,3358,17149,5
3897,26626,77,77,198,0,0,3352,152,1
3902,26644,77,77,200,0,1,3350,17149,5
3953,26664,77,77,199,0,1,3384,17149,5
3928,26677,77,77,198,1,1,3392,17149,5
3916,26500,77,77,199,1,1,3350,17149,5
3810,26373,160,160,197,0,1,3361,21069,0
3833,26557,160,160,197,1,1,3427,92,1
3927,26491,160,160,200,0,1,3384,17149,5
3947,26557,219,219,201,1,1,0,11,3
3709,26684,219,219,200,0,1,3356,11,3
3875,26733,219,219,199,0,1,3361,252,0
3915,26767,219,219,199,1,1,3401,1640,0
3917,26458,166,166,199,1,1,0,11,3
3741,26511,166,166,229,1,1,3361,17012,1
3918,26576,166,166,199,0,1,3356,33,0
3801,26505,93,93,197,0,1,3361,46,1
3752,26536,93,93,197,0,1,3350,396,0
3948,26577,93,93,197,1,1,3350,11,3
3856,26461,93,93,197,0,0,3358,9044,1
3760,26645,93,93,18,1,0,3357,17149,5
3906,26620,93,93,199,0,1,3358,52,0
3947,26674,466,485,201,0,1,3377,17149,5
3963,26543,328,328,197,0,1,0,11,3
3851,26439,328,328,197,0,1,3356,33,0
3785,26508,196,196,197,0,1,3416,13835,0
3946,26674,196,196,199,0,1,3354,201,0
3784,26359,196,196,199,0,1,3384,11,3
3916,26732,196,196,199,1,1,0,17149,5
3709,26419,324,324,206,1,1,3402,17149,5
3791,26341,214,214,199,0,1,3401,11,3
3810,26523,214,214,202,0,0,3357,19814,1
3814,26528,214,214,201,1,1,3361,308,0
3728,26437,209,209,206,1,1,4703,17149,5
3711,26506,305,305,206,1,1,3352,11,3
3817,26533,305,305,199,0,1,3356,1493,1
3826,26546,305,305,206,1,1,3354,17149,5
3933,26464,367,367,50,0,0,3383,214,0
3948,26580,367,367,50,1,1,3356,11,3
3860,26587,367,367,50,1,1,3355,1610,1
3818,26761,433,441,201,1,1,3465,18,0
3828,26528,433,441,201,1,1,0,973,0
3753,26547,433,441,201,1,1,3354,11,3
3753,26744,433,441,201,0,1,3361,17149,5
3935,26462,433,441,201,0,1,3361,21070,0
3765,26672,433,441,201,1,1,3465,3634,0
3724,26736,433,441,199,1,0,11,11,3
3785,26359,265,265,202,4,3,3361,21071,0
3806,26165,265,265,202,4,3,3361,21072,0
3806,26325,265,265,202,4,3,3361,21073,0
3751,26385,265,265,202,3,3,3361,21074,1
3813,26156,265,265,202,3,3,69,17149,5
3813,26533,265,265,202,4,3,3361,21075,0
3817,26317,265,265,202,4,3,3361,21076,1
3817,26741,265,265,202,4,3,3361,21077,0
3820,25836,265,265,202,4,3,3361,17149,5
3824,25846,265,265,202,3,3,3361,17149,5
3826,26333,265,265,202,3,3,3361,17149,5
3831,26546,265,265,202,4,3,0,11,3
3833,26466,265,265,202,4,3,3361,21078,0
3961,26706,265,265,202,4,3,0,17149,5
3755,26806,265,265,202,4,3,3361,17149,5
3714,26466,265,265,202,4,3,3361,11,3
3704,25931,265,265,202,4,3,3361,17149,5
3947,26550,265,265,202,0,3,3361,21079,0
3774,26536,265,265,202,4,3,3361,17149,5
3923,26485,265,265,202,7,3,3361,59,0
3923,26121,265,265,202,3,3,3361,17149,5
3948,26584,265,265,202,4,3,0,17149,5
3729,26567,265,265,202,4,3,3417,17149,5
3858,25964,265,265,202,4,7,3361,17149,5
3861,25790,265,265,202,3,3,3361,17149,5
3765,26760,265,265,202,4,3,3361,17149,5
3962,25964,265,265,202,3,3,0,17149,5
3962,25964,265,265,202,3,3,3361,17149,5
3962,25964,265,265,202,3,3,3361,17149,5
3962,25964,265,265,202,3,3,3361,17149,5
3962,25964,265,265,202,3,3,3361,17149,5
3758,26485,265,265,202,4,3,3361,17149,5
3873,26619,265,265,202,4,2,3361,21080,0
3882,26479,265,265,202,4,3,3361,21081,0
3784,26590,265,265,202,4,3,3361,21082,0
3920,26752,265,265,202,4,3,3361,17149,5
3928,26385,265,265,202,4,3,3361,21083,1
3783,26485,265,265,202,4,3,3361,17149,5
3919,26080,429,429,202,3,2,3361,17149,5
3890,26368,429,429,202,3,3,3361,17149,5
3797,26514,430,434,202,1,0,3361,17149,5
3797,26691,430,434,202,0,0,0,17149,5
3747,26518,430,434,200,0,1,3361,17149,5
3811,26339,430,434,202,3,0,3361,17149,5
3943,26465,430,434,202,1,7,3361,17149,5
3751,26458,430,434,202,0,1,0,17149,5
3812,26787,430,434,202,0,1,3353,17149,5
3815,26532,430,434,199,1,1,3361,17149,5
3963,26543,430,434,202,1,1,3361,17149,5
3945,26539,430,434,202,1,7,3722,17149,5
3752,26545,430,434,204,1,1,4171,17149,5
3825,26463,430,434,202,8,1,3402,17149,5
3828,26463,430,434,202,1,0,3358,17149,5
3934,26720,430,434,198,0,1,3361,17149,5
3736,26750,430,434,202,1,1,3350,17149,5
3935,26720,430,434,202,1,1,3552,17149,5
3772,26559,430,434,198,1,1,3361,17149,5
3715,26525,430,434,202,0,7,3361,17149,5
3837,26565,430,434,202,1,1,3401,17149,5
3839,26525,430,434,202,0,1,3353,17149,5
3841,26722,430,434,202,11,7,3361,17149,5
3955,26576,430,434,202,1,0,3801,17149,5
3844,26568,430,434,202,0,1,3361,17149,5
3983,26484,430,434,202,1,1,3350,17149,5
3852,26568,430,434,202,1,1,3361,17149,5
3857,26587,430,434,202,11,1,0,17149,5
3765,26585,430,434,202,0,0,3383,17149,5
3862,26592,430,434,202,0,1,3377,17149,5
3777,26598,430,434,202,0,0,3383,17149,5
3865,26587,430,434,202,1,7,3361,17149,5
3705,26481,430,434,202,4,3,3361,17149,5
3870,26602,430,434,202,0,1,3383,17149,5
3722,26300,430,434,202,4,3,3361,17149,5
3872,26598,430,434,202,1,0,3383,17149,5
3873,26684,430,434,165,1,1,3361,17149,5
3881,26434,430,434,201,1,1,3358,17149,5
3883,26686,430,434,197,0,1,3356,17149,5
3724,26472,430,434,202,0,7,3361,17149,5
3885,26493,430,434,202,0,7,3380,17149,5
3886,26611,430,434,202,8,7,3361,17149,5
3784,26438,430,434,202,0,0,3352,17149,5
3939,26737,430,434,198,1,1,3361,17149,5
3891,26421,430,434,202,0,1,3356,17149,5
3725,26473,430,434,202,1,1,3383,17149,5
3895,26653,430,434,202,1,0,4704,17149,5
3895,26728,430,434,202,1,0,3416,17149,5
3727,26731,430,434,202,4,3,0,17149,5
3927,26612,430,434,202,8,0,11,17149,5
3897,26438,430,434,202,0,1,3355,17149,5
3760,26612,430,434,199,1,1,3350,17149,5
3898,26645,430,434,202,1,0,3358,17149,5
3898,26642,430,434,202,1,1,3457,17149,5
3900,26729,430,434,202,0,1,3830,17149,5
3911,26500,430,434,202,0,1,4198,17149,5
3912,26757,430,434,202,1,1,3352,17149,5
3921,26777,430,434,202,1,1,3389,17149,5
3970,26475,430,434,202,1,0,3357,17149,5