1311,1940,139,139,1,1,1,147,9722,1
1311,1921,72,72,11,1,1,1461,92,1
1311,1890,31,31,11,1,1,108,14820,1
1311,1937,131,131,13,1,1,5,127,1
1312,1461,9,9,9,0,1,78,33,0
1312,1911,32,32,9,1,1,5,1,0
1312,1861,25,25,2,1,1,15,3901,0
1312,1935,66,66,8,1,1,15,14821,0
1312,1911,50,50,9,1,1,15,4118,0
1312,1939,96,96,52,1,1,15,50,0
1312,1813,68,68,116,0,1,14,18,0
1312,1914,0,0,87,1,1,26,11647,0
1312,1935,47,47,1,0,0,464,6,0
1312,1935,92,92,6,1,1,5,763,0
1312,1931,57,57,6,0,1,1,2880,0
1312,1860,41,41,1,0,0,8,0,0
1312,1926,302,302,9,0,1,1,896,0
1312,1924,8,8,1,0,0,2,14822,0
1312,1648,1,1,5,1,0,2,450,0
1312,1918,23,23,13,1,1,12,11,2
1312,1802,18,18,7,1,0,0,11,2
1312,1930,63,63,13,1,1,13,11,2
1312,1893,147,147,11,1,1,12,11,2
1312,1943,147,147,11,1,1,13,11,2
1312,1900,23,23,0,1,1,425,11,3
1312,1893,41,41,2,3,1,1462,11,3
1312,1913,31,31,19,1,1,0,11,3
1312,1918,205,205,5,1,1,130,11,3
1312,1894,115,115,9,1,0,0,11,3
1312,1909,20,20,96,0,1,460,11,3
1312,1937,3,3,0,1,1,1188,11,3
1312,1930,131,131,13,0,1,8,11,3
1312,1835,7,7,9,0,1,108,11,3
1312,1939,34,34,0,1,1,102,11,3
1312,1826,141,141,2,0,1,29,11,3
1312,1918,139,139,5,0,1,425,11,3
1312,1870,20,20,2,1,1,0,11,3
1312,1913,3,3,7,1,1,18,11,3
1312,1936,55,55,5,0,0,14,11,3
1312,1941,76,76,8,1,1,15,11,3
1312,1833,33,33,8,0,1,0,11,3
1312,1936,146,146,0,1,0,130,11,3
1312,1945,18,18,1,0,0,0,11,3
1312,1910,47,47,18,1,1,1463,11,3
1312,1943,138,138,1,0,1,12,11,3
1312,1944,21,21,5,1,1,29,11,3
1312,1909,20,20,11,1,1,118,11,3
1312,1943,57,57,8,1,1,1464,11,3
1312,1937,68,68,8,1,1,0,11,3
1312,1869,141,141,0,1,1,12,11,3
1312,1945,48,48,0,1,1,425,11,3
1312,1943,4,4,40,1,1,1465,11,3
1312,1935,3,3,2,1,1,152,11,3
1312,1931,20,20,2,0,1,1,11,3
1312,1935,78,78,13,1,1,14,11,3
1312,1931,0,0,9,1,1,5,11,3
1312,1943,145,145,1,1,1,5,11,3
1312,1920,48,48,5,1,1,118,11,3
1312,1926,0,0,0,1,1,176,11,3
1312,1928,138,138,5,1,1,150,11,3
1312,1924,9,9,9,1,1,0,11,3
1312,1942,48,48,42,1,1,6,11,3
1312,1897,10,10,11,1,1,12,11,3
1312,1911,48,48,13,0,1,2,11,3
1312,1821,0,0,0,1,1,2,11,3
1312,1909,8,8,1,1,1,58,11,3
1312,1931,8,8,6,1,0,7,11,3
1312,1657,15,15,5,0,1,1,11,3
1312,1944,15,15,9,0,0,2,11,3
1312,1565,48,48,0,1,1,1466,11,3
1312,1940,0,0,1,1,1,1467,11,3
1312,1935,12,12,1,0,0,0,7,2
1312,1898,47,47,18,1,1,299,7,2
1312,14,12,12,1,2,5,18,7,2
1312,1937,38,38,6,1,1,0,7,2
1312,1941,34,34,1,1,0,6,7,2
1312,1935,12,12,1,0,0,6,7,2
1312,1802,18,18,4,1,0,0,7,2
1312,1904,48,48,2,0,1,1,1,1
1312,1446,33,33,1,1,1,5,5749,1
1312,1937,139,139,2,1,1,1468,247,1
1312,1908,68,68,13,1,1,118,784,1
1312,1928,68,68,8,1,0,125,14823,1
1312,1935,0,0,0,1,1,176,14824,1
1312,1565,242,242,1,0,1,0,419,1
1312,1926,190,190,13,1,1,8,6183,1
1312,1894,3,3,2,0,0,18,14825,1
1312,1928,1,1,6,1,1,26,8931,1
1312,1931,41,41,2,1,1,5,10,1
1312,1930,48,48,1,0,0,1,1,1
1312,1944,25,25,8,0,1,150,252,1
1312,1834,69,69,13,1,1,12,127,1
1312,1565,61,61,6,1,1,6,776,1
1312,1942,8,8,2,0,1,1,1,1
1312,1943,6,6,5,0,0,6,14826,1
1312,1941,8,8,1,1,1,55,1,1
1312,1565,34,34,6,1,1,1469,10008,1
1313,1924,39,39,8,1,1,15,2220,0
1313,1536,61,61,1,0,0,5,14827,0
1313,1902,161,161,0,1,1,0,6,0
1313,1910,17,17,6,1,1,398,252,0
1313,1940,31,31,6,1,1,130,266,0
1313,1926,38,38,6,0,1,15,5229,0
1313,1907,44,44,11,0,1,1,14828,0
1313,1492,80,80,1,0,0,3,68,0
1313,1880,18,18,6,1,1,5,206,0
1313,1908,143,143,15,1,1,150,9007,0
1313,1909,52,52,4,0,0,5,18,0
1313,1914,1,1,14,0,1,175,11,3
1313,1843,41,41,12,1,1,771,11,3
1313,1902,6,6,6,1,1,1470,11,3
1313,1843,59,59,25,0,1,3,11,3
1313,1937,44,44,6,1,1,14,11,3
1313,1924,20,20,13,1,1,314,11,3
1313,1940,39,39,8,1,1,166,11,3
1313,1944,23,23,6,0,1,176,11,3
1313,1565,4,4,5,1,1,5,11,3
1313,1485,46,46,40,1,1,12,11,3
1313,1931,37,37,2,0,1,27,11,3
1313,1935,4,4,2,1,1,6,11,3
1313,1880,48,48,9,1,1,117,11,3
1313,1942,57,57,7,0,0,5,11,3
1313,1934,99,99,6,0,1,5,11,3
1313,1890,68,68,8,1,1,1471,11,3
1313,1942,141,141,9,0,1,5,11,3
1313,1750,32,32,2,0,1,1173,11,3
1313,1765,32,32,5,0,1,0,11,3
1313,1918,61,61,0,1,1,0,11,3
1313,1884,105,105,2,1,1,0,11,3
1313,1898,189,189,1,1,0,0,11,3
1313,1565,8,8,5,1,1,0,11,3
1313,1934,68,68,8,0,1,50,11,3
1313,1804,139,139,5,1,1,7,11,3
1313,1453,139,139,1,0,0,96,11,3
1313,1924,32,32,11,1,0,12,11,3
1313,1931,48,48,6,1,0,96,11,3
1313,1504,78,78,9,0,1,13,11,3
1313,1456,80,80,1,1,1,0,11,3
1313,1944,12,12,1,1,1,117,7,2
1313,1454,65,65,11,1,1,12,7,2
1313,1941,12,12,1,0,0,303,7,2
1313,1939,119,119,11,0,1,0,14829,1
1313,1242,41,41,2,1,1,130,80,1
1313,1936,32,32,9,1,1,12,14830,1
1313,1856,0,0,1,0,1,1,1,1
1313,1920,0,0,0,1,1,117,12771,1
1313,1461,18,18,6,1,1,5,68,1
1313,1934,41,41,2,0,1,15,50,1
1313,1565,129,129,7,0,0,5,14831,1
1313,1936,60,60,12,1,1,6,14832,1
1313,1940,81,81,0,1,1,12,14833,1
1313,1914,0,0,0,1,1,14,2496,1
1313,1492,325,325,8,0,0,5,1,1
1313,1756,41,41,8,0,1,43,14834,1
1313,1565,237,237,11,0,1,1,1,1
1313,1920,49,49,8,1,1,0,14835,1
1313,1946,7,7,6,0,1,1,14836,1
1313,1940,7,7,1,1,1,0,6,1
1314,1843,68,68,1,1,0,80,11327,0
1314,1834,42,42,1,1,0,130,52,0
1314,1843,4,4,6,0,1,5,104,0
1314,1917,8,8,9,1,1,15,3097,0
1314,1893,23,23,6,1,1,0,11,3
1314,1894,44,44,1,0,0,6,11,3
1314,1941,47,47,1,1,0,130,11,3
1314,1716,3,3,2,0,1,15,11,3
1314,805,10,10,9,1,1,14,11,3
1314,1565,20,20,9,1,1,308,11,3
1314,1894,10,10,1,1,1,1472,11,3
1314,1509,60,60,13,1,1,27,11,3
1314,1944,41,41,2,1,1,176,14837,1
1315,1911,66,66,29,0,0,1,3836,0
1315,1910,113,113,50,1,1,15,601,0
1315,1943,57,57,2,1,0,184,40,0
1315,1930,44,44,2,0,1,1,117,0
1315,1931,6,6,5,1,1,6,14838,0
1315,1940,48,48,9,1,1,0,2634,0
1315,1947,20,20,9,1,0,227,66,0
1315,1552,58,58,6,0,0,1,28,0
1315,1937,10,10,2,1,1,15,8972,0
1315,1945,35,35,1,0,0,10,52,0
1315,1504,51,51,6,0,0,26,6176,0
1315,1918,9,9,0,0,1,130,1123,0
1315,1913,0,0,0,1,1,1,14839,0
1315,1904,3,3,14,1,1,0,4745,0
1315,1905,59,59,9,1,1,15,9102,0
1315,1936,31,31,5,1,0,0,3458,0
1315,1946,41,41,2,0,1,124,14840,0
1315,1942,74,74,9,1,1,0,46,0
1315,1931,49,49,9,0,0,5,0,0
1315,1894,68,68,9,1,1,0,11,2
1315,1944,37,37,0,1,1,7,11,2
1315,1936,21,21,2,1,1,118,11,2
1315,1944,1,1,8,0,1,26,11,2
1315,1930,4,4,0,1,1,0,11,3
1315,1941,40,40,1,1,0,12,11,3
1315,1778,48,48,18,0,1,94,11,3
1315,1945,137,137,2,1,1,12,11,3
1315,1928,232,232,11,1,0,11,11,3
1315,1936,46,46,8,1,1,108,11,3
1315,1902,68,68,13,0,0,14,11,3
1315,1473,119,119,40,1,1,21,11,3
1315,1935,190,190,0,0,1,220,11,3
1315,1939,116,116,42,1,1,561,11,3
1315,1942,23,23,6,1,1,31,11,3
1315,1565,48,48,6,0,1,94,11,3
1315,805,31,31,1,0,1,19,11,3
1315,1940,0,0,9,1,1,1,11,3
1315,1939,84,84,1,1,1,130,11,3
1315,1904,193,193,11,1,1,12,11,3
1315,1937,41,41,2,0,0,6,11,3
1315,1822,4,4,11,0,1,1,11,3
1315,1918,47,47,14,1,1,15,11,3
1315,1565,68,68,7,1,1,565,11,3
1315,1818,35,35,6,1,1,143,11,3
1315,1940,31,31,44,1,1,509,11,3
1315,1944,153,153,11,0,1,6,11,3
1315,1942,20,20,13,1,1,117,11,3
1315,1942,48,48,1,0,1,1,11,3
1315,1565,44,44,13,1,1,90,11,3
1315,1940,74,74,5,0,1,1,11,3
1315,1610,53,53,9,0,1,14,11,3
1315,1935,26,26,1,0,1,94,11,3
1315,1315,6,6,5,0,1,119,11,3
1315,1947,4,4,6,1,1,176,11,3
1315,1565,14,14,1,0,1,5,11,3
1315,1935,3,3,7,1,1,14,11,3
1315,1786,9,9,2,1,1,7,11,3
1315,1948,31,31,29,1,1,7,11,3
1315,907,2,2,1,1,1,150,11,3
1315,1902,31,31,30,1,1,671,11,3
1315,1565,47,47,18,1,1,12,11,3
1315,1931,57,57,1,3,0,13,11,3
1315,1942,44,44,9,0,1,5,11,3
1315,1945,40,40,1,1,1,1473,11,3
1315,1934,51,51,6,1,1,2,11,3
1315,1944,4,4,116,1,1,12,11,3
1315,1940,3,3,2,1,1,80,11,3
1315,1890,15,15,2,1,1,29,11,3
1315,1941,3,3,2,0,1,1,11,3
1315,1910,68,68,7,1,1,1465,11,3
1315,1941,104,104,2,1,1,39,11,3
1315,1945,8,8,6,1,1,28,11,3
1315,1936,47,47,18,1,1,0,11,3
1315,1940,48,48,6,1,1,12,11,3
1315,1941,47,47,11,1,1,15,11,3
1315,1941,10,10,13,1,1,0,11,3
1315,1565,359,359,147,1,1,12,11,3
1315,1798,15,15,8,3,0,13,7,3
1315,1696,12,12,1,0,0,3,7,2
1315,1471,141,141,0,1,1,176,7,2
1315,1928,94,94,1,1,0,0,7,2
1315,1894,12,12,1,1,0,11,7,2
1315,1936,44,44,13,1,1,153,17,1
1315,1813,20,20,1,1,1,76,14841,1
1315,1920,99,99,0,1,1,5,28,1
1315,1911,49,49,0,0,1,1,1,1
1315,1941,32,32,17,1,1,14,46,1
1315,1900,60,60,11,0,1,1,1,1
1315,1941,136,136,1,1,1,12,231,1
1315,265,31,31,9,0,0,1,381,1
1315,1939,31,31,11,1,1,12,14842,1
1315,265,62,62,14,0,1,0,6,1
1315,1930,81,81,9,0,1,94,37,1
1315,1939,4,4,4,0,1,27,974,1
1315,1935,139,139,2,0,1,1,40,1
1315,1944,20,20,11,0,0,6,14843,1
1315,1947,252,252,9,1,1,130,1285,1
1315,1941,48,48,8,1,1,14,14844,1
1315,1905,1,1,2,1,1,7,14845,1
1315,1894,25,25,9,1,1,12,1722,1
1315,1112,59,59,1,1,1,436,125,1
1316,1934,8,8,6,0,0,8,1780,0
1316,1915,9,9,7,0,0,8,14846,0
1316,265,50,50,11,0,0,143,92,0
1316,1905,49,49,9,1,1,15,14847,0
1316,1920,0,0,0,0,1,382,9131,0
1316,1936,36,36,9,1,1,15,1560,0
1316,1949,34,34,2,0,1,0,231,0
1316,1950,55,55,4,1,1,15,50,0
1316,1942,49,49,0,1,1,15,14238,0
1316,1920,53,53,2,1,1,0,291,0
1316,1915,59,59,25,0,0,3,664,0
1316,1930,138,138,15,1,1,0,11,2
1316,1937,4,4,2,1,1,1474,11,3
1316,1935,3,3,4,1,1,7,11,3
1316,1915,10,10,2,1,1,0,11,3
1316,1909,15,15,9,1,0,7,11,3
1316,1856,46,46,8,1,0,12,11,3
1316,1945,44,44,1,1,1,12,11,3
1316,1935,0,0,0,1,0,176,11,3
1316,1941,23,23,6,1,1,5,11,3
1316,265,77,77,18,0,1,0,11,3
1316,1937,57,57,8,1,1,188,11,3
1316,1904,0,0,0,1,1,117,11,3
1316,1943,20,20,13,1,1,1475,11,3
1316,1924,39,39,9,1,1,7,11,3
1316,1928,0,0,0,1,1,6,11,3
1316,1939,4,4,0,1,1,76,11,3
1316,1913,3,3,1,3,1,99,11,3
1316,1918,18,18,7,1,1,80,11,3
1316,1930,5,5,7,1,1,150,11,3
1316,1943,41,41,2,1,1,14,11,3
1316,1812,48,48,40,1,1,492,11,3
1316,1906,41,41,8,1,1,0,11,3
1316,1844,38,38,6,0,0,176,11,3
1316,1756,20,20,9,1,1,1203,11,3
1316,1949,31,31,2,1,1,96,11,3
1316,1884,15,15,13,0,1,6,11,3
1316,1908,31,31,0,1,1,118,11,3
1316,1931,49,49,0,0,1,263,11,3
1316,1910,139,139,2,1,1,6,11,3
1316,1946,59,59,11,1,1,130,11,3
1316,1936,23,23,13,0,1,1476,11,3
1316,1943,53,53,9,1,1,6,11,3
1316,1950,60,60,26,1,1,6,11,3
1316,1947,48,48,11,1,1,5,11,3
1316,1853,171,171,1,0,1,5,11,3
1316,1934,1,1,14,0,1,150,11,3
1316,1906,104,104,8,0,1,1,11,3
1316,1913,47,47,11,1,1,102,11,3
1316,1902,89,89,2,1,0,298,11,3
1316,1894,17,17,0,1,1,12,11,3
1316,1941,60,60,13,1,1,429,11,3
1316,1942,21,21,9,1,1,176,11,3
1316,1859,48,48,9,1,1,12,11,3
1316,1951,31,31,2,1,1,43,11,3
1316,1944,72,72,6,0,1,937,11,3
1316,1826,137,137,2,1,1,6,11,3
1316,1821,20,20,13,3,0,0,7,3
1316,1948,12,12,1,0,1,6,7,2
1316,893,41,41,1,0,0,8,7,2
1316,1910,32,32,2,0,1,94,37,1
1316,1920,37,37,9,1,1,5,514,1
1316,1902,153,153,2,1,1,6,29,1
1316,1911,44,44,6,0,1,1,1,1
1316,805,19,19,11,0,1,1,28,1
1317,1464,20,20,23,1,1,15,2687,0
1317,1876,328,328,1,4,3,0,14848,0
1317,1857,64,64,1,0,0,14,18,0
1317,1941,15,15,13,1,1,2,1091,0
1317,1918,8,8,11,1,1,5,6699,0
1317,1913,287,287,1,0,1,1,2608,0
1317,1821,122,122,1,0,0,10,409,0
1317,1940,33,33,2,0,0,118,1091,0
1317,1826,21,21,1,0,0,12,13366,0
1317,1947,47,47,11,0,1,14,332,0
1317,1945,21,21,8,1,1,15,18,0
1317,1931,33,33,5,1,1,15,63,0
1317,1943,26,26,6,1,1,5,12618,0
1317,1565,72,72,13,1,1,5,1903,0
1317,1949,25,25,8,1,0,184,127,0
1317,1812,4,4,40,1,0,117,11,2
1317,1930,147,147,5,1,1,130,11,2
1317,1942,48,48,6,1,1,0,11,2
1317,1948,39,39,6,1,1,14,11,2
1317,1931,147,147,11,1,1,158,11,2
1317,1911,15,15,11,1,0,130,11,3
1317,1822,48,48,0,0,1,5,11,3
1317,1934,54,54,2,0,0,1234,11,3
1317,1535,20,20,9,0,1,1477,11,3
1317,1891,20,20,9,1,1,731,11,3
1317,1928,81,81,13,1,1,12,11,3
1317,1943,20,20,13,1,1,1478,11,3
1317,1949,157,157,9,1,1,15,11,3
1317,1939,131,131,2,0,1,5,11,3
1317,1941,20,20,9,1,0,16,11,3
1317,1930,10,10,11,1,1,0,11,3
1317,1937,46,46,8,0,1,14,11,3
1317,1937,28,28,1,1,1,791,11,3
1317,1937,3,3,4,1,1,14,11,3
1317,1552,57,57,11,1,1,5,11,3
1317,1944,20,20,13,1,1,0,11,3
1317,1952,32,32,5,1,1,7,11,3
1317,1935,3,3,7,1,1,429,11,3
1317,1497,248,248,11,0,1,12,11,3
1317,1935,34,34,0,0,0,6,11,3
1317,1949,60,60,11,1,1,0,11,3
1317,1953,48,48,40,1,1,298,11,3
1317,1944,89,89,2,0,1,1,11,3
1317,1907,8,8,1,1,1,5,11,3
1317,1954,48,48,1,1,1,118,11,3
1317,1926,20,20,1,1,1,90,11,3
1317,1882,86,86,9,0,1,425,11,3
1317,1946,32,32,8,1,1,14,11,3
1317,1939,44,44,0,1,1,0,11,3
1317,1948,4,4,1,0,1,0,11,3
1317,1944,1,1,1,3,1,26,11,3
1317,1950,90,90,14,0,1,5,11,3
1317,1948,31,31,9,1,1,6,11,3
1317,1946,4,4,5,1,1,6,11,3
1317,1937,53,53,5,0,1,5,11,3
1317,1934,17,17,2,0,1,1310,11,3
1317,1904,36,36,1,1,1,298,11,3
1317,1943,61,61,1,1,1,176,11,3
1317,1857,12,12,1,0,1,875,7,2
1317,1482,12,12,1,1,1,15,7,2
1317,1857,12,12,8,1,1,13,7,2
1317,1926,6,6,1,1,1,6,14849,1
1317,1798,135,135,6,0,1,130,13672,1
1317,1946,29,29,5,1,1,12,616,1
1317,1940,0,0,0,1,1,12,8274,1
1317,1915,31,31,6,1,0,6,14850,1
1317,1945,20,20,13,1,1,12,11446,1
1317,1954,1,1,9,1,1,1479,14328,1
1317,1949,221,221,9,1,1,14,17,1
1318,1930,31,31,1,0,0,15,50,0
1318,1942,34,34,6,1,1,15,1773,0
1318,1931,0,0,0,1,1,52,40,0
1318,1942,68,68,2,1,1,15,50,0
1318,1955,9,9,9,1,1,15,153,0
1318,1891,0,0,0,1,1,15,28,0
1318,1948,34,34,6,0,1,1,18,0
1318,1943,31,31,1,0,0,8,1,0
1318,1943,4,4,6,0,0,14,1792,0
1318,1907,6,6,5,1,1,15,12712,0
1318,1939,49,49,0,0,1,0,110,0
1318,1942,4,4,6,1,1,2,14851,0
1318,1921,93,93,9,1,0,184,42,0
1318,1954,139,139,17,1,1,7,8830,0
1318,1918,1,1,14,1,1,15,1596,0
1318,1954,33,33,1,0,0,1,1391,0
1318,1936,44,44,9,0,1,1,91,0
1318,1900,8,8,0,0,0,6,14410,0
1318,1908,24,24,11,1,1,0,11,2
1318,1946,20,20,9,1,0,176,11,3
1318,1956,4,4,6,0,1,5,11,3
1318,1956,10,10,8,1,1,17,11,3
1318,1956,39,39,8,1,1,425,11,3
1318,1956,51,51,6,1,1,158,11,3
1318,1946,31,31,45,1,1,7,11,3
1318,1945,72,72,6,1,1,1272,11,3
1318,1945,20,20,9,1,1,429,11,3
1318,1936,48,48,1,1,0,7,11,3
1318,1062,10,10,11,0,1,29,11,3
1318,1821,223,223,34,0,1,5,11,3
1318,1926,44,44,9,1,1,6,11,3
1318,1944,59,59,11,1,1,15,11,3
1318,1931,68,68,1,1,0,5,11,3
1318,1905,138,138,1,1,1,7,11,3
1318,1936,55,55,5,1,1,80,11,3
1318,1808,0,0,0,1,1,1480,11,3
1318,1926,8,8,5,0,1,6,11,3
1318,265,8,8,1,1,1,0,11,3
1318,568,41,41,145,1,1,7,11,3
1318,1949,15,15,2,1,0,176,11,3
1318,1950,95,95,2,1,1,1481,11,3
1318,1921,48,48,18,1,0,52,11,3
1318,1924,48,48,5,1,1,130,11,3
1318,1581,20,20,96,1,0,7,11,3
1318,1897,3,3,2,1,1,29,11,3
1318,1914,39,39,4,1,1,14,11,3
1318,1860,10,10,10,0,0,117,11,3
1318,1876,15,15,2,1,0,0,11,3
1318,1894,78,78,1,1,1,429,11,3
1318,1941,37,37,9,0,1,143,11,3
1318,1940,129,129,7,1,1,6,11,3
1318,1793,60,60,11,0,1,0,11,3
1318,1937,3,3,1,0,0,6,11,3
1318,1942,92,92,6,1,1,1482,11,3
1318,1907,89,89,6,1,0,11,11,3
1318,1939,12,12,1,0,1,1,7,2
1318,1924,25,25,11,1,1,8,14852,1
1318,1911,305,305,1,1,1,8,10883,1
1318,1917,58,58,6,1,1,5,9184,1
1318,1867,1,1,11,1,1,28,14853,1
1318,1928,36,36,9,0,0,96,14854,1
1318,1565,3,3,2,1,1,7,14855,1
1318,1904,49,49,0,1,1,130,46,1
1318,1931,32,32,2,1,1,176,14856,1
1318,1928,10,10,2,1,1,158,1912,1
1319,1954,8,8,11,0,1,1,3867,0
1319,1955,47,47,2,0,1,1,29,0
1319,1930,68,68,5,0,0,8,1027,0
1319,1910,32,32,9,1,1,12,6682,0
1319,1891,31,31,2,1,1,15,7017,0
1319,1935,36,36,2,1,1,15,5296,0
1319,1921,48,48,1,1,1,0,608,0
1319,1565,59,59,15,1,1,15,129,0
1319,1914,0,0,0,0,1,1143,8807,0
1319,1911,32,32,20,0,0,6,14857,0
1319,1565,10,10,2,0,1,1,14858,0
1319,1942,99,99,9,0,0,37,9696,0
1319,1937,122,122,2,0,1,1,128,0
1319,1910,131,131,13,0,1,1,1993,0
1319,1917,0,0,0,0,1,1,14859,0
1319,1956,120,120,9,1,1,13,11,2
1319,1915,147,147,11,1,1,13,11,2
1319,1924,20,20,34,1,1,41,11,3
1319,1940,61,61,6,1,0,96,11,3
1319,1943,48,48,8,0,1,1483,11,3
1319,1935,68,68,5,1,0,12,11,3
1319,1947,20,20,11,0,1,6,11,3
1319,1941,166,166,1,0,1,50,11,3
1319,1943,90,90,14,1,1,5,11,3
1319,1939,174,174,4,1,1,561,11,3
1319,1931,59,59,42,1,1,1484,11,3
1319,1746,145,145,1,1,0,0,11,3
1319,1552,6,6,5,1,0,14,11,3
1319,1937,44,44,6,1,1,11,11,3
1319,1921,39,39,8,0,1,0,11,3
1319,1839,0,0,0,1,1,1485,11,3
1319,1945,0,0,0,1,1,12,11,3
1319,1940,51,51,10,1,1,8,11,3
1319,1886,34,34,6,1,0,11,7,2
1319,1950,153,153,5,1,1,18,11,3
1319,805,60,60,11,0,1,0,11,3
1319,1947,162,162,19,1,1,95,11,3
1319,1921,91,91,2,0,1,5,11,3
1319,1930,68,68,17,1,1,5,11,3
1319,1940,54,54,0,1,1,158,11,3
1319,1886,21,21,8,0,0,0,11,3
1319,1950,21,21,42,1,1,14,11,3
1319,1944,48,48,50,1,0,0,11,3
1319,1906,91,91,2,1,1,26,11,3
1319,1529,48,48,6,1,1,5,11,3
1319,1911,131,131,7,0,1,1,11,3
1319,1733,15,15,2,0,1,1486,11,3
1319,1868,23,23,20,1,1,15,11,3
1319,1955,20,20,13,1,1,76,11,3
1319,1949,4,4,116,1,1,6,11,3
1319,1940,9,9,9,0,1,124,11,3
1319,1898,47,47,11,1,1,5,11,3
1319,1893,95,95,11,1,1,0,11,3
1319,1909,4,4,0,1,1,118,11,3
1319,1917,99,99,11,0,1,150,11,3
1319,1494,32,32,13,1,1,0,11,3
1319,1565,141,141,2,0,1,6,7,2
1319,1948,12,12,1,0,1,171,7,2
1319,1926,12,12,1,0,0,26,7,2
1319,14,3,3,1,0,1,28,7,2
1319,1948,11,11,0,1,1,14,14860,1
1319,1942,80,80,9,0,0,0,975,1
1319,1955,151,151,5,1,1,11,182,1
1319,1949,57,57,4,1,1,1487,14861,1
1319,1897,20,20,13,1,1,7,2265,1
1319,1937,39,39,1,0,1,1,1,1
1319,1947,49,49,0,1,1,14,4566,1
1319,1928,266,266,1,4,3,52,59,1
1320,1910,4,4,9,1,1,0,11,3
1320,1795,46,46,8,1,1,13,11,3
1320,1897,31,31,11,0,0,6,14862,1
1321,1884,3,3,2,1,1,15,5324,0
1321,1915,37,37,5,0,1,4,14863,0
1321,893,74,74,2,1,1,15,92,0
1321,893,196,196,1,0,0,0,1346,0
1321,1914,3,3,2,1,1,0,1499,0
1321,1867,10,10,57,1,0,7,910,0
1321,1921,81,81,2,1,1,15,2745,0
1321,1894,263,263,34,1,1,15,7789,0
1321,1939,53,53,11,1,1,118,14864,0
1321,1893,190,190,13,1,1,298,11,2
1321,1844,145,145,21,1,1,76,11,2
1321,1945,8,8,18,1,1,298,11,2
1321,1939,251,251,2,0,1,425,11,3
1321,1948,11,11,5,0,0,6,11,3
1321,1949,48,48,18,1,1,11,11,3
1321,1957,44,44,2,1,1,675,11,3
1321,1942,77,77,9,1,1,1488,11,3
1321,1939,31,31,6,1,1,1489,11,3
1321,1791,80,80,1,0,0,8,11,3
1321,1957,39,39,8,1,1,1490,11,3
1321,1926,34,34,1,1,0,11,11,3
1321,1956,127,127,8,1,1,8,11,3
1321,1934,214,214,9,1,1,1459,11,3
1321,1942,7,7,5,1,1,298,11,3
1321,1946,33,33,0,1,1,0,11,3
1321,1931,15,15,11,1,1,102,11,3
1321,1565,9,9,9,1,1,666,11,3
1321,1918,3,3,2,1,1,124,11,3
1321,1908,39,39,8,1,1,14,11,3
1321,1469,11,11,11,1,1,8,11,3
1321,1939,31,31,9,1,1,289,11,3
1321,1950,10,10,11,1,1,130,11,3
1321,893,139,139,0,1,1,234,11,3
1321,1948,0,0,0,1,1,7,11,3
1321,1947,7,7,7,1,1,14,11,3
1321,1941,0,0,57,0,1,180,11,3
1321,1778,3,3,2,0,0,138,11,3
1321,1897,49,49,2,1,1,1491,11,3
1321,1954,47,47,9,0,1,5,11,3
1321,1291,8,8,9,1,1,0,11,3
1321,1504,337,337,8,0,1,215,11,3
1321,1943,37,37,9,0,1,29,11,3
1321,1843,19,19,6,0,0,8,11,3
1321,1941,90,90,6,1,1,130,11,3
1321,1941,16,16,0,1,1,1112,11,3
1321,1954,48,48,2,1,1,0,11,3
1321,1856,9,9,9,0,1,1,11,3
1321,1441,59,59,1,1,1,12,11,3
1321,1915,137,137,2,0,1,144,11,3
1321,1859,39,39,8,0,1,271,11,3
1321,1958,49,49,0,0,1,1,11,3
1321,1900,62,62,25,0,1,6,11,3
1321,1947,49,49,0,0,1,271,11,3
1321,1913,3,3,1,0,1,94,11,3
1321,1915,10,10,11,1,1,218,11,3
1321,1945,23,23,4,1,1,108,11,3
1321,1942,0,0,57,1,0,95,11,3
1321,1954,139,139,5,1,1,7,11,3
1321,1894,18,18,18,1,1,1492,11,3
1321,1834,44,44,2,0,1,1,11,3
1321,1948,26,26,6,1,1,225,11,3
1321,1949,8,8,6,1,0,11,11,3
1321,1924,18,18,6,0,1,6,7,3
1321,1924,12,12,1,0,1,1,7,2
1321,1959,31,31,11,1,0,12,7,2
1321,1948,31,31,2,0,1,1,1,1
1321,1942,8,8,5,1,1,124,18,1
1321,1866,36,36,9,0,0,6,14865,1
1321,1945,15,15,1,1,1,166,1614,1
1321,1924,143,143,11,1,1,1493,14866,1
1321,1789,36,36,9,1,1,12,4308,1
1321,1565,32,32,2,1,1,159,1512,1
1321,1949,20,20,13,1,1,14,3865,1
1321,1934,1,1,11,1,1,0,236,1
1322,1907,48,48,7,1,1,5,7232,0
1322,265,216,216,1,0,0,12,568,0
1322,1935,8,8,116,1,1,124,10804,0
1322,1948,74,74,1,1,1,15,50,0
1322,1946,143,143,25,1,1,177,86,0
1322,1783,40,40,1,0,0,96,54,0
1322,1894,47,47,1,0,0,3,14867,0
1322,1955,44,44,6,1,1,15,50,0
1322,1941,51,51,2,0,1,158,14868,0
1322,1952,60,60,11,1,1,15,2787,0
1322,1947,25,25,9,1,1,158,14869,0
1322,1948,25,25,9,1,1,520,14870,0
1322,1949,47,47,18,1,1,5,156,0
1322,1934,28,28,0,1,1,26,10180,0
1322,1920,95,95,2,1,1,15,996,0
1322,1939,337,337,8,1,0,14,3180,0
1322,1504,59,59,42,5,1,2,11,3
1322,1521,139,139,2,0,0,12,11,3
1322,1930,47,47,2,1,1,7,11,3
1322,1857,44,44,0,1,1,117,11,3
1322,1843,0,0,96,0,1,1,11,3
1322,1453,20,20,13,1,1,118,11,3
1322,1954,130,130,57,1,0,7,11,3
1322,1868,44,44,9,1,1,184,11,3
1322,1942,10,10,11,1,1,0,11,3
1322,1939,10,10,2,1,1,27,11,3
1322,1917,91,91,8,0,1,94,11,3
1322,1941,4,4,7,1,1,5,11,3
1322,1955,18,18,6,1,1,130,11,3
1322,1943,34,34,0,1,1,117,11,3
1322,1834,3,3,14,0,1,6,11,3
1322,1930,72,72,27,0,1,5,11,3
1322,1944,58,58,6,1,1,124,11,3
1322,1853,15,15,2,0,1,1,11,3
1322,1934,49,49,0,1,1,0,11,3
1322,1941,47,47,1,1,1,495,11,3
1322,1565,1,1,14,1,1,82,11,3
1322,893,44,44,13,1,1,176,11,3
1322,1928,3,3,2,1,0,1366,11,3
1322,1947,48,48,9,1,1,1255,11,3
1322,1952,139,139,2,1,1,298,11,3
1322,1937,41,41,2,0,1,1,11,3
1322,1950,74,74,1,1,0,2,11,3
1322,1952,59,59,2,1,1,130,11,3
1322,1924,3,3,1,1,1,1494,11,3
1322,1957,171,171,2,1,1,1029,11,3
1322,1902,0,0,0,1,1,12,11,3
1322,1959,68,68,11,1,1,118,11,3
1322,1948,9,9,7,0,1,1,11,3
1322,1921,18,18,1,1,1,2,11,3
1322,1956,59,59,8,1,0,5,11,3
1322,1949,47,47,6,0,0,1,11,3
1322,1945,3,3,2,1,0,12,11,3
1322,1880,20,20,23,1,1,6,11,3
1322,1552,31,31,44,1,0,7,11,3
1322,1766,15,15,17,0,1,752,11,3
1322,1959,39,39,9,1,0,1375,11,3
1322,1926,75,75,9,1,0,80,11,3
1322,1956,58,58,18,1,0,96,11,3
1322,1521,0,0,0,1,1,1495,11,3
1322,1911,48,48,19,1,1,117,11,3
1322,1928,4,4,11,1,1,117,11,3
1322,1296,31,31,116,0,1,5,11,3
1322,1955,31,31,6,1,1,1496,7,2
1322,1944,60,60,11,1,1,13,7,2
1322,1948,61,61,6,1,1,5,12487,1
1322,1941,92,92,6,0,1,1,10019,1
1322,1941,42,42,1,0,1,152,621,1
1322,1900,3,3,2,0,0,6,14871,1
1322,1926,20,20,13,1,1,8,14872,1
1322,1492,44,44,0,1,1,0,117,1
1322,1911,36,36,9,1,1,166,18,1
1322,1957,300,300,5,0,1,1,1,1
1322,1959,32,32,1,0,1,1,1,1
1322,1926,141,141,5,0,1,1,448,1
1322,893,4,4,29,1,1,14,825,1
1322,1941,47,47,9,0,1,1,1,1
1323,1946,3,3,20,1,0,176,288,0
1323,1943,272,272,9,0,0,3,252,0
1323,1935,101,101,8,0,0,143,66,0
1323,1954,0,0,5,1,1,15,9395,0
1323,1942,37,37,0,0,1,5,14873,0
1323,1920,49,49,0,1,1,15,830,0
1323,1947,10,10,11,1,1,15,7789,0
1323,1947,148,148,9,1,1,15,14458,0
1323,805,150,150,1,1,1,5,52,0
1323,1565,154,154,6,0,0,1,33,0
1323,265,44,44,8,1,1,5,252,0
1323,1956,4,4,0,1,0,15,6213,0
1323,1240,147,147,2,0,1,13,11,2
1323,1565,99,99,44,0,1,0,11,3
1323,1943,31,31,11,1,0,0,11,3
1323,1948,41,41,2,0,1,124,11,3
1323,1960,20,20,13,1,1,6,11,3
1323,1945,10,10,11,1,1,7,11,3
1323,1960,1,1,14,1,1,7,11,3
1323,1948,91,91,11,1,1,177,11,3
1323,1960,0,0,0,1,0,2,11,3
1323,1959,48,48,0,0,1,1,11,3
1323,1924,25,25,9,1,1,471,11,3
1323,1935,3,3,35,0,1,1,11,3
1323,1949,31,31,2,1,1,28,11,3
1323,265,15,15,11,0,1,119,11,3
1323,1497,57,57,17,1,1,17,11,3
1323,1948,44,44,1,0,1,14,11,3
1323,1949,20,20,13,1,0,0,11,3
1323,1894,0,0,1,1,1,121,11,3
1323,1934,3,3,1,1,0,2,11,3
1323,1947,15,15,7,1,1,8,11,3
1323,1940,66,66,29,0,1,0,11,3
1323,1920,9,9,9,0,1,1,11,3
1323,1959,31,31,14,1,1,8,11,3
1323,1805,297,297,11,1,1,159,11,3
1323,1960,3,3,0,1,1,11,11,3
1323,1943,10,10,2,1,0,96,11,3
1323,1454,132,132,9,0,1,119,11,3
1323,1902,1,1,2,1,1,14,11,3
1323,1943,31,31,0,1,1,299,11,3
1323,1959,0,0,0,1,1,12,11,3
1323,1952,28,28,9,1,1,55,11,3
1323,1955,1,1,14,1,1,130,11,3
1323,1959,48,48,9,1,1,117,11,3
1323,1947,0,0,0,1,0,11,11,3
1323,1950,10,10,11,1,1,14,11,3
1323,1945,145,145,1,1,1,117,11,3
1323,893,49,49,0,1,0,5,11,3
1323,1937,44,44,6,0,1,303,11,3
1323,1880,31,31,11,1,1,432,11,3
1323,1946,68,68,13,1,1,15,11,3
1323,1942,46,46,8,1,1,584,11,3
1323,1950,46,46,11,1,1,473,11,3
1323,1939,60,60,13,1,1,183,11,3
1323,1470,15,15,13,0,1,150,11,3
1323,1918,1,1,1,0,1,0,11,3
1323,1954,14,14,5,1,1,15,11,3
1323,1950,3,3,2,1,1,5,11,3
1323,1949,60,60,8,1,0,7,11,3
1323,1949,31,31,2,1,1,6,11,3
1323,1931,30,30,2,0,1,94,1,1
1323,1950,47,47,1,0,0,86,14874,1
1323,1940,53,53,0,1,1,117,14875,1
1323,1767,60,60,12,1,1,55,388,1
1323,1952,3,3,8,0,1,28,2416,1
1323,1942,34,34,156,1,1,2,2293,1
1324,1943,154,154,0,1,1,5,17,0
1324,1935,24,24,57,1,1,0,9893,0
1324,1961,20,20,21,1,1,15,9249,0
1324,1962,66,66,11,1,1,15,213,0
1324,1470,60,60,93,0,1,1,296,0
1324,1867,41,41,2,1,1,15,3045,0
1324,1777,1,1,1,1,1,14,153,0
1324,1956,183,183,62,1,1,15,975,0
1324,1946,61,61,11,1,1,2,14876,0
1324,1867,2,2,2,1,1,15,46,0
1324,1911,4,4,12,0,0,96,14877,0
1324,1941,122,122,11,1,1,15,14878,0
1324,1819,44,44,6,0,1,155,11101,0
1324,805,53,53,7,0,1,1,14879,0
1324,1907,0,0,0,0,1,1,1993,0
1324,1962,48,48,2,1,1,0,11,2
1324,1956,147,147,0,0,1,13,11,2
1324,1956,120,120,29,1,0,13,11,2
1324,1956,32,32,2,1,1,348,11,3
1324,1957,8,8,2,1,1,7,11,3
1324,893,10,10,35,1,1,117,11,3
1324,1952,139,139,8,1,1,330,11,3
1324,1961,31,31,9,1,1,14,11,3
1324,1931,59,59,146,1,0,102,11,3
1324,1952,190,190,9,1,1,96,11,3
1324,1894,85,85,8,1,1,130,11,3
1324,1941,21,21,8,1,1,533,11,3
1324,1928,99,99,6,1,1,0,11,3
1324,1957,3,3,2,1,1,6,11,3
1324,1960,68,68,4,1,0,0,11,3
1324,1949,86,86,9,0,1,728,11,3
1324,1961,145,145,9,0,1,221,11,3
1324,1957,48,48,0,3,1,117,11,3
1324,1607,20,20,13,1,1,177,11,3
1324,1959,10,10,8,1,1,7,11,3
1324,1565,0,0,0,1,1,1040,11,3
1324,1948,49,49,0,1,0,102,11,3
1324,1947,15,15,9,1,1,15,11,3
1324,1956,3,3,7,1,1,6,11,3
1324,1917,76,76,9,1,1,14,11,3
1324,1918,9,9,9,1,1,0,11,3
1324,1926,4,4,5,0,1,1,11,3
1324,1928,23,23,8,1,1,5,11,3
1324,893,47,47,1,2,0,514,11,3
1324,1959,34,34,6,1,0,14,11,3
1324,1950,68,68,13,0,1,1,11,3
1324,1950,10,10,11,1,1,160,11,3
1324,1950,9,9,9,1,1,7,11,3
1324,1959,74,74,0,0,1,6,11,3
1324,1926,65,65,8,1,1,1,11,3
1324,1950,49,49,1,0,0,8,11,3
1324,1924,47,47,6,0,1,14,11,3
1324,1947,37,37,13,0,1,1,11,3
1324,1722,81,81,8,1,1,1497,11,3
1324,1942,104,104,11,1,1,166,11,3
1324,1821,76,76,9,1,1,6,11,3
1324,1955,44,44,25,1,1,13,11,3
1324,893,10,10,26,1,1,15,11,3
1324,1943,68,68,4,1,1,18,11,3
1324,1943,31,31,14,1,1,102,11,3
1324,1924,139,139,6,1,1,761,11,3
1324,1930,4,4,6,1,1,12,11,3
1324,1943,32,32,13,1,1,8,11,3
1324,805,37,37,5,1,0,14,11,3
1324,1602,31,31,1,1,0,6,7,2
1324,1942,12,12,2,0,1,143,7,2
1324,1946,4,4,8,0,1,1,7,2
1324,1595,143,143,11,1,1,14,7,2
1324,1931,12,12,1,0,5,1,7,2
1324,1950,12,12,1,0,1,5,7,2
1324,1957,13,13,6,1,1,14,80,1
1324,1962,140,140,14,0,1,1,28,1
1324,1959,42,42,11,0,1,150,13147,1
1324,1947,139,139,2,0,1,14,6750,1
1324,1957,0,0,0,0,1,119,419,1
1324,1861,8,8,2,0,0,2,2004,1
1324,1721,32,32,13,1,1,8,14880,1
1324,1950,83,83,0,1,1,348,33,1
1324,1942,13,13,9,1,1,1498,419,1
1324,1942,99,99,9,1,1,130,18,1
1325,1941,173,173,1,0,1,1,14881,0
1325,1470,0,0,11,1,0,2,14882,0
1325,1952,48,48,15,1,1,5,3711,0
1325,893,51,51,6,0,1,13,14883,0
1325,1942,62,62,8,1,1,5,160,0
1325,1948,153,153,1,0,1,5,231,0
1325,893,48,48,6,1,1,2,6957,0
1325,1952,153,153,9,1,1,177,11,2
1325,893,194,194,1,1,1,12,11,2
1325,1943,4,4,5,1,1,7,11,2
1325,1963,49,49,1,0,0,0,11,2
1325,1928,266,266,1,4,3,52,11,3
1325,1946,0,0,1,0,0,16,11,3
1325,1935,99,99,5,1,1,14,11,3
1325,1964,92,92,6,0,0,143,11,3
1325,1949,6,6,5,1,1,1499,11,3
1325,1954,33,33,6,1,1,130,11,3
1325,1961,4,4,14,1,1,0,11,3
1325,1957,250,250,50,1,1,14,11,3
1325,1930,139,139,2,1,1,5,11,3
1325,893,39,39,8,0,1,6,11,3
1325,1565,47,47,11,1,1,0,11,3
1325,1957,32,32,2,1,1,5,11,3
1325,1952,8,8,5,1,1,130,11,3
1325,1961,36,36,9,0,1,150,11,3
1325,1962,34,34,1,1,1,12,11,3
1325,1952,49,49,8,1,1,6,11,3
1325,1446,1,1,14,1,1,163,11,3
1325,1948,41,41,7,1,1,526,11,3
1325,1905,68,68,7,0,1,0,11,3
1325,1900,38,38,11,0,1,14,11,3
1325,1957,60,60,11,1,0,7,11,3
1325,1957,9,9,4,1,1,1437,11,3
1325,1522,49,49,8,1,1,1500,11,3
1325,1480,9,9,9,1,0,1501,11,3
1325,1956,68,68,4,1,1,28,11,3
1325,1947,2,2,9,1,1,166,11,3
1325,1870,8,8,5,0,1,1,11,3
1325,1959,41,41,2,0,1,124,11,3
1325,1954,82,82,9,1,0,11,11,3
1325,1935,139,139,2,1,1,117,11,3
1325,1884,4,4,1,1,1,27,11,3
1325,1948,17,17,6,0,0,6,11,3
1325,1957,38,38,6,1,0,124,11,3
1325,1910,68,68,9,1,1,423,11,3
1325,1949,4,4,9,0,0,6,11,3
1325,1947,46,46,8,0,1,1,11,3
1325,1819,68,68,9,1,1,154,11,3
1325,1949,15,15,9,1,1,150,11,3
1325,1950,9,9,36,1,1,0,11,3
1325,1934,47,47,11,0,1,117,11,3
1325,1728,8,8,10,1,1,5,11,3
1325,1956,1,1,14,0,1,0,11,3
1325,1945,23,23,0,1,1,1502,11,3
1325,1956,31,31,1,1,1,7,7,2
1325,1960,26,26,6,1,1,526,7,2
1325,265,64,64,14,1,1,6,14884,1
1325,1948,40,40,11,1,0,40,14885,1
1325,1959,8,8,6,0,1,28,616,1
1325,1504,0,0,0,0,1,1,1,1
1325,1940,32,32,2,1,1,12,14886,1
1326,1462,41,41,1,0,0,6,11,3
1327,1943,61,61,6,0,1,1,14887,0
1327,1944,58,58,1,1,1,5,68,0
1327,1962,73,73,9,0,1,94,17,0
1327,1934,10,10,37,0,0,5,92,0
1327,1928,39,39,8,0,0,118,14888,0
1327,1936,31,31,9,0,0,5,33,0
1327,1894,89,89,2,1,1,15,4346,0
1327,1812,54,54,6,0,1,17,314,0
1327,1948,32,32,2,1,1,15,28,0
1327,1944,22,22,6,1,1,15,14889,0
1327,1928,102,102,5,1,0,11,46,0
1327,1907,142,142,11,1,1,15,6573,0
1327,1924,31,31,14,1,1,15,13384,0
1327,1964,23,23,6,1,1,15,8121,0
1327,1909,31,31,2,1,1,13,1346,0
1327,1959,28,28,6,1,1,15,50,0
1327,1955,70,70,25,0,1,190,133,0
1327,1882,0,0,1,0,0,6,14890,0
1327,1446,10,10,11,1,0,176,973,0
1327,1931,133,133,1,0,0,1,14891,0
1327,1445,31,31,32,1,0,96,14892,0
1327,1921,9,9,9,1,1,15,8138,0
1327,1959,0,0,0,1,1,0,28,0
1327,1565,37,37,9,1,1,5,13965,0
1327,1952,47,47,1,1,0,5,46,0
1327,1964,44,44,1,1,1,7,11,2
1327,1911,99,99,8,1,1,7,11,2
1327,1959,12,12,1,1,1,0,11,2
1327,1931,147,147,8,1,1,13,11,2
1327,1482,120,120,2,1,0,11,11,2
1327,1954,147,147,5,1,1,13,11,2
1327,1277,24,24,11,0,1,1,11,3
1327,1947,6,6,1,1,0,5,11,3
1327,1952,11,11,5,1,1,18,11,3
1327,1948,43,43,2,1,1,6,11,3
1327,893,10,10,11,1,1,6,11,3
1327,1920,9,9,33,1,0,7,11,3
1327,1957,18,18,6,1,1,13,11,3
1327,1965,60,60,11,1,1,26,11,3
1327,1853,34,34,6,0,0,6,11,3
1327,1950,4,4,7,0,1,5,11,3
1327,1961,33,33,13,1,1,158,11,3
1327,1960,49,49,2,1,1,124,11,3
1327,1954,46,46,8,1,1,12,11,3
1327,1461,20,20,13,0,1,1,11,3
1327,1962,28,28,18,1,1,389,11,3
1327,1944,69,69,1,1,1,5,11,3
1327,1930,68,68,9,0,1,0,11,3
1327,1941,18,18,18,1,1,6,11,3
1327,1944,10,10,2,1,1,425,11,3
1327,1939,46,46,8,0,1,171,11,3
1327,893,25,25,11,1,1,29,11,3
1327,1957,49,49,1,1,1,14,11,3
1327,1952,8,8,8,1,1,0,11,3
1327,1917,53,53,4,1,1,11,11,3
1327,1946,24,24,0,1,1,12,11,3
1327,1949,139,139,2,1,1,565,11,3
1327,1793,0,0,29,0,1,1,11,3
1327,1941,57,57,1,0,1,5,11,3
1327,1956,60,60,9,1,1,0,11,3
1327,1898,49,49,0,1,1,5,11,3
1327,1476,39,39,8,0,0,1,11,3
1327,1949,47,47,11,0,1,6,11,3
1327,1946,4,4,2,1,1,0,11,3
1327,1955,23,23,11,1,1,1162,11,3
1327,1869,60,60,11,1,1,12,11,3
1327,1944,11,11,5,1,1,7,11,3
1327,1528,31,31,9,1,1,0,11,3
1327,1946,57,57,4,0,1,1503,11,3
1327,893,32,32,8,0,1,0,11,3
1327,1941,47,47,11,0,1,231,11,3
1327,1928,105,105,2,1,1,471,11,3
1327,893,31,31,9,1,1,5,11,3
1327,1954,116,116,5,0,1,1,11,3
1327,1954,9,9,11,1,0,184,11,3
1327,1792,130,130,57,1,0,26,11,3
1327,1952,139,139,0,1,1,0,11,3
1327,805,47,47,0,0,1,1,11,3
1327,1565,143,143,11,0,1,78,11,3
1327,1961,59,59,116,0,1,0,11,3
1327,1943,62,62,6,0,1,144,11,3
1327,1552,110,110,0,1,1,7,11,3
1327,1962,139,139,0,1,1,7,11,3
1327,1763,0,0,0,0,1,1,11,3
1327,1941,20,20,9,0,0,1,11,3
1327,1952,3,3,7,1,1,15,11,3
1327,1915,92,92,6,0,1,1459,11,3
