,0,0,0,0,0,0,0,0,0,0,0,0,0,0,0
,1,1,0,0,0,0,0,0,1,0,1,0,0,0,0
,2,1,0,0,0,0,0,0,1,0,1,0,0,0,0
,3,1,0,0,0,0,0,0,1,0,2,1,0,0,0
,4,2,1,0,0,0,0,0,2,0,3,0,0,1,1
,5,3,0,0,0,0,0,0,3,0,4,0,0,2,2
,6,1,0,0,0,0,0,0,1,1,1,0,0,0,0
,7,1,2,1,1,1,1,1,1,0,5,2,1,3,3
,8,1,3,2,0,0,0,0,1,0,6,0,0,4,4
,9,4,2,3,1,2,1,2,4,0,7,3,1,3,5
,10,1,3,4,2,3,2,3,5,0,8,4,2,4,6
,11,5,2,0,0,0,0,0,6,2,9,0,0,3,7
,12,6,1,2,0,4,0,4,7,0,10,0,0,1,8
,13,1,0,5,0,0,0,0,1,0,11,5,0,0,9
,14,1,0,0,0,0,0,0,1,0,1,0,0,0,0
,15,1,4,6,2,0,2,0,1,0,1,0,0,3,10
,16,1,0,0,0,0,0,0,1,0,1,0,0,0,0
,17,1,0,0,0,0,0,0,1,0,1,0,0,0,11
,18,1,0,6,0,5,0,5,1,0,12,6,3,0,12
,19,1,2,7,1,6,1,2,1,0,13,7,4,4,13
,20,1,2,8,1,6,1,3,1,0,14,2,1,3,14
,21,1,0,9,0,7,0,6,1,0,15,8,0,1,15
,22,1,3,10,2,3,2,3,1,0,16,4,2,4,16
,23,7,3,11,0,0,0,0,1,0,17,0,0,4,17
,24,8,0,0,0,0,0,0,1,0,1,0,0,0,0
,25,1,1,11,0,0,0,0,1,0,18,9,5,1,17
,26,1,0,0,0,0,0,0,1,0,19,10,0,0,18
,27,1,0,0,0,0,0,0,1,0,1,0,0,0,0
,28,9,3,12,2,3,2,7,8,0,20,11,0,4,19
,29,1,0,0,0,0,0,0,1,0,1,0,0,0,0
,30,1,1,13,0,0,0,0,1,0,21,0,0,1,20
,31,1,2,14,0,0,0,0,1,0,22,0,0,3,21
,32,1,0,0,0,0,0,0,1,0,1,0,0,0,0
,33,10,3,15,0,0,0,0,9,0,23,0,0,4,22
,34,1,0,0,0,0,0,0,1,0,1,0,0,0,0
,35,1,0,0,0,0,0,0,1,0,1,0,0,0,0
,36,1,0,0,0,0,0,0,1,0,1,0,0,0,0
,37,1,0,0,0,0,0,0,1,0,1,0,0,0,0
,38,1,0,0,0,0,0,0,10,0,24,12,0,4,23
,39,11,0,0,0,0,0,0,11,3,1,0,0,0,0
,40,1,0,0,0,0,0,0,1,0,1,0,0,0,0
,41,1,0,16,0,0,0,0,12,4,25,0,0,0,24
,42,1,0,0,0,0,0,0,1,0,1,0,0,0,0
,43,1,3,9,0,0,0,0,1,0,26,0,0,4,25
,44,12,1,0,0,0,0,0,13,0,27,0,0,1,20
,45,1,0,0,0,0,0,0,1,0,1,0,0,0,0
,46,13,0,0,0,0,0,0,1,0,28,0,0,0,0
,47,14,3,17,3,8,3,8,14,5,29,13,6,4,26
,48,1,3,18,1,0,1,2,1,0,30,2,0,4,17
,49,15,2,19,1,1,1,9,15,0,31,14,0,3,27
,50,1,0,0,0,0,0,0,1,0,1,0,0,0,0
,51,1,0,0,0,0,0,0,1,0,1,0,0,0,0
,52,16,1,10,0,3,0,3,16,0,32,8,7,1,28
,53,1,0,0,0,0,0,0,1,0,11,5,0,0,29
,54,1,0,0,0,0,0,0,1,0,1,0,0,0,0
,55,1,0,0,0,0,0,0,1,0,33,5,0,0,0
,56,1,3,20,0,0,0,0,1,0,34,0,0,4,8
,57,1,0,0,0,0,0,0,1,0,1,0,0,0,0
,58,1,0,0,0,0,0,0,1,0,35,0,0,0,0
,59,1,0,0,0,0,0,0,1,0,36,0,0,0,0
,60,17,0,0,0,0,0,0,17,0,37,0,0,1,30
,61,1,2,21,0,0,0,0,1,0,38,0,0,3,31
update,0,18,5,22,4,9,4,10,18,6,39,15,8,5,32
update,0,18,6,23,5,10,5,11,18,6,39,16,9,6,33
update,0,19,7,24,6,11,6,12,19,6,39,17,9,7,34
update,0,20,7,24,6,11,6,12,20,6,39,17,9,7,34
update,0,18,7,24,6,11,6,12,18,6,39,18,9,7,34
update,0,18,7,24,6,11,6,12,18,6,40,19,9,7,34
update,0,18,7,24,6,11,6,12,18,6,41,20,10,7,34
update,0,18,7,24,6,11,6,12,18,6,42,21,11,7,34
update,0,21,7,24,6,11,6,12,21,6,43,21,11,7,34
update,0,22,7,24,6,11,6,12,22,6,43,21,11,7,35
update,0,22,7,24,6,11,6,12,22,6,44,21,11,7,36
update,0,22,7,24,6,11,6,12,23,6,39,21,11,7,36
update,0,22,7,24,6,11,6,12,24,6,39,21,11,7,36
update,0,23,7,24,6,11,6,12,24,6,39,21,11,7,36
update,1,24,5,22,4,9,4,10,25,6,45,22,12,5,32
update,1,25,5,22,4,9,4,10,26,6,45,22,12,5,32
update,3,26,5,25,4,9,4,10,27,6,46,23,13,5,37
update,3,26,5,26,4,9,4,10,27,6,46,24,14,5,38
update,3,26,5,27,4,9,4,10,27,6,46,24,14,5,38
update,4,27,8,22,4,9,4,10,28,6,47,25,15,8,39
update,4,27,8,22,4,9,4,10,29,6,47,26,16,8,39
update,4,27,8,22,4,9,4,10,30,6,47,26,16,8,39
update,4,27,8,22,4,9,4,10,31,6,47,26,16,8,39
update,5,28,5,22,4,9,4,10,32,6,48,22,12,9,40
update,5,28,5,22,4,9,4,10,33,6,48,22,12,9,40
update,5,28,5,22,4,9,4,10,34,6,48,22,12,9,40
update,5,28,5,22,4,9,4,10,35,6,48,22,12,9,40
update,5,29,5,22,4,9,4,10,36,6,48,22,12,9,40
update,5,30,9,28,4,9,4,10,37,6,48,27,17,9,41
update,5,30,10,29,4,9,4,10,37,6,48,28,18,9,42
update,5,30,11,30,4,9,4,10,37,6,48,28,18,9,43
update,5,30,5,22,4,9,4,10,37,6,48,28,18,9,40
update,5,30,5,22,4,9,4,10,37,6,48,28,18,9,40
update,5,30,5,22,4,9,4,10,37,6,48,28,19,9,40
update,5,30,5,22,4,9,4,10,38,6,48,28,20,9,40
update,5,30,5,22,4,9,4,10,39,6,48,28,20,9,40
update,5,30,5,22,4,9,4,10,37,6,48,28,21,9,40
update,5,30,5,22,4,9,4,10,37,6,48,28,18,9,40
update,6,26,5,31,4,9,7,13,27,7,45,29,12,10,44
update,7,26,7,32,6,12,6,14,27,6,49,30,22,7,45
update,7,26,7,32,6,12,6,14,27,6,49,30,23,7,45
update,7,26,7,32,6,12,6,14,27,6,49,30,24,7,45
update,7,26,7,33,6,12,6,14,27,6,49,30,24,7,45
update,7,26,7,34,6,12,6,14,27,6,49,31,25,7,45
update,7,26,7,34,6,12,6,14,27,6,49,32,26,7,45
update,7,26,7,35,6,12,6,14,27,6,49,32,26,7,45
update,7,26,7,36,6,12,6,14,27,6,49,33,26,7,45
update,7,26,7,36,6,12,6,14,40,6,49,30,26,7,45
update,7,26,7,36,6,12,6,14,41,6,49,30,26,7,45
update,7,26,7,36,6,12,6,14,41,6,49,30,26,7,45
update,7,26,7,37,6,12,6,14,41,6,49,30,26,7,45
update,7,26,7,38,6,12,6,14,41,6,49,30,26,7,45
update,7,26,7,38,6,13,6,14,42,6,49,30,27,7,45
update,7,26,7,38,6,14,6,14,43,6,49,34,28,7,45
update,7,26,7,39,6,14,6,14,43,6,49,19,9,7,45
update,7,26,7,32,6,14,6,14,43,6,49,19,9,7,45
update,7,26,7,32,6,14,6,14,43,6,49,35,29,7,45
update,7,26,7,32,6,14,6,14,43,6,49,36,30,7,45
update,7,26,7,32,6,15,6,14,43,6,49,36,30,7,45
update,7,26,7,32,6,12,6,14,43,6,49,36,30,7,45
update,7,26,7,32,6,13,6,14,43,6,49,37,31,7,45
update,7,26,7,32,6,14,6,14,43,6,49,30,32,7,45
update,7,26,7,32,6,14,6,14,43,6,49,30,33,7,45
update,7,26,7,32,6,14,6,14,44,6,49,30,33,7,45
update,7,26,7,32,6,15,6,14,45,6,49,30,34,7,45
update,7,26,7,40,6,12,6,14,43,6,49,30,35,7,45
update,7,26,7,41,6,12,6,14,43,6,49,30,35,7,45
update,7,26,7,32,6,12,6,14,46,6,49,30,35,7,45
update,7,26,7,32,6,12,6,14,47,6,49,30,35,7,45
update,7,26,7,32,6,12,6,14,48,6,49,30,35,7,45
update,7,26,7,32,6,12,6,14,49,6,49,30,35,7,45
update,7,26,7,32,6,16,6,14,43,6,49,38,36,7,45
update,7,26,7,42,6,17,6,14,43,6,49,37,31,7,45
update,7,26,7,43,6,14,6,14,43,6,49,30,35,7,45
update,7,26,7,34,6,14,6,14,43,6,49,30,35,7,45
update,7,26,7,34,6,14,6,14,43,6,49,39,35,7,45
update,7,26,7,44,6,15,6,14,43,6,49,40,35,7,45
update,7,26,7,42,6,13,6,14,43,6,49,30,35,7,45
update,7,26,7,38,6,14,6,14,43,6,49,30,35,7,45
update,7,26,7,39,6,15,6,14,43,6,49,30,35,7,45
update,7,26,7,32,7,12,8,14,43,6,49,30,35,7,45
update,7,26,7,32,8,12,9,14,43,6,49,41,37,7,45
update,7,26,7,32,8,13,9,14,43,6,49,21,11,7,45
update,8,26,12,45,4,9,4,10,27,6,50,22,12,11,46
update,9,31,7,34,6,14,6,15,50,6,51,42,35,7,47
update,9,31,7,46,6,14,6,15,50,6,51,42,35,7,47
update,9,31,7,47,6,14,6,15,50,6,51,42,35,7,47
update,9,31,7,47,6,14,6,15,50,6,51,42,35,7,47
update,9,31,7,47,6,14,6,15,50,6,52,42,35,7,47
update,9,31,7,47,7,14,8,15,50,6,53,43,37,7,47
update,9,32,7,48,9,15,10,15,50,6,54,44,38,7,47
update,9,33,7,34,6,12,6,15,50,6,55,42,35,7,47
update,9,33,7,34,6,12,6,15,50,6,56,45,36,7,47
update,9,33,7,34,6,12,6,15,50,6,57,46,30,7,47
update,9,33,7,34,6,12,6,15,50,6,51,46,30,7,47
update,9,33,7,34,6,12,6,15,50,6,51,46,30,7,47
update,9,33,7,34,6,12,6,15,50,6,51,46,30,7,47
update,9,33,7,34,7,12,8,15,50,6,51,46,30,7,47
update,9,33,7,34,8,12,9,15,50,6,51,46,30,7,47
update,9,34,7,34,8,12,9,15,51,6,51,46,30,7,47
update,9,26,7,34,8,12,9,15,52,6,58,46,30,7,47
update,9,35,7,34,8,12,9,15,53,6,59,46,30,7,47
update,9,33,7,34,9,12,10,15,50,6,60,47,31,7,47
update,9,33,7,34,6,12,6,15,50,6,51,42,35,7,47
update,9,33,7,49,6,12,6,15,50,6,51,42,35,7,47
update,9,36,7,50,6,12,6,15,50,6,51,42,35,7,47
update,9,31,7,34,6,12,6,15,50,6,51,42,35,7,47
update,9,31,7,51,6,12,6,15,50,6,51,42,35,7,48
update,9,31,7,52,6,12,6,15,50,6,51,42,35,7,49
update,9,31,7,52,7,12,8,15,50,6,51,42,35,7,49
update,9,31,7,53,8,12,9,15,50,6,51,42,35,7,49
update,9,31,7,34,9,12,10,15,50,6,51,45,36,7,49
update,9,31,7,34,6,12,6,15,50,6,51,46,30,7,49
update,9,31,7,34,6,12,6,15,50,6,51,46,30,7,49
update,9,31,7,34,6,12,6,15,50,6,51,48,39,7,49
update,9,31,7,34,6,12,6,15,50,6,51,49,40,7,49
update,9,37,7,34,6,12,6,15,50,6,51,42,35,7,49
update,9,26,7,34,6,12,6,15,50,6,51,50,35,7,49
update,9,35,7,34,6,12,6,15,50,6,51,51,35,7,50
update,9,33,7,34,6,12,6,15,50,6,51,42,35,7,47
update,9,34,7,34,6,12,6,15,51,6,51,50,37,7,47
update,9,35,7,34,6,12,6,15,53,6,51,51,38,7,47
update,9,33,7,34,7,12,8,15,50,6,51,52,37,7,47
update,9,33,7,34,8,12,9,15,50,6,51,53,11,7,47
update,9,33,7,34,8,12,9,15,50,6,51,54,41,7,47
update,9,33,7,34,8,12,9,15,50,6,61,46,30,7,47
update,9,33,7,34,8,12,9,15,50,6,62,46,30,7,47
update,9,38,7,34,8,12,9,15,51,6,62,46,30,7,47
update,9,39,7,34,9,12,10,15,53,6,63,47,31,7,47
update,9,33,7,34,6,12,6,15,50,6,51,42,35,7,47
update,9,33,7,34,6,12,6,15,50,6,51,42,35,7,47
update,9,33,7,34,6,12,6,15,50,6,51,42,35,7,47
update,9,33,7,34,6,12,6,15,50,6,51,42,35,7,47
update,9,33,7,34,6,12,6,15,50,6,51,42,35,7,47
update,9,33,7,34,6,12,6,15,50,6,51,42,35,7,47
update,9,33,7,34,6,12,6,15,50,6,51,42,35,7,47
update,10,26,12,54,8,18,9,16,54,6,64,55,42,11,51
update,10,26,12,54,8,18,9,16,54,6,65,56,43,11,51
update,12,40,8,55,4,19,4,17,55,6,66,57,44,8,52
update,12,40,8,55,4,19,4,17,55,6,66,58,45,12,52
update,12,40,8,55,4,19,4,17,55,6,67,58,45,13,52
update,12,40,13,55,10,20,11,18,55,6,68,59,46,13,53
update,12,40,12,55,8,21,9,19,55,6,68,60,47,13,54
update,12,40,12,55,8,21,9,19,55,6,68,60,48,13,54
update,12,40,12,56,8,21,9,19,55,6,69,61,48,14,54
update,12,40,12,57,8,21,9,19,55,6,66,62,48,11,54
update,12,40,12,58,8,21,9,19,55,6,66,62,48,11,54
update,12,40,12,59,8,21,9,19,55,6,66,62,48,11,54
update,12,40,12,60,8,21,9,19,55,6,67,63,49,15,54
update,12,40,12,55,8,21,9,19,55,6,68,60,50,13,54
update,12,40,12,55,8,21,9,19,55,6,68,64,50,13,54
update,12,40,12,55,8,21,9,19,55,6,68,65,50,14,54
update,12,40,12,55,8,21,9,19,55,6,68,65,50,11,54
update,12,40,12,56,8,21,9,19,55,6,68,65,50,11,55
update,12,40,12,57,8,21,9,19,55,6,68,65,50,11,56
update,12,40,12,57,8,21,9,19,55,6,68,65,50,11,56
update,12,40,12,57,8,21,9,19,55,6,68,66,50,11,56
update,12,40,12,57,8,21,9,19,55,6,68,62,50,11,56
update,12,40,12,57,8,21,9,19,55,6,68,62,50,11,56
update,12,40,12,61,8,21,9,19,55,6,68,62,50,11,56
update,12,40,12,55,8,21,9,19,55,6,68,62,50,11,56
update,12,40,12,55,8,21,9,19,55,6,68,63,50,11,56
update,12,40,12,55,8,21,9,19,55,6,68,60,50,15,56
update,13,26,5,62,4,9,4,10,27,6,70,67,12,5,57
update,13,26,5,62,4,9,4,10,27,6,71,67,12,5,57
update,15,41,14,63,9,9,10,10,27,6,45,22,12,7,58
update,15,42,14,64,11,9,12,10,27,6,45,22,12,7,58
update,15,43,15,64,12,9,13,10,27,6,45,22,12,7,58
update,15,44,7,64,12,9,13,10,27,6,45,22,12,7,59
update,17,26,5,22,4,9,4,10,27,6,45,22,12,5,60
update,17,26,5,22,4,9,4,10,27,6,45,22,12,5,60
update,17,26,5,22,4,9,4,10,27,6,45,22,51,5,60
update,17,26,5,22,4,9,4,10,27,6,45,22,52,5,60
update,17,26,5,22,4,9,4,10,27,6,45,22,52,5,61
update,17,26,5,22,4,9,4,10,56,6,45,22,52,5,62
update,17,26,5,65,4,9,4,10,57,6,45,22,52,5,63
update,17,26,5,66,10,22,11,20,57,6,45,22,52,5,64
update,17,26,5,67,8,23,9,21,57,6,45,22,52,5,64
update,17,26,5,68,8,23,9,21,57,6,45,22,52,5,65
update,17,26,5,69,8,23,9,21,57,6,45,22,52,5,66
update,17,26,5,64,8,23,9,21,57,6,45,22,52,5,67
update,17,26,5,70,8,23,9,21,57,6,45,22,52,5,68
update,17,26,5,71,8,23,9,21,57,6,45,22,52,5,68
update,17,26,5,24,8,23,9,21,57,6,45,22,52,5,69
update,17,26,5,24,8,23,9,21,58,6,45,22,52,5,70
update,17,26,5,24,8,23,9,21,59,6,45,22,52,5,70
update,17,26,5,24,8,23,9,21,59,6,45,22,52,5,70
update,17,26,5,24,8,23,9,21,59,6,72,22,52,5,70
update,17,26,5,24,8,23,9,21,59,6,73,22,52,5,71
update,17,26,5,24,8,23,9,21,59,6,74,22,52,5,72
update,17,26,5,24,8,24,9,21,59,6,75,22,52,5,72
update,17,26,5,24,8,9,9,21,59,6,75,68,52,5,72
update,18,26,5,72,4,25,4,22,27,6,76,69,53,5,73
update,18,26,5,73,4,25,4,23,27,6,76,69,53,5,73
update,18,26,5,74,4,25,4,23,27,6,76,69,53,5,73
update,18,26,5,75,4,25,4,23,27,6,76,69,53,5,73
update,18,26,5,76,4,25,4,23,27,6,76,69,53,5,73
update,18,26,5,76,10,25,11,24,27,6,76,69,54,5,73
update,18,26,5,76,8,25,9,25,27,6,76,70,12,5,73
update,18,26,5,77,8,25,9,25,27,6,76,71,12,5,73
update,18,26,5,68,8,25,9,25,27,6,76,71,12,5,73
update,18,26,5,68,8,26,9,26,27,6,76,71,12,5,73
update,18,26,5,69,8,27,9,27,27,6,76,71,12,5,73
update,18,26,5,64,8,27,9,27,27,6,76,71,12,5,73
update,18,26,5,64,8,27,9,27,27,6,76,72,12,5,73
update,18,26,5,64,8,28,9,28,60,6,77,73,12,5,73
update,18,26,5,78,8,25,9,23,61,6,78,69,12,5,73
update,18,26,5,79,8,25,9,23,61,6,78,69,12,5,73
update,18,26,5,38,8,25,9,23,61,6,79,69,12,5,73
update,18,26,5,38,8,25,9,23,61,6,80,74,12,5,73
update,18,26,5,38,8,25,9,23,61,6,81,75,12,5,73
update,18,26,5,38,8,25,9,23,61,6,78,67,12,5,73
update,18,26,5,38,8,25,9,23,61,6,78,67,12,5,73
update,18,26,5,80,8,25,9,23,61,6,78,67,12,5,73
update,18,26,5,69,8,25,9,23,61,6,78,73,12,5,73
update,18,26,5,81,8,25,9,23,61,6,78,69,12,5,73
update,18,26,5,82,8,25,9,23,61,6,78,69,12,5,73
update,19,26,7,83,6,29,6,15,27,6,82,76,55,11,74
update,19,26,7,83,6,29,6,15,27,6,83,76,55,11,74
update,19,26,7,83,6,29,6,15,27,6,84,0,0,0,0
update,19,26,7,83,6,29,6,15,62,6,85,0,0,0,0
update,19,26,7,83,6,29,6,15,63,6,85,0,0,0,0
update,19,26,7,83,6,29,6,15,64,6,85,0,0,0,0
update,19,26,7,83,6,29,6,15,65,8,85,0,0,0,0
update,19,26,7,83,6,29,6,15,65,9,85,0,0,0,0
update,19,45,7,83,6,29,6,15,66,9,85,0,0,0,0
update,19,46,7,83,6,29,6,15,67,9,86,76,55,11,74
update,19,26,7,83,6,29,6,15,67,9,86,77,56,11,74
update,19,26,7,83,6,29,6,15,68,9,86,78,57,11,74
update,19,26,7,83,6,29,6,15,69,9,86,78,57,11,74
update,19,26,7,83,6,29,6,15,70,9,86,78,57,11,74
update,19,26,7,83,6,29,6,15,71,9,86,78,57,11,74
update,19,45,7,83,6,29,6,15,72,9,86,79,58,11,74
update,19,47,7,83,6,29,6,15,73,9,86,76,55,11,74
update,19,47,7,83,6,29,6,15,74,9,86,76,55,11,74
update,20,26,7,84,6,29,6,16,27,6,87,30,35,7,75
update,20,26,7,84,6,29,6,16,27,6,87,30,35,7,75
update,20,26,7,84,6,29,6,16,27,6,87,80,28,7,75
update,20,26,7,84,6,29,6,16,27,6,87,81,9,7,75
update,20,26,7,84,6,29,6,16,75,6,87,82,9,7,75
update,20,26,7,84,7,29,6,16,76,6,87,82,9,7,75
update,20,26,7,85,9,30,8,16,76,6,87,83,9,16,76
update,20,26,7,38,6,14,9,16,76,6,87,84,9,11,51
update,20,26,7,38,6,31,9,16,76,6,87,84,9,11,51
update,20,26,7,38,6,32,9,16,76,6,87,84,59,11,51
update,20,26,7,86,6,32,9,16,76,6,87,84,60,11,51
update,20,26,7,87,6,32,9,16,76,6,87,84,60,11,51
update,20,26,7,87,6,32,9,16,76,6,87,84,60,11,51
update,20,26,7,87,6,33,10,16,76,6,87,84,60,17,77
update,20,26,7,87,6,29,6,16,77,6,87,84,60,7,75
update,20,26,7,87,6,30,6,16,78,6,87,84,60,7,75
update,20,26,7,87,7,34,8,16,78,6,87,84,60,16,76
update,20,26,7,87,8,35,9,16,78,6,87,85,60,11,51
update,20,26,7,87,8,35,9,16,78,10,87,86,60,11,51
update,20,26,7,87,8,36,9,16,78,11,87,86,60,11,51
update,20,26,7,87,8,32,9,16,79,11,87,86,60,11,51
update,20,26,7,87,8,32,9,16,80,11,87,87,61,11,51
update,20,26,7,87,9,37,9,16,81,11,87,88,31,11,51
update,20,26,7,87,6,14,10,29,76,11,87,86,35,11,51
update,20,26,7,87,6,14,6,30,76,11,87,89,62,11,51
update,20,26,7,87,6,14,6,30,82,11,87,90,52,11,51
update,20,26,7,87,7,14,6,30,83,11,87,90,52,11,51
update,20,26,7,87,8,14,6,30,83,11,87,90,52,11,51
update,20,26,7,87,8,14,6,30,83,11,87,91,63,11,51
update,20,26,7,87,8,14,6,30,84,11,87,92,64,11,51
update,20,26,7,87,8,14,6,30,85,11,87,92,64,11,51
update,20,26,7,87,9,14,6,30,27,11,87,92,64,11,51
update,20,26,7,88,6,14,6,30,27,11,87,92,64,11,51
update,20,26,7,38,7,14,6,30,27,11,87,92,64,11,51
update,20,26,7,38,9,14,6,30,27,11,87,92,64,11,51
update,20,26,7,86,6,14,8,31,75,11,87,93,65,11,51
update,20,26,7,87,6,14,9,16,76,11,87,86,35,11,51
update,20,26,7,87,6,14,9,16,86,11,87,86,35,11,51
update,20,26,7,87,6,14,9,16,87,11,87,86,35,11,51
update,20,26,7,87,6,14,9,16,88,11,88,86,35,11,51
update,20,26,7,87,6,14,9,16,89,11,89,86,35,11,51
update,20,26,7,87,6,14,9,16,89,12,89,86,35,11,51
update,20,26,7,87,6,14,9,16,89,13,89,86,35,11,51
update,20,26,7,87,7,15,9,16,89,13,89,89,66,11,51
update,20,26,7,87,8,12,9,16,89,13,89,90,67,11,51
update,20,26,7,87,8,12,9,16,89,13,90,90,52,11,51
update,20,26,7,88,9,13,9,16,90,13,91,94,68,11,51
update,20,26,7,38,7,31,9,16,76,13,87,86,35,11,51
update,20,26,7,38,8,32,9,16,76,13,87,86,35,11,51
update,21,48,5,89,4,38,4,32,91,6,92,95,12,8,78
update,21,49,5,89,4,38,4,32,92,6,92,95,12,8,78
update,21,49,16,89,4,38,4,32,92,6,92,95,12,8,78
update,21,50,12,89,4,38,4,32,92,6,92,96,69,8,78
update,21,51,12,89,4,38,4,32,92,6,92,97,70,18,78
update,21,52,12,89,4,38,4,32,92,6,92,98,71,11,78
update,21,53,12,89,10,38,11,32,92,6,92,99,72,11,78
update,21,54,12,89,8,38,9,32,92,6,93,99,72,11,78
update,21,55,12,89,8,38,9,32,92,6,94,99,72,11,78
update,21,56,12,89,8,38,9,32,92,6,94,99,72,11,78
update,21,57,12,89,8,38,9,32,93,6,94,99,72,11,78
update,21,58,12,89,8,38,9,32,94,6,94,99,72,11,78
update,21,59,12,89,8,38,9,32,95,6,94,99,72,11,78
update,21,60,12,89,8,38,9,32,96,6,95,100,73,11,78
update,21,61,12,89,8,38,9,32,27,6,92,101,74,11,78
update,21,62,12,89,8,38,9,32,27,6,92,101,74,11,78
update,21,63,12,89,8,38,9,32,27,6,92,101,70,11,78
update,21,63,12,89,8,38,9,32,27,6,92,101,75,11,78
update,21,63,12,89,8,38,9,32,97,6,92,101,75,11,78
update,21,63,12,89,8,38,9,32,98,6,92,101,75,11,78
update,21,63,12,89,8,38,9,32,99,6,92,101,75,11,78
update,21,63,12,89,8,38,9,32,100,6,92,101,75,11,78
update,22,26,12,90,8,18,9,16,101,6,96,84,42,11,79
update,22,26,12,90,8,18,9,16,102,6,97,84,42,11,79
update,22,26,12,90,8,18,9,16,103,6,98,84,42,11,79
update,23,64,12,91,4,9,4,10,104,14,99,22,12,11,80
update,23,64,12,91,4,9,4,10,105,15,99,22,12,11,80
update,24,65,5,22,4,9,4,10,27,6,45,22,12,5,32
update,24,65,5,22,4,9,4,10,27,16,45,22,12,5,32
update,25,26,8,91,4,9,4,10,27,6,100,102,76,8,80
update,25,26,8,91,4,9,4,10,27,6,100,103,77,8,80
update,25,26,8,91,4,9,4,10,27,6,100,104,78,8,80
update,25,26,8,91,4,9,4,10,27,6,100,69,57,8,80
update,26,26,5,22,4,9,4,10,27,6,101,105,12,5,81
update,26,26,5,22,4,9,4,10,27,6,101,105,12,5,82
update,27,26,5,22,4,9,4,10,27,6,102,22,12,5,32
update,27,26,5,92,4,9,4,10,27,6,103,22,12,5,32
update,27,26,5,93,4,9,4,10,27,6,103,22,12,5,83
update,27,26,5,94,4,9,4,10,27,6,104,22,12,5,84
update,27,26,5,94,4,9,4,10,27,6,105,22,12,5,84
update,27,26,5,95,4,9,4,10,27,6,105,22,12,5,84
update,27,26,5,96,4,9,4,10,27,6,105,22,12,5,84
update,27,26,5,96,4,9,4,10,27,6,106,22,12,5,84
update,27,26,5,96,4,9,4,10,106,6,107,22,12,5,84
update,27,26,5,96,4,9,4,10,107,6,107,22,12,5,85
update,28,66,12,97,8,18,14,33,108,17,108,106,79,11,86
update,28,67,12,97,9,18,15,33,108,18,108,107,80,11,86
update,29,26,5,22,4,9,4,10,27,6,45,22,12,5,87
update,30,26,8,98,4,9,4,10,27,6,109,22,12,8,88
update,30,26,8,98,4,9,4,10,27,6,109,22,12,8,89
update,30,26,8,98,4,9,4,10,27,6,109,22,12,18,90
update,30,26,8,98,4,9,4,10,27,6,109,108,12,11,90
update,30,26,8,98,4,9,4,10,27,6,109,109,12,11,90
update,30,26,8,98,4,9,4,10,27,6,109,109,12,11,90
update,30,26,8,98,4,9,4,10,109,6,109,109,12,11,90
update,30,26,8,98,4,9,4,10,110,6,110,109,12,11,90
update,30,26,8,98,4,9,4,10,110,6,111,109,12,11,90
update,30,26,13,98,4,9,4,10,111,6,112,109,12,11,90
update,30,26,12,98,4,9,4,10,112,6,109,109,12,11,90
update,30,26,12,98,4,9,4,10,112,6,109,109,81,11,90
update,30,26,12,98,4,9,4,10,112,6,109,109,82,11,90
update,30,26,12,98,4,9,4,10,113,6,109,109,82,11,91
update,30,26,12,98,4,9,4,10,110,6,109,109,82,11,88
update,30,26,12,98,4,9,4,10,110,6,109,109,82,11,88
update,30,26,12,98,4,9,4,10,110,6,113,109,82,11,88
update,30,26,12,98,4,9,4,10,110,6,114,109,82,11,0
update,30,26,12,98,4,9,4,10,110,6,114,109,82,4,0
update,30,26,12,98,4,9,4,10,111,6,114,109,82,4,0
update,31,26,7,99,4,9,4,10,27,6,115,110,83,7,92
update,31,26,7,100,4,9,4,10,27,6,115,111,84,7,92
update,32,26,5,22,4,9,4,10,114,6,45,22,12,5,32
update,32,26,5,22,4,9,4,10,115,6,116,22,12,5,32
update,32,26,5,22,4,9,4,10,115,6,117,22,12,5,32
update,32,26,5,22,4,9,4,10,115,6,117,22,12,5,32
update,32,26,5,22,4,9,4,10,115,6,117,22,12,5,32
update,32,26,5,22,4,9,4,10,115,6,117,22,12,5,32
update,32,26,5,22,4,9,4,10,116,6,117,22,12,5,32
update,32,26,5,22,4,9,4,10,117,6,117,22,12,5,32
update,32,26,5,22,4,9,4,10,118,6,117,22,12,5,32
update,32,26,5,22,4,9,4,10,119,6,117,22,12,5,32
update,32,26,5,22,4,9,4,10,120,6,117,22,12,5,32
update,32,26,5,22,4,9,4,10,121,6,117,22,12,5,32
update,36,26,5,101,4,9,4,10,27,6,45,22,12,5,32
update,36,26,5,102,4,9,4,10,27,6,45,22,12,5,32
update,39,68,5,22,4,9,4,10,122,19,45,22,12,5,32
delete,40,1,0,0,0,0,0,0,1,0,1,0,0,0,0
insert,40,69,0,0,0,0,0,0,6,2,1,0,0,0,0
update,40,70,5,22,4,9,4,10,123,20,118,22,12,5,32
update,40,71,5,22,4,9,4,10,123,20,119,22,12,5,93
update,41,26,5,103,4,9,4,10,124,21,120,22,12,5,94
update,41,26,5,103,4,9,4,10,125,21,120,22,12,5,95
update,41,26,5,103,4,9,4,10,126,21,120,68,12,5,95
update,41,26,5,103,4,9,4,10,127,21,121,67,12,5,95
update,41,26,5,103,4,9,4,10,128,22,122,67,12,5,95
update,41,26,5,103,4,9,4,10,129,23,123,67,12,5,95
update,41,26,5,103,4,9,4,10,129,23,124,67,12,5,95
update,41,26,5,104,4,9,4,10,129,23,124,67,12,5,96
update,41,26,5,105,4,9,4,10,129,23,124,67,12,5,97
update,41,26,5,105,4,9,4,10,129,23,124,67,12,5,98
update,41,26,5,105,4,9,4,10,130,23,125,67,12,5,98
update,41,26,5,105,4,9,4,10,131,23,126,67,12,5,99
update,41,26,5,106,4,9,4,10,131,23,126,67,12,5,100
update,41,26,5,107,4,9,4,10,131,23,126,67,12,5,101
update,41,26,5,107,4,9,4,10,131,23,126,67,12,5,102
update,41,26,5,107,4,9,4,10,132,23,126,67,12,5,95
update,41,26,5,107,4,9,4,10,27,23,126,67,12,5,103
update,41,26,5,108,4,9,4,10,133,23,127,67,12,5,104
update,41,26,5,109,4,9,4,10,129,23,124,67,12,5,105
update,41,26,5,109,4,9,4,10,129,23,124,67,12,5,106
update,41,26,5,109,4,9,4,10,129,23,128,67,12,5,106
update,41,26,5,110,4,9,4,10,129,23,117,112,12,5,107
update,41,26,5,22,4,9,4,10,134,24,117,105,12,5,108
update,41,26,5,22,4,9,4,10,135,25,117,105,12,5,109
update,41,26,5,22,4,9,4,10,136,25,129,105,12,5,95
update,41,72,5,22,4,9,4,10,137,25,130,105,12,5,95
update,41,73,5,22,4,9,4,10,115,25,131,105,12,5,110
update,41,73,5,22,4,9,4,10,115,25,131,105,12,5,111
update,41,73,5,111,4,9,4,10,115,25,131,105,12,5,100
update,41,73,5,105,4,9,4,10,115,25,131,105,12,5,100
update,41,73,5,105,4,9,4,10,115,25,132,105,12,5,100
update,41,73,5,112,4,9,4,10,115,25,133,105,12,5,112
update,41,73,5,113,4,9,4,10,115,25,133,105,12,5,113
update,41,73,5,113,4,9,4,10,115,25,134,105,12,5,114
update,41,74,5,113,4,9,4,10,115,25,135,105,12,5,114
update,41,75,5,114,4,9,4,10,115,25,133,105,12,5,114
update,41,75,5,115,4,9,4,10,115,25,136,105,12,5,115
update,41,75,5,116,4,9,4,10,115,25,124,105,12,5,116
update,41,75,5,117,4,9,4,10,138,26,124,105,12,5,117
update,41,75,5,117,4,9,4,10,27,21,124,105,12,5,118
update,41,75,5,118,4,9,4,10,27,21,124,105,12,5,100
update,41,75,5,119,4,9,4,10,27,21,124,105,12,5,119
delete,42,1,0,0,0,0,0,0,1,0,1,0,0,0,0
update,44,76,8,22,4,9,4,10,139,6,137,22,12,8,88
update,44,76,8,22,4,9,4,10,140,6,137,22,12,8,88
update,44,76,8,22,4,9,4,10,140,6,137,22,12,8,88
update,44,76,8,22,4,9,4,10,140,6,137,22,12,8,89
update,44,76,8,22,4,9,4,10,140,6,137,113,12,8,90
update,44,76,13,120,4,9,4,10,141,6,137,114,12,18,90
update,44,76,12,98,4,9,4,10,142,6,137,114,12,11,91
update,44,76,12,98,4,9,4,10,142,6,137,114,12,11,88
update,44,76,12,98,4,9,4,10,142,6,137,114,12,11,88
update,44,76,12,98,4,9,4,10,142,6,137,114,12,11,89
update,44,76,12,98,4,9,4,10,142,6,137,114,12,11,90
update,44,76,12,98,4,9,4,10,142,6,137,114,12,11,90
update,44,76,12,98,4,9,4,10,143,6,137,114,12,11,90
update,44,76,12,98,4,9,4,10,144,6,137,115,81,11,90
update,44,76,12,98,13,39,16,34,144,17,137,116,85,11,90
update,44,76,12,98,14,40,17,35,144,18,137,117,12,11,91
update,45,26,5,22,10,9,11,10,27,6,45,22,12,5,32
update,48,26,12,121,6,9,6,15,27,6,138,30,12,11,80
update,48,26,12,122,6,9,6,15,27,6,138,30,12,11,80
update,48,26,12,91,6,9,6,15,27,6,138,34,12,11,80
update,48,26,12,91,6,9,6,15,27,6,138,19,12,11,80
update,48,26,12,91,6,9,6,15,27,6,138,19,12,11,80
update,48,26,12,91,6,9,6,15,27,6,138,19,12,11,80
update,48,26,12,91,6,9,6,15,27,6,138,19,12,11,80
update,48,26,12,91,7,9,8,15,27,6,138,20,12,11,80
update,48,26,12,91,8,9,9,15,27,6,138,21,12,11,80
update,49,77,7,123,6,12,6,36,145,6,139,118,12,7,120
update,49,78,7,124,6,41,6,37,146,6,140,118,86,7,121
update,49,26,7,125,6,42,6,38,147,6,141,118,87,7,122
update,49,26,7,38,6,42,6,38,147,6,141,118,87,7,122
update,49,26,7,126,6,42,6,38,147,6,141,118,87,7,122
update,49,26,7,123,6,42,6,38,147,6,141,118,87,7,122
update,49,26,7,123,6,42,6,38,147,6,141,118,87,7,122
update,49,79,7,127,6,42,6,38,148,6,142,118,87,7,122
update,49,80,7,128,6,42,6,38,145,6,139,118,87,7,122
update,49,80,7,128,6,42,6,38,145,6,139,119,88,7,122
update,49,80,7,129,6,42,6,38,145,6,139,120,53,7,122
update,49,80,7,130,6,42,6,38,145,6,139,120,53,7,123
update,49,80,7,130,6,43,6,38,145,6,139,120,53,7,124
update,49,80,7,131,6,44,6,38,145,6,139,120,53,7,124
update,49,80,7,32,6,44,6,38,145,6,139,120,53,7,124
update,49,80,7,32,6,44,6,38,145,6,139,121,89,7,124
update,49,80,17,132,15,45,6,38,145,6,139,122,90,7,124
update,49,80,18,68,16,42,8,38,145,6,139,122,90,7,124
update,49,80,18,133,8,42,9,38,145,6,139,122,90,7,124
update,49,80,18,123,8,42,9,39,145,6,140,122,90,7,124
update,49,80,18,134,8,42,9,40,145,6,141,122,90,7,124
update,49,80,19,68,8,42,9,40,145,6,141,122,90,7,124
update,49,80,7,68,9,42,10,40,145,6,141,122,90,7,124
update,49,80,7,68,6,42,6,40,145,6,141,122,90,7,124
update,49,80,7,68,6,42,6,40,145,6,143,122,90,7,124
update,49,80,7,68,6,42,6,40,145,6,144,123,91,7,124
update,49,80,7,135,6,42,6,40,145,6,144,124,92,7,124
update,49,80,7,130,6,42,6,40,145,6,145,124,92,7,124
update,49,80,7,136,6,42,6,40,145,6,139,124,92,7,124
update,49,80,7,64,6,42,6,40,145,6,146,124,92,7,124
update,49,80,7,64,6,42,6,40,145,6,147,124,92,7,124
update,49,80,7,64,6,42,6,40,145,6,147,124,92,7,125
update,49,80,7,64,7,42,8,40,145,6,147,124,92,7,122
update,49,80,7,137,8,46,9,41,145,6,147,124,92,7,122
update,49,80,7,138,8,12,9,14,145,6,147,124,92,7,122
update,49,80,7,139,8,12,9,14,145,6,147,124,92,7,122
update,49,80,7,139,8,12,9,14,145,6,148,124,92,7,122
update,49,80,7,139,8,12,9,14,145,6,139,124,92,7,122
update,49,80,7,140,8,12,9,14,145,6,139,124,92,7,122
update,49,80,7,141,8,12,9,14,145,6,149,124,92,7,122
update,49,80,7,142,9,41,10,42,145,6,150,125,93,7,122
update,49,80,7,128,7,42,8,38,145,6,139,118,87,7,122
update,49,80,7,128,8,42,9,38,145,6,139,118,87,7,122
update,49,80,7,129,8,42,9,38,145,6,139,118,87,7,122
update,49,80,7,143,9,43,10,43,145,6,139,118,94,7,126
update,49,80,7,123,6,44,6,36,145,6,139,118,86,7,120
update,49,80,7,123,6,44,6,36,145,6,139,118,87,7,120
update,49,80,7,124,6,44,6,36,145,6,139,118,87,7,120
update,49,80,7,130,6,44,6,36,145,6,139,118,87,7,120
update,49,80,7,130,6,44,6,36,145,6,139,118,87,7,120
update,49,80,7,130,6,44,6,36,145,6,140,118,87,7,120
update,49,80,7,130,6,44,6,36,145,6,141,118,87,7,120
update,49,80,7,130,6,44,6,36,145,6,141,118,87,7,120
update,49,80,7,130,6,44,6,36,145,6,141,118,87,7,120
update,49,80,7,130,6,44,6,36,145,6,141,118,87,7,120
update,49,80,7,130,6,44,6,36,149,6,141,118,87,7,120
update,49,81,7,130,6,45,6,37,150,6,141,118,87,7,121
update,49,82,7,144,6,43,6,44,148,6,142,118,94,7,122
update,49,77,7,72,6,44,6,14,145,6,139,118,12,7,122
update,49,77,7,72,6,44,6,14,145,6,151,118,12,7,122
update,49,77,7,72,6,44,6,14,145,6,152,118,12,7,122
update,49,78,7,145,6,45,6,42,146,6,153,118,86,7,122
update,49,26,7,130,6,42,6,38,147,6,139,118,87,7,122
update,49,26,7,130,6,42,6,38,147,6,139,118,87,7,122
update,49,26,7,130,6,42,6,38,147,6,139,118,87,7,122
update,49,82,7,144,6,43,6,44,148,6,139,118,87,7,122
update,49,77,7,72,6,44,6,14,145,6,139,118,87,7,122
update,49,77,7,72,6,44,6,14,145,6,139,118,87,7,122
update,49,77,7,72,6,44,6,14,151,6,139,118,87,7,122
update,49,77,7,72,6,44,6,14,152,6,139,118,87,7,122
update,49,83,7,72,6,44,6,14,152,6,139,118,87,7,122
update,49,84,7,72,6,44,6,14,152,6,139,118,87,7,122
update,49,85,7,72,6,44,6,14,152,6,139,118,87,7,122
update,49,81,7,146,7,45,8,14,153,6,139,126,95,7,122
update,49,26,7,68,8,42,9,14,27,6,139,122,90,7,127
update,49,26,7,68,8,42,9,14,27,6,154,122,90,7,64
update,49,26,7,68,8,42,9,14,154,6,155,122,90,7,64
update,49,26,7,147,8,42,9,14,145,6,155,122,90,7,64
update,49,26,7,141,8,42,9,14,145,6,155,122,90,7,64
update,49,26,7,141,8,42,9,14,149,6,155,122,90,7,64
update,49,79,7,148,9,43,10,42,154,6,156,127,96,7,128
update,49,80,7,139,6,44,6,38,145,6,139,118,87,7,122
update,49,80,7,139,6,44,6,38,145,6,139,118,87,7,122
update,49,80,7,139,6,44,6,38,145,6,157,118,87,7,122
update,49,80,7,139,6,44,6,38,145,6,158,118,87,7,122
update,49,80,7,139,6,44,6,38,145,6,139,118,87,7,122
update,49,80,7,149,6,44,6,38,145,6,139,118,87,7,122
update,49,80,7,150,6,44,6,44,145,6,139,118,87,7,122
update,49,86,7,72,6,44,6,14,145,6,139,118,87,7,122
update,49,87,7,151,6,44,6,14,145,6,139,118,87,7,122
update,49,87,7,141,6,44,6,14,145,6,139,118,87,7,122
update,49,87,7,141,6,44,6,14,145,6,139,118,87,7,122
update,49,87,7,141,6,44,6,14,145,6,139,118,87,7,122
update,49,88,7,148,6,44,6,42,145,6,139,118,87,7,122
update,49,80,7,139,6,44,6,38,145,6,139,118,97,7,122
update,49,80,7,139,6,44,6,38,145,6,139,118,35,7,122
update,49,80,7,139,6,44,6,38,145,6,139,118,35,7,122
update,49,80,7,139,6,44,6,38,145,6,159,118,35,7,122
update,49,80,7,139,6,44,6,38,145,6,160,118,35,7,122
update,49,80,7,139,6,47,6,38,145,6,160,118,35,7,122
update,49,80,7,139,6,48,6,38,145,6,160,118,35,7,122
update,49,80,7,139,6,44,6,38,145,6,161,118,35,7,122
update,49,80,7,139,6,44,6,38,145,6,162,118,98,7,122
update,49,80,7,139,6,44,6,38,149,6,139,118,87,7,122
update,49,80,7,139,6,44,6,38,27,6,163,118,87,7,122
update,49,80,7,139,6,44,6,38,27,6,164,118,87,7,122
update,49,80,7,139,6,44,6,44,27,6,139,118,87,7,122
update,49,80,7,152,6,44,6,14,154,6,139,118,87,7,122
update,49,80,7,72,6,44,6,14,146,6,139,118,87,7,122
delete,50,1,0,0,0,0,0,0,1,0,1,0,0,0,0
update,51,26,6,153,10,9,11,10,27,6,45,22,12,6,129
update,52,89,8,154,4,18,4,16,155,6,165,95,99,8,130
update,52,90,8,155,4,18,4,16,155,6,165,95,99,8,130
update,52,26,8,155,4,18,4,16,155,6,165,98,100,8,130
update,52,91,13,155,4,18,4,16,155,6,165,128,101,18,130
update,52,89,12,155,4,18,4,16,155,6,165,95,99,11,130
update,52,89,12,155,4,18,4,16,155,6,165,95,99,11,130
update,52,89,12,155,4,18,4,16,155,6,165,95,99,11,130
update,52,89,12,155,10,18,11,16,155,6,165,95,99,11,130
update,52,89,12,155,8,18,9,16,156,6,165,95,99,11,130
update,52,89,12,155,8,18,9,16,157,6,165,95,99,11,130
update,53,26,5,22,4,9,4,10,27,6,70,67,12,5,131
update,54,26,6,156,10,9,11,10,27,6,45,22,12,6,132
update,55,26,5,22,4,9,4,10,27,6,166,67,12,5,133
update,55,26,5,22,4,9,4,10,27,6,166,67,12,5,134
update,55,26,5,157,4,9,4,10,27,6,166,67,12,5,135
update,55,26,5,158,4,9,4,10,27,6,166,67,12,5,136
update,55,26,5,159,4,9,4,10,27,6,166,67,12,5,136
update,55,26,5,160,4,9,4,10,27,6,166,67,12,5,136
update,55,26,5,161,4,9,4,10,27,6,166,67,12,5,137
update,55,26,5,162,4,9,4,10,27,6,166,129,12,5,138
update,55,26,5,163,4,9,4,10,27,6,166,130,12,5,139
update,56,26,12,164,4,9,4,10,27,6,167,22,12,11,52
update,56,92,12,165,4,9,4,10,158,14,167,22,12,11,52
update,57,93,5,22,4,9,4,10,27,6,45,22,12,5,32
update,57,94,5,22,4,9,4,10,27,6,45,22,12,5,140
update,57,94,5,156,4,9,4,10,27,6,45,22,12,5,141
update,57,94,5,166,4,9,4,10,27,6,45,22,12,5,142
update,57,95,5,123,4,9,4,10,27,6,45,22,12,5,45
update,58,96,5,22,4,9,4,10,159,27,168,22,12,5,32
update,59,97,5,22,4,9,4,10,27,6,169,22,12,5,32
update,59,98,5,22,4,9,4,10,160,28,170,22,12,5,32
update,59,99,5,22,4,9,4,10,161,29,171,22,12,5,32
update,60,100,5,22,4,9,4,10,162,6,172,108,81,8,143
update,60,100,5,22,4,9,4,10,162,6,172,109,82,8,143
update,60,100,5,22,4,9,4,10,163,6,172,109,82,8,143
update,60,100,5,167,4,9,4,10,27,6,172,109,82,8,143
update,60,100,5,168,4,9,4,10,27,6,172,109,82,8,144
update,60,100,5,168,4,9,4,10,27,6,172,109,82,8,145
update,60,100,5,169,4,9,4,10,27,6,172,109,82,8,145
update,60,100,16,170,4,9,4,10,27,6,172,109,82,8,146
update,60,100,12,171,4,9,4,10,164,6,172,109,82,8,143
update,61,101,7,172,4,9,4,10,165,30,173,22,12,7,147
update,61,102,7,173,4,9,4,10,166,20,173,22,12,7,147
update,61,103,7,174,4,9,4,10,166,31,173,22,12,7,147
update,61,26,7,174,4,9,4,10,167,6,173,22,12,7,147
update,61,26,7,174,4,9,4,10,168,6,173,22,12,7,147
insert,62,1,0,0,0,0,0,45,1,0,1,0,0,0,0
update,62,26,5,22,4,9,4,46,27,6,174,22,12,5,32
update,62,26,5,156,4,9,4,27,27,6,175,22,12,5,148
update,62,26,5,175,4,9,4,27,27,6,176,22,12,5,149
update,62,26,5,175,4,9,4,27,27,6,45,22,12,5,149
update,62,26,5,175,4,9,4,27,27,6,177,22,12,5,149
update,62,26,5,176,4,9,4,27,27,6,178,22,12,5,150
insert,63,104,3,177,3,49,3,47,169,5,179,13,0,4,151
insert,64,1,0,0,0,0,0,0,1,0,1,0,0,0,0
update,64,105,5,22,4,9,4,10,27,6,45,22,12,5,32
update,64,106,5,22,4,9,4,10,170,6,45,22,12,5,32
update,64,107,5,22,4,9,4,10,171,6,45,22,12,5,32
insert,65,1,3,178,0,0,0,0,1,0,180,131,0,4,17
insert,66,1,1,179,1,50,1,48,1,0,181,0,0,1,152
insert,67,1,0,0,0,0,0,0,172,0,1,0,0,0,0
update,67,108,5,22,4,9,4,10,173,6,45,22,12,5,32
insert,68,1,0,0,0,0,0,0,1,0,1,0,0,0,0
update,68,26,6,180,10,51,11,49,174,32,182,132,102,10,153
update,68,26,7,181,8,44,9,32,175,33,183,133,103,11,154
update,68,26,7,181,8,44,9,32,175,33,183,133,104,11,154
update,68,26,7,181,8,44,9,32,175,33,183,133,105,11,154
update,68,26,7,181,8,44,9,32,176,33,183,133,52,11,154
update,68,26,7,181,9,44,9,32,177,33,183,133,52,11,154
update,68,26,7,181,6,44,9,32,177,33,183,134,106,11,154
update,68,26,7,182,6,44,9,32,177,33,183,135,107,11,154
update,68,109,20,183,17,52,18,50,178,33,184,136,108,11,154
update,68,110,12,184,4,38,4,51,179,33,45,137,109,11,154
insert,69,1,3,0,0,0,0,0,1,0,185,0,0,4,155
insert,70,1,2,185,0,0,0,0,180,0,186,14,0,3,156
update,70,26,7,186,4,9,4,10,181,6,187,118,12,7,157
update,70,26,7,186,4,9,4,10,181,6,187,138,12,7,157
update,70,26,7,187,4,9,4,10,181,6,187,139,12,7,157
update,70,26,7,188,4,9,4,10,181,6,187,139,12,7,157
update,70,26,7,188,4,9,4,10,181,6,187,140,12,7,157
update,70,26,7,189,4,53,4,52,181,6,187,141,102,7,157
update,70,26,7,64,4,27,4,27,181,6,187,122,90,7,157
update,70,26,7,64,4,27,4,27,181,6,187,122,90,7,157
update,70,26,7,81,4,27,4,27,181,6,187,122,90,7,157
update,70,26,7,82,4,27,4,27,181,6,187,122,90,7,157
update,70,26,7,190,4,27,4,27,181,6,187,122,90,7,157
update,70,26,7,24,4,27,4,27,181,6,187,122,90,7,157
update,70,26,7,24,4,27,4,27,181,6,187,122,90,7,157
update,70,26,7,24,4,27,4,27,181,6,187,122,90,7,157
update,70,26,7,191,4,27,4,27,181,6,187,122,90,7,157
update,70,26,7,192,4,27,4,27,181,6,187,122,90,7,157
update,70,26,7,193,4,27,4,27,181,6,187,122,90,7,157
update,70,26,7,194,4,27,4,27,181,6,187,122,90,7,157
update,70,26,7,188,4,27,4,27,181,6,187,122,90,7,157
update,70,26,7,189,4,27,4,27,181,6,187,122,90,7,157
update,70,26,7,194,4,27,4,27,181,6,187,122,90,7,157
update,70,26,7,188,4,27,4,27,181,6,187,122,90,7,157
update,70,26,7,188,4,27,4,27,181,6,187,142,90,7,157
update,70,26,7,195,4,27,4,27,181,6,187,143,90,7,157
insert,71,111,0,0,0,0,19,53,182,5,1,144,0,19,158
update,71,112,21,196,5,54,20,54,183,18,45,145,12,20,159
insert,72,1,0,0,0,0,0,0,1,0,1,0,0,0,0
insert,73,1,0,0,0,0,0,0,1,0,1,0,0,0,0
update,73,26,5,197,4,9,4,10,27,6,45,22,12,5,32
insert,74,113,3,13,2,55,2,55,184,5,188,146,0,4,160
insert,75,1,2,198,18,56,21,56,1,0,189,147,110,3,3
update,75,26,7,199,19,57,22,57,185,34,190,148,95,7,161
update,75,26,7,130,19,57,22,57,186,35,190,149,90,7,64
update,75,26,7,130,19,57,22,57,187,36,190,149,90,7,64
update,75,26,7,130,19,57,22,57,188,36,190,150,111,7,64
update,75,26,7,130,19,57,22,57,188,36,190,151,112,7,64
update,75,26,7,130,19,57,22,57,189,36,190,151,112,7,64
update,75,26,7,130,19,57,22,57,190,36,190,151,113,7,64
update,75,26,7,200,19,57,22,57,190,36,190,151,90,7,64
update,75,26,7,201,19,57,22,57,190,36,190,151,114,7,64
update,75,26,7,201,19,57,22,57,190,37,190,151,12,7,64
update,75,26,7,201,19,57,22,57,190,38,190,151,12,7,64
update,75,26,7,201,19,57,22,57,190,39,190,151,12,7,162
update,75,26,7,201,19,57,22,57,190,39,190,152,12,7,45
update,75,26,7,201,19,57,22,57,190,39,190,153,12,7,45
update,75,26,7,201,19,57,22,57,191,39,190,153,12,7,45
update,75,26,7,202,19,57,22,57,186,39,190,153,12,7,163
update,75,26,7,203,19,57,22,57,186,39,190,153,12,7,164
update,75,26,7,204,19,57,22,57,186,39,190,153,12,7,164
update,75,26,7,130,19,57,22,57,186,40,190,153,12,7,164
update,75,26,7,130,19,57,22,57,186,41,190,153,12,7,164
update,75,26,7,130,19,57,22,58,186,41,190,153,12,7,164
update,75,26,7,205,19,57,22,59,186,41,190,154,12,7,165
update,75,26,7,206,19,57,22,59,186,41,191,67,12,7,64
update,75,26,7,206,19,57,22,59,186,41,192,67,12,7,64
update,75,26,7,206,19,57,22,59,186,42,192,67,12,7,64
update,75,26,7,206,19,57,22,59,186,43,192,155,115,7,64
update,75,26,7,206,19,57,22,59,187,43,192,156,116,7,64
update,75,26,7,206,19,57,22,59,188,43,192,156,116,7,64
update,75,26,7,206,19,57,22,59,188,43,192,156,116,7,64
update,75,26,7,207,19,57,22,59,188,43,192,156,116,7,64
update,75,26,7,130,19,57,22,59,188,44,192,156,116,7,64
update,75,26,7,208,19,57,22,59,189,41,193,157,117,7,162
update,75,26,7,209,19,57,22,59,192,41,190,158,118,7,161
update,75,26,7,201,19,57,22,59,193,41,190,151,112,7,64
update,75,26,7,201,19,57,22,59,194,41,190,151,112,7,64
update,75,26,7,201,19,57,22,59,190,41,190,151,112,7,64
update,75,26,7,201,19,57,22,59,192,41,190,151,112,7,64
update,75,26,7,201,19,57,22,59,193,41,190,151,112,7,64
update,75,26,7,210,19,57,22,59,194,41,190,152,119,7,162
update,75,26,7,130,19,57,22,59,190,41,190,159,12,7,45
update,75,26,7,130,19,57,22,59,190,41,194,149,12,7,45
update,75,26,7,130,19,57,22,59,190,41,195,149,12,7,45
update,75,26,7,130,19,57,22,59,190,41,192,160,12,7,45
update,75,26,7,130,19,57,22,59,190,41,192,153,12,7,45
update,75,26,7,130,19,57,22,59,190,41,193,153,12,7,45
update,75,26,7,130,19,57,22,59,190,41,190,153,12,16,166
update,75,26,7,130,19,57,22,59,190,41,190,153,12,11,167
update,75,26,7,211,19,57,22,59,190,41,190,153,12,11,167
update,75,26,7,212,19,57,22,59,190,41,190,153,12,11,167
update,75,26,7,212,19,57,22,59,190,41,190,153,12,11,167
update,75,26,7,212,19,57,22,59,190,41,190,153,12,17,168
update,75,26,7,213,19,57,22,59,190,41,190,153,12,7,45
update,75,26,7,130,19,57,22,59,190,41,190,153,12,7,45
update,75,26,7,130,19,57,22,59,190,41,190,153,12,7,45
update,75,26,7,130,19,57,22,59,190,41,190,154,12,7,45
update,75,26,7,205,19,57,22,59,190,41,190,67,12,7,161
update,75,26,7,206,19,57,22,59,190,41,190,67,12,7,64
update,75,26,7,206,19,57,22,59,190,41,190,67,12,7,64
update,75,26,7,206,19,57,22,59,190,41,190,67,12,7,64
update,75,26,7,206,19,57,22,59,190,41,190,161,12,7,64
update,75,26,7,206,19,57,22,59,190,41,190,162,12,7,64
update,75,26,7,206,19,57,22,59,190,41,190,162,12,7,64
update,75,26,7,214,19,57,22,59,190,41,190,162,12,7,64
insert,76,1,3,0,1,0,1,1,1,0,196,147,0,4,0
update,76,26,12,22,6,9,6,14,27,6,197,163,12,11,32
update,76,26,12,22,6,9,6,14,27,6,197,71,120,11,32
update,76,114,12,22,6,9,6,14,27,6,197,71,121,11,32
update,76,115,12,22,7,9,8,60,27,6,197,71,121,11,32
update,76,115,12,215,8,9,9,61,27,6,197,71,121,11,32
update,76,115,12,216,8,9,9,61,195,6,198,71,121,11,32
update,76,115,12,216,8,9,9,61,196,6,199,71,121,11,32
update,76,116,12,216,8,9,9,61,197,6,199,71,121,11,32
update,76,26,12,216,8,9,9,61,197,6,199,71,121,11,169
update,76,26,12,217,8,9,9,61,197,6,199,71,121,11,80
update,76,26,12,218,8,9,9,61,198,6,199,71,121,11,80
update,76,117,12,218,8,9,9,61,199,6,199,71,121,11,80
update,76,118,12,218,8,9,9,62,200,6,199,71,121,11,80
update,76,118,12,219,8,9,9,15,200,6,199,71,121,11,80
update,76,118,12,220,8,9,9,15,201,6,199,71,121,11,80
update,76,118,12,220,8,9,9,15,202,6,199,71,121,11,80
update,76,118,12,220,8,9,9,15,203,6,199,71,121,11,80
update,76,119,12,220,8,9,9,15,204,6,199,71,121,11,80
update,76,120,12,220,8,9,9,15,205,6,199,71,121,11,80
update,76,121,12,220,8,9,9,15,206,6,200,71,121,11,80
update,76,121,12,220,8,9,9,15,207,6,201,71,121,11,80
update,76,121,12,220,8,9,9,15,207,6,201,71,121,11,80
update,76,121,12,220,8,9,9,15,207,6,201,164,121,11,80
update,76,121,12,220,8,9,9,15,207,6,201,165,121,11,80
update,76,122,22,221,8,58,9,15,208,6,201,166,122,11,170
update,76,123,7,222,8,59,9,15,200,6,201,71,12,11,171
update,76,124,7,222,8,59,9,15,200,6,201,71,12,11,171
update,76,124,7,222,8,59,9,15,200,6,201,71,12,11,171
update,76,124,7,222,8,59,9,15,209,6,201,71,12,11,171
update,76,124,7,222,8,59,9,15,210,6,202,71,12,11,171
update,76,124,7,223,8,59,9,15,211,6,199,71,12,11,171
update,76,124,7,224,8,59,9,15,212,6,200,71,12,11,171
update,76,125,7,224,8,59,9,15,207,6,201,71,12,11,171
update,76,126,7,224,8,59,9,15,207,6,201,71,12,11,171
update,76,127,7,224,8,59,9,15,207,6,201,71,12,11,171
update,76,128,7,224,8,59,9,15,207,6,201,164,12,11,171
update,76,26,7,225,8,59,9,15,207,6,201,69,12,11,171
update,76,26,7,174,8,60,9,15,207,6,201,69,12,11,171
update,76,26,7,174,8,29,9,15,207,6,201,69,12,11,171
update,76,26,7,226,8,29,9,15,207,6,201,69,12,11,172
update,76,129,0,0,0,0,0,0,1,0,1,0,0,0,0
update,76,130,0,0,0,0,0,0,1,0,1,0,0,0,0
update,76,131,7,227,8,29,9,15,207,10,201,69,12,11,173
update,76,132,7,227,8,29,9,15,208,11,201,69,12,11,173
update,76,133,7,228,8,29,9,15,200,11,201,69,12,11,173
update,76,133,7,229,8,29,9,15,200,11,201,69,12,11,173
update,76,133,7,230,8,29,9,15,200,11,201,69,12,11,174
update,76,133,7,230,8,61,9,15,200,11,201,69,12,11,175
update,76,133,7,230,8,59,9,15,213,11,201,69,12,11,175
update,76,134,7,230,8,59,9,15,214,11,201,69,12,11,175
update,76,135,7,231,8,59,9,15,207,11,201,69,12,11,175
insert,77,136,3,232,2,7,2,63,215,0,1,167,123,4,176
update,77,137,12,184,8,38,9,51,216,6,45,137,109,11,154
update,77,137,12,184,8,38,9,51,217,6,45,137,109,11,154
update,77,137,12,184,8,38,9,51,217,6,45,168,124,11,154
insert,78,1,2,198,0,0,0,0,1,0,203,0,0,3,177
update,78,26,7,233,4,9,4,10,27,6,204,22,12,7,64
update,78,26,7,34,20,62,4,10,27,6,204,22,12,7,64
update,78,26,7,34,21,63,4,10,27,6,205,22,12,7,64
update,78,26,23,34,21,63,4,10,27,6,206,22,12,7,64
update,78,26,24,34,21,63,4,10,27,45,206,22,12,7,64
update,78,26,24,34,21,63,4,10,218,46,206,22,12,7,64
update,78,26,24,34,21,63,4,64,219,46,206,22,12,7,64
update,78,26,24,34,21,63,4,65,219,46,206,22,12,7,64
update,78,26,24,34,21,63,4,65,219,46,207,22,12,7,64
update,78,26,24,34,21,63,4,65,219,46,208,22,12,7,64
update,78,26,24,34,21,63,4,65,219,46,208,22,12,7,64
update,78,138,24,34,21,63,4,65,220,47,208,22,12,7,64
update,78,139,24,234,21,63,4,65,221,48,208,22,12,7,64
update,78,139,24,94,21,63,4,65,221,48,209,22,12,7,64
update,78,139,24,235,21,63,4,65,221,48,204,22,12,7,64
update,78,139,24,33,21,63,4,65,221,48,204,22,12,7,64
update,78,139,24,34,21,63,4,65,222,48,204,22,12,7,64
update,78,139,24,34,21,63,4,65,223,48,204,22,12,7,64
update,78,139,24,34,21,63,11,65,223,48,204,22,12,7,64
update,78,140,25,44,21,63,9,65,224,48,204,22,12,16,178
update,78,26,7,236,22,64,18,66,225,48,204,22,12,17,179
update,78,26,7,233,23,65,11,64,226,49,204,22,12,7,178
update,78,26,7,34,19,57,9,65,227,50,204,22,12,7,180
update,78,26,7,44,19,57,9,65,227,50,204,22,12,7,180
update,78,26,7,33,19,57,9,65,227,50,204,22,12,7,180
update,78,26,7,34,19,57,9,65,228,50,204,22,12,7,180
update,78,26,7,34,19,57,9,65,229,50,204,22,12,7,180
update,78,26,7,34,19,57,9,65,229,50,204,22,12,7,180
update,78,26,7,34,19,57,9,65,229,50,204,22,12,7,180
update,78,26,7,44,19,66,9,65,229,50,204,22,12,7,180
update,78,26,7,237,19,63,9,65,229,50,204,22,12,7,180
update,78,26,7,94,24,63,9,65,229,50,204,22,12,7,180
update,78,26,26,238,25,67,10,67,230,51,210,169,12,7,181
update,78,26,8,239,6,14,6,36,231,6,211,36,12,7,182
update,78,26,8,239,7,68,6,36,232,6,211,36,12,7,182
update,78,26,8,239,8,69,6,36,232,6,211,36,12,16,183
update,78,26,8,239,8,69,6,36,232,6,212,36,12,11,180
update,78,26,8,240,8,70,6,36,232,6,213,36,12,11,184
update,78,26,8,241,8,71,6,36,232,6,214,36,12,11,185
insert,79,1,2,3,1,72,1,68,233,0,215,0,0,3,177
update,79,26,7,34,6,32,6,69,234,6,216,22,12,7,186
update,79,26,7,34,6,32,6,69,234,6,216,22,12,7,187
update,79,26,7,34,6,32,6,69,234,6,217,22,12,7,188
update,79,26,7,34,6,32,6,69,234,6,218,22,12,7,188
update,79,26,7,34,6,32,6,69,234,6,218,22,12,7,188
update,79,26,7,242,7,32,8,70,234,6,218,22,12,7,189
update,79,26,7,243,8,32,9,71,234,6,218,22,12,7,190
update,79,26,7,244,8,32,9,71,234,6,218,22,12,7,190
update,79,26,7,245,8,32,9,71,235,6,218,22,12,7,190
update,79,26,7,245,8,32,9,71,236,6,218,22,12,7,190
update,79,141,7,245,8,32,9,71,237,6,219,22,12,7,191
update,79,142,7,245,8,32,9,71,238,6,216,22,12,7,188
update,79,142,7,246,8,32,9,71,27,6,216,22,12,7,188
update,79,143,7,247,8,32,9,71,27,6,216,22,12,7,188
update,79,26,7,245,8,32,9,71,27,6,216,22,12,7,188
update,79,141,7,245,8,32,9,71,239,6,216,22,12,7,188
update,79,142,7,245,8,32,9,71,240,6,216,22,12,7,188
update,79,142,7,245,8,73,9,71,240,6,216,22,12,7,188
update,79,142,7,245,8,74,9,71,241,6,216,22,12,7,188
update,79,142,7,245,8,74,9,71,242,6,216,22,12,7,188
update,79,142,7,245,26,75,9,72,242,6,216,22,12,7,188
update,79,142,7,248,21,76,9,73,242,6,216,22,12,7,188
insert,80,1,0,0,0,0,0,0,1,0,1,0,0,0,0
insert,81,1,0,0,0,0,0,0,1,0,220,0,0,0,0
insert,82,1,0,0,0,0,0,0,243,0,221,0,0,0,0
update,82,26,5,249,4,9,4,10,244,6,222,22,125,5,192
update,82,144,6,250,4,9,4,10,245,6,222,170,126,10,193
update,82,145,7,251,4,9,4,10,245,52,222,171,9,11,51
update,82,145,7,251,4,9,4,10,245,53,222,171,9,11,51
update,82,145,7,251,4,9,4,10,246,53,222,171,9,11,194
insert,83,1,3,12,0,3,0,6,247,0,223,8,7,4,195
update,83,146,12,97,4,18,4,32,248,6,224,95,99,11,196
update,83,147,12,97,4,18,4,32,249,6,224,95,99,11,196
update,83,148,12,252,5,18,23,32,27,17,224,172,127,11,196
update,83,149,12,253,6,18,20,32,250,18,224,145,128,11,196
insert,84,150,3,17,0,0,0,0,251,0,225,173,129,4,197
insert,85,151,1,254,0,0,0,0,252,0,226,0,0,1,30
update,85,152,8,255,4,9,4,10,253,6,227,174,12,8,143
update,85,152,8,255,4,9,4,10,254,6,227,175,12,8,143
update,85,153,8,255,4,9,4,10,255,6,227,175,12,8,143
update,85,154,8,255,4,9,4,10,255,6,227,175,12,8,143
update,85,154,8,255,4,9,4,10,255,6,227,175,12,21,143
update,85,155,13,255,4,9,4,10,256,6,227,176,12,22,143
update,85,152,12,255,4,9,4,10,253,6,227,177,12,11,143
update,85,152,12,255,4,9,4,10,253,6,227,177,12,11,143
update,85,152,12,255,4,9,4,10,253,6,227,177,130,11,143
update,85,152,12,255,4,9,4,10,253,6,228,177,131,11,143
update,85,152,12,255,4,9,4,10,253,6,229,177,131,23,143
update,85,152,12,255,4,9,4,10,253,6,230,177,131,24,143
update,85,152,12,255,4,9,4,10,257,6,227,177,131,24,143
update,85,152,12,255,4,9,4,10,258,6,227,178,132,24,143
update,85,156,12,255,4,9,4,10,258,6,227,179,133,24,143
update,85,157,12,255,4,9,4,10,259,6,227,179,133,24,143
update,85,157,12,255,4,9,4,10,27,6,227,179,133,24,143
update,85,157,12,255,4,9,4,10,27,6,227,180,133,24,143
update,85,157,12,255,4,9,4,10,27,6,227,175,133,25,143
update,85,157,12,255,4,9,4,10,27,6,227,181,133,26,143
update,85,157,12,255,4,9,4,10,27,6,227,182,133,26,143
update,85,157,12,255,4,9,4,10,27,6,227,182,133,26,143
update,85,157,12,255,4,9,4,10,27,6,227,182,134,26,143
insert,86,1,0,256,0,72,0,74,1,0,231,3,0,4,16
update,86,158,5,257,4,32,4,65,260,6,232,42,12,11,79
update,86,159,16,257,4,32,4,65,261,6,232,42,12,11,79
update,86,160,12,257,4,32,4,65,261,6,232,42,12,11,79
update,86,26,12,257,4,77,4,65,261,6,232,42,12,11,79
update,86,26,12,257,4,35,4,65,262,6,232,42,12,11,79
update,86,26,12,258,4,35,4,65,27,6,232,42,12,11,79
update,86,26,12,121,4,35,4,65,27,6,232,42,135,11,79
update,86,26,12,121,4,35,4,65,260,6,232,42,136,11,79
insert,87,1,0,0,0,0,0,0,1,0,1,0,0,0,0
update,87,26,5,22,4,9,4,10,27,30,45,22,12,5,32
update,87,26,5,259,4,9,4,10,27,20,45,22,12,5,32
insert,88,161,0,260,0,72,0,74,263,0,233,11,137,1,198
update,88,162,5,245,4,32,4,65,264,6,234,86,138,8,175
update,88,163,5,245,4,32,4,65,265,6,234,106,139,8,175
update,88,163,5,245,4,32,4,65,266,6,234,56,140,8,175
update,88,163,5,245,10,32,11,65,267,6,234,56,140,8,175
update,88,163,5,261,8,32,9,65,267,6,234,56,140,8,199
update,88,163,5,262,8,32,9,65,267,6,234,183,141,8,90
update,88,163,5,262,8,32,9,65,267,6,235,84,142,8,90
update,88,163,5,263,8,32,9,65,267,6,236,84,142,8,90
update,88,163,6,264,8,32,9,65,267,6,236,84,142,8,90
update,88,163,7,264,8,32,9,65,267,6,236,84,142,8,90
update,88,163,7,265,8,32,9,65,267,6,236,84,142,8,90
update,88,163,7,24,8,32,9,65,267,6,236,84,142,8,90
update,88,163,7,266,8,32,9,65,268,6,237,84,142,18,200
update,88,163,7,267,8,32,9,65,265,6,234,84,142,11,199
update,88,163,7,262,8,32,9,65,265,6,234,84,142,11,90
update,88,163,7,268,8,32,9,65,265,6,234,84,142,11,90
update,88,163,7,269,8,32,9,65,265,6,234,84,142,11,200
update,88,163,7,264,8,32,9,65,269,6,234,84,142,11,175
update,88,163,7,264,8,32,9,65,270,6,234,84,142,11,175
update,88,163,7,264,8,32,9,65,270,6,234,84,142,11,175
update,88,164,7,264,8,32,9,65,271,6,238,84,142,11,175
update,88,165,7,264,8,32,9,65,272,6,239,84,142,11,175
update,88,165,7,264,8,78,9,65,270,6,239,84,142,11,175
update,88,166,7,264,8,79,9,65,264,6,240,84,142,11,175
update,88,163,7,264,8,32,9,65,265,6,234,85,143,11,175
update,88,163,7,264,9,80,10,75,265,6,234,86,138,11,175
update,88,163,7,264,6,81,6,69,265,6,234,86,138,11,175
update,88,163,7,264,6,32,6,69,265,6,241,86,138,11,175
update,88,163,7,264,6,32,6,69,265,6,242,86,138,11,175
update,88,163,7,264,6,32,6,69,265,6,234,86,138,11,175
insert,89,167,0,21,0,82,0,74,273,0,243,11,137,1,201
update,89,168,27,172,27,35,24,65,274,6,244,86,138,27,202
update,89,168,28,172,28,35,25,65,274,6,244,86,138,28,202
update,89,168,7,172,8,35,9,65,274,6,244,86,138,11,203
update,89,168,7,172,8,35,9,65,274,6,244,86,138,11,180
update,89,168,7,172,8,35,9,65,275,6,244,86,138,11,204
update,89,168,7,172,8,35,9,65,27,6,244,86,138,11,202
update,89,168,7,172,8,35,9,65,27,6,244,86,138,11,203
update,89,168,7,172,8,35,9,65,27,6,245,86,138,11,180
update,89,168,7,172,8,35,9,65,27,6,246,86,138,11,180
update,89,169,7,172,8,35,9,65,276,6,247,106,139,11,204
update,89,26,7,172,8,35,9,65,277,6,244,56,140,11,202
update,89,26,7,172,8,35,9,65,27,6,244,56,140,11,202
update,89,26,7,172,8,35,9,65,27,6,244,56,140,11,202
update,89,26,7,172,8,35,9,65,27,6,244,56,140,11,202
update,89,26,7,172,8,35,9,65,27,6,244,56,140,11,202
update,89,170,7,172,8,35,9,65,27,6,248,56,140,11,202
update,89,171,7,172,8,35,9,65,27,6,249,184,140,11,202
update,89,171,7,172,8,35,9,65,27,6,249,86,140,11,202
update,89,171,7,172,8,35,9,65,27,6,249,86,140,11,203
update,89,171,7,172,8,35,9,65,27,6,249,86,140,11,180
update,89,172,7,172,8,35,9,65,278,6,250,86,144,11,204
update,89,168,7,172,8,35,9,65,274,6,244,86,138,11,202
update,89,168,7,172,8,35,9,65,274,6,244,86,138,11,202
update,89,169,7,172,8,35,9,65,274,6,244,86,138,11,202
update,89,26,7,270,8,35,9,65,274,6,244,86,138,11,202
update,89,173,7,271,8,35,9,65,275,6,244,86,138,11,202
update,89,168,7,172,8,35,9,65,27,6,244,185,145,11,202
update,89,174,7,172,8,35,9,65,279,6,244,84,142,11,202
update,89,175,7,172,8,35,9,65,280,6,244,84,142,11,202
update,89,175,7,172,8,35,9,65,281,6,244,186,142,11,202
update,89,175,7,172,8,35,9,65,281,6,244,187,142,11,205
update,89,175,7,172,8,35,9,65,277,6,244,187,142,11,180
update,89,175,7,172,8,35,9,65,27,6,244,187,142,11,204
update,89,175,7,173,8,35,9,65,27,6,244,187,142,11,202
update,89,175,7,272,8,35,9,65,27,6,244,187,142,11,202
update,89,175,7,172,8,35,9,65,27,6,244,188,143,11,202
update,89,175,7,172,8,35,9,65,27,6,244,86,138,11,202
update,89,176,7,172,8,35,9,65,276,6,244,106,139,11,202
update,89,26,7,172,8,35,9,65,281,6,244,56,140,11,202
update,89,26,7,172,8,35,9,65,281,6,244,56,140,11,205
update,89,26,7,172,8,35,9,65,281,6,244,56,140,11,180
insert,90,1,0,0,0,0,0,0,1,0,1,0,0,0,0
insert,91,1,2,273,1,2,1,1,282,0,251,2,1,3,3
update,91,26,7,38,6,14,6,14,283,6,252,30,35,7,45
update,91,26,7,38,6,14,6,14,283,6,252,30,35,7,45
update,91,26,7,38,6,14,6,14,283,6,252,30,35,7,45
update,91,26,7,38,6,14,6,14,283,6,252,30,35,7,45
update,91,26,7,274,6,14,6,14,283,6,252,189,35,7,161
update,91,26,7,245,6,14,6,14,283,6,252,118,35,7,64
update,91,26,7,245,6,14,6,14,283,6,252,118,35,7,64
update,91,26,7,245,6,14,6,14,283,6,252,118,35,7,64
update,91,26,7,245,6,14,6,14,283,6,252,118,35,7,64
update,91,26,7,245,6,14,6,14,283,6,252,118,35,7,64
update,91,26,7,245,6,14,6,14,283,6,252,118,35,7,64
update,91,26,7,275,6,14,6,14,283,6,252,118,35,7,64
update,91,26,7,175,6,14,6,14,283,6,252,118,35,7,64
update,91,26,7,276,6,14,6,14,283,6,252,118,35,7,64
update,91,26,7,277,6,14,6,14,283,6,252,118,35,7,64
update,91,26,7,277,6,14,6,14,283,6,252,118,35,7,64
update,91,26,7,277,6,14,6,14,283,6,252,118,35,7,64
update,91,26,7,277,6,14,6,14,283,6,252,118,35,7,64
update,91,26,7,277,6,14,6,14,283,6,252,118,35,7,64
update,91,26,7,277,6,14,6,14,283,6,252,118,35,7,64
update,91,26,7,277,6,14,6,14,283,6,252,118,35,7,64
update,91,26,7,277,6,14,6,14,283,6,252,118,35,7,64
update,91,26,7,277,6,14,6,14,283,6,252,118,35,7,64
update,91,26,7,278,6,14,6,14,283,6,252,118,35,7,64
update,91,26,7,243,6,14,6,14,283,6,252,118,35,7,64
update,91,26,7,186,6,14,6,14,283,6,252,118,35,7,64
update,91,26,7,186,6,14,6,14,284,6,252,118,35,7,64
update,91,26,7,186,6,14,6,14,285,6,252,118,35,7,64
update,91,26,7,186,6,14,6,14,285,6,252,118,35,7,64
update,91,26,7,186,6,14,6,14,285,6,252,190,146,7,64
update,91,26,7,186,6,14,6,14,285,6,252,191,147,7,64
update,91,26,7,186,6,14,6,14,285,6,252,191,147,7,64
update,91,26,7,186,6,14,6,14,285,6,252,191,147,7,64
update,91,26,7,186,6,14,6,14,285,6,252,191,147,7,64
update,91,26,7,186,6,14,6,14,286,6,252,191,147,7,64
update,91,26,7,186,6,14,6,14,175,32,252,191,147,7,64
update,91,26,7,186,6,14,6,14,175,33,252,191,147,7,64
update,91,26,7,186,6,14,6,14,175,33,252,191,147,7,64
update,91,26,7,186,6,14,6,14,175,33,252,191,147,7,64
update,91,26,7,186,6,14,6,14,175,33,252,191,147,7,64
update,91,26,7,186,6,14,6,14,175,33,252,191,147,7,64
update,91,26,7,186,6,14,6,14,175,33,252,191,147,7,64
update,91,26,7,186,6,14,6,14,175,33,252,191,147,7,64
update,91,26,7,186,6,14,6,14,175,33,252,191,147,7,64
update,91,26,7,279,6,14,6,14,175,33,252,191,147,7,64
update,91,26,7,277,6,14,6,14,175,33,252,191,147,7,64
update,91,26,7,277,6,14,6,14,175,33,252,191,147,7,64
update,91,26,7,277,6,14,6,14,175,33,252,191,147,7,64
update,91,26,7,277,6,14,6,14,175,33,252,191,147,7,64
update,91,26,7,277,7,14,8,14,175,33,252,191,147,7,64
update,91,26,7,280,8,14,9,14,175,33,252,191,147,7,64
update,91,26,7,64,8,14,9,14,175,33,252,191,147,7,64
update,91,26,7,64,8,14,9,14,175,33,253,191,147,7,64
update,91,26,7,64,8,14,9,14,175,33,254,191,147,7,64
update,91,26,7,64,8,14,9,14,287,33,255,191,147,7,64
update,91,26,7,64,8,14,9,14,285,33,252,191,147,7,64
update,91,26,7,64,8,14,9,14,285,33,252,191,147,7,64
update,91,26,7,64,8,14,9,14,285,33,252,191,147,7,64
update,91,26,7,64,8,14,9,14,285,33,252,191,147,7,64
update,91,26,7,64,8,14,9,14,285,33,252,191,147,7,206
update,91,26,7,64,8,14,9,14,285,33,252,191,147,7,47
update,91,26,7,64,8,14,9,14,285,33,252,191,147,7,47
update,91,26,7,64,8,14,9,14,285,33,252,191,147,7,47
update,91,26,7,64,8,14,9,14,285,33,252,191,147,7,47
update,91,26,7,64,8,14,9,14,285,33,252,191,147,7,47
update,91,26,7,64,8,14,9,14,285,33,252,191,147,7,47
update,91,26,7,64,8,14,9,14,285,33,252,191,147,7,47
update,91,26,7,64,8,14,9,14,285,33,252,191,147,7,47
update,91,26,7,64,8,14,9,14,285,33,252,191,147,7,47
update,91,26,7,64,8,14,9,14,285,33,252,191,147,7,47
update,91,26,7,64,8,14,9,14,285,33,252,191,147,7,47
update,91,26,7,64,8,14,9,14,285,33,252,192,148,7,47
update,91,26,7,64,8,14,9,14,285,33,252,122,90,7,47
update,91,26,7,64,8,14,9,14,285,33,252,122,90,7,47
update,91,26,7,64,8,14,9,14,285,33,252,122,90,7,47
update,91,26,7,64,8,14,9,14,285,33,252,122,90,7,47
update,91,26,7,64,8,14,9,14,285,33,252,122,90,7,47
update,91,26,7,64,8,14,9,14,285,33,252,122,90,7,47
update,91,26,7,64,8,14,9,14,285,33,252,122,90,7,47
update,91,26,7,64,8,14,9,14,285,33,252,122,90,7,47
update,91,26,7,64,8,14,9,14,285,33,252,122,90,7,47
update,91,26,7,64,8,14,9,14,285,33,252,122,90,7,47
update,91,26,7,64,8,14,9,14,285,33,252,122,90,7,47
update,91,26,7,64,8,14,9,14,288,33,252,122,90,7,47
update,91,26,7,64,8,14,9,14,27,33,252,122,90,7,47
update,91,26,7,64,8,14,9,14,27,33,252,122,90,7,47
update,91,26,7,64,8,14,9,14,27,33,252,122,90,7,47
update,91,26,7,64,8,14,9,14,27,33,252,122,90,7,47
update,91,26,7,64,8,14,9,14,27,33,252,122,90,7,47
update,91,26,7,64,8,14,9,14,27,33,252,122,90,7,47
update,91,26,7,64,8,14,9,14,27,33,252,122,90,7,47
update,91,26,7,64,8,14,9,14,27,33,252,122,90,7,47
update,91,177,7,64,8,14,9,14,289,33,252,122,90,7,47
update,91,178,7,64,8,14,9,14,290,33,252,122,90,7,47
update,91,178,7,64,8,14,9,14,290,33,252,122,90,7,47
update,91,178,7,64,8,14,9,14,290,33,252,122,90,7,47
update,91,178,7,64,8,14,9,14,290,33,256,122,90,7,47
update,91,178,7,64,8,14,9,14,290,33,257,122,90,7,47
update,91,178,7,64,8,14,9,14,290,33,258,122,90,7,47
update,91,178,7,64,8,14,9,14,290,33,259,122,90,7,47
update,91,178,7,281,8,14,9,14,290,33,259,122,90,7,47
update,91,178,7,47,8,14,9,14,290,33,259,122,90,7,47
update,91,178,7,282,8,14,9,14,290,33,259,122,90,7,47
update,91,178,7,123,8,14,9,14,290,33,259,122,90,7,47
update,91,178,7,283,8,14,9,14,290,33,259,122,90,7,47
update,91,178,7,175,8,14,9,14,290,33,259,122,90,7,47
update,91,178,7,175,8,14,9,14,290,33,259,122,90,7,47
update,91,178,7,175,8,14,9,14,290,33,259,122,90,7,47
update,91,178,7,175,8,14,9,14,290,33,259,122,90,7,47
update,91,178,7,175,8,14,9,14,290,33,259,122,90,7,47
update,91,178,7,175,8,14,9,14,290,33,259,122,90,7,47
update,91,178,7,284,8,14,9,14,290,33,259,122,90,7,47
update,91,178,7,188,8,14,9,14,290,33,259,122,90,7,47
update,91,178,7,188,8,14,9,14,290,33,259,122,90,7,47
update,91,178,7,188,8,14,9,14,290,33,259,122,90,7,47
update,91,178,7,285,8,15,9,14,290,33,259,122,90,7,47
update,91,178,7,130,8,12,9,14,290,33,259,122,90,7,47
update,91,178,7,286,9,13,10,14,290,33,259,127,90,7,207
update,91,178,7,245,6,14,6,14,290,33,259,118,90,7,64
update,91,178,7,245,6,14,6,14,290,33,259,118,90,7,64
update,91,178,7,245,6,14,6,14,290,33,259,118,90,7,64
update,91,178,7,287,6,14,6,14,290,33,259,118,90,7,64
update,91,178,7,188,6,14,6,14,290,33,259,118,90,7,64
update,91,178,7,188,6,14,6,14,290,33,259,118,90,7,64
update,91,178,7,188,6,14,6,14,290,33,259,118,90,7,64
update,91,178,7,288,6,14,6,14,290,33,259,118,90,7,64
update,91,178,7,181,6,14,6,14,290,33,259,118,90,7,64
update,91,178,7,181,6,14,6,14,290,33,259,118,90,7,64
update,91,178,7,181,6,14,6,14,290,33,259,118,90,7,64
update,91,178,7,181,6,14,6,14,290,33,259,118,90,7,64
update,91,178,7,181,6,14,6,14,290,33,259,118,90,7,64
update,91,178,7,181,6,14,6,14,290,33,259,118,90,7,64
update,91,178,7,181,6,14,6,14,290,33,259,118,90,7,64
update,91,178,7,181,6,14,6,14,290,33,259,118,90,7,64
update,91,178,7,181,6,14,6,14,290,33,259,118,90,7,64
update,91,178,7,181,6,14,6,14,290,33,259,118,90,7,64
update,91,179,7,181,6,14,6,14,291,33,259,118,90,7,64
update,91,26,7,181,6,14,6,14,292,33,259,118,90,7,64
update,91,26,7,181,6,15,6,14,292,33,259,118,90,7,64
update,91,26,7,181,6,12,6,14,292,33,259,118,90,7,64
update,91,26,7,181,6,12,6,14,292,33,259,118,90,7,64
update,91,26,7,181,6,12,6,14,292,33,259,118,90,7,64
update,91,26,7,181,6,12,6,14,292,33,259,118,90,7,64
update,91,26,7,181,6,12,6,14,292,33,259,118,90,7,64
update,91,26,7,181,6,12,6,14,292,33,259,118,90,7,64
update,91,26,7,181,6,12,6,14,292,33,259,126,90,7,64
update,91,26,7,181,6,12,6,14,293,33,259,122,90,7,64
update,91,26,7,289,6,12,6,14,175,33,259,122,90,7,64
update,91,26,7,123,6,12,6,14,175,33,259,122,90,7,64
update,91,26,7,123,6,12,6,14,175,33,259,122,90,7,64
update,91,26,7,123,6,12,6,14,175,33,259,193,149,7,64
update,91,26,7,123,6,12,6,14,175,33,259,120,53,7,64
update,91,26,7,123,6,12,6,14,175,33,259,120,53,7,64
update,91,26,7,123,6,12,6,14,175,33,259,120,53,7,64
update,91,26,7,123,6,12,6,14,175,33,259,120,53,7,208
update,91,26,7,123,6,12,6,14,175,33,259,120,53,7,188
update,91,26,7,123,6,12,6,14,175,33,259,120,53,7,188
update,91,26,7,290,6,12,6,14,175,33,259,120,53,7,188
update,91,26,7,188,7,13,8,14,175,33,260,121,89,7,209
update,91,26,7,188,8,14,9,14,175,33,261,122,90,7,47
update,91,26,7,188,8,14,9,14,175,33,261,122,90,7,47
update,91,26,7,188,8,14,9,14,175,33,261,122,90,7,47
update,91,26,7,192,8,14,9,14,175,33,261,122,90,7,47
update,91,26,7,24,8,14,9,14,175,33,261,122,90,7,47
update,91,26,7,24,8,14,9,14,175,33,261,122,90,7,47
update,91,26,7,24,8,14,9,14,175,33,261,122,90,7,47
update,91,26,7,24,8,14,9,14,175,33,261,122,90,7,47
update,91,26,7,24,8,14,9,14,175,33,261,122,90,7,47
update,91,26,7,24,8,14,9,14,175,33,261,122,90,7,47
update,91,26,7,24,8,14,9,14,175,33,261,122,90,7,47
update,91,26,7,24,8,14,9,14,175,33,261,122,90,7,47
update,91,26,7,24,8,14,9,14,175,33,261,122,90,7,47
update,91,26,7,24,8,14,9,14,175,33,261,122,90,7,47
update,91,26,7,24,8,14,9,14,175,33,261,122,90,7,47
update,91,177,7,24,8,14,9,14,294,33,261,122,90,7,47
update,91,178,7,24,8,14,9,14,290,33,261,122,90,7,47
update,91,178,7,24,8,14,9,14,290,33,261,122,90,7,47
update,91,178,7,24,8,14,9,14,290,33,261,122,90,7,47
update,91,178,7,24,8,14,9,14,290,33,261,122,90,7,47
update,91,178,7,24,8,14,9,14,290,33,261,122,90,7,47
update,91,178,7,24,8,14,9,14,295,33,261,122,90,7,47
update,91,178,7,24,8,14,9,14,175,33,261,122,90,7,47
update,91,178,7,24,8,14,9,14,175,33,261,122,90,7,47
update,91,178,7,24,8,14,9,14,175,33,261,122,90,7,47
update,91,178,7,24,8,14,9,14,175,33,261,122,90,7,47
update,91,178,7,24,8,14,9,14,175,33,261,122,90,7,47
update,91,178,7,24,8,14,9,14,175,33,261,122,90,7,47
update,91,178,7,24,8,14,9,14,175,54,261,122,90,7,47
update,91,178,7,24,8,14,9,14,175,11,261,122,90,7,47
update,91,178,7,24,8,14,9,14,175,11,261,122,90,7,47
update,91,178,7,24,8,14,9,14,175,11,261,122,90,7,47
update,91,178,7,24,8,14,9,14,175,11,261,122,90,7,47
update,91,178,7,24,8,14,9,14,175,11,261,122,90,7,47
update,91,178,7,24,8,14,9,14,175,11,261,122,90,7,47
update,91,178,7,24,8,14,9,14,175,11,261,122,90,7,47
update,91,178,7,191,8,14,9,14,175,11,261,122,90,7,47
update,91,178,7,188,8,14,9,14,175,11,261,122,90,7,47
update,91,178,7,188,8,14,9,14,175,11,261,122,90,7,47
update,91,178,7,188,8,14,9,14,175,11,261,122,90,7,47
update,91,179,7,291,8,15,9,14,296,55,261,122,90,7,47
update,91,26,7,292,8,12,9,14,292,33,261,122,90,7,47
update,91,26,7,293,8,12,9,14,292,33,261,122,90,7,47
update,91,26,7,293,8,12,9,14,292,33,261,122,90,7,47
update,91,26,7,293,8,12,9,14,292,33,261,194,90,7,47
update,91,177,7,294,9,13,10,14,297,33,262,195,90,7,210
update,91,178,7,64,6,14,6,14,290,33,252,118,90,7,188
update,91,178,7,64,6,14,6,14,290,33,252,118,90,7,188
update,91,178,7,64,6,14,6,14,290,33,252,118,90,7,188
update,91,178,7,64,6,14,6,14,290,33,252,118,90,7,188
update,91,178,7,64,6,14,6,14,290,33,252,118,90,7,188
update,91,178,7,64,6,14,6,14,290,33,252,118,90,7,188
update,91,178,7,64,6,14,6,14,298,33,252,118,90,7,188
update,91,178,7,295,6,14,6,14,299,33,252,118,90,7,188
update,91,178,7,130,6,14,6,14,299,33,252,118,90,7,188
update,91,178,7,130,6,14,6,14,299,33,252,118,90,7,188
update,91,178,7,130,6,14,6,14,299,33,263,118,90,7,188
update,91,178,7,130,6,14,6,14,299,33,264,118,90,7,188
update,91,178,7,130,6,14,6,14,299,33,264,118,90,7,188
insert,92,1,0,0,0,0,0,0,1,0,25,0,0,0,211
update,92,26,5,22,4,9,4,10,27,6,120,22,12,5,212
update,92,26,5,22,4,9,4,10,27,6,120,22,12,5,213
update,92,26,5,22,4,9,4,10,27,6,120,22,12,5,213
update,92,26,5,111,4,9,4,10,27,6,120,22,12,5,214
update,92,26,5,105,4,9,4,10,300,6,120,22,12,5,32
update,92,26,5,105,4,9,4,10,301,6,120,22,12,5,32
update,92,26,5,105,4,9,4,10,302,6,120,22,12,5,32
update,92,26,5,105,4,9,4,10,303,6,120,22,12,5,32
update,92,26,5,105,4,9,4,10,304,6,120,22,12,5,32
update,92,26,5,296,4,9,4,10,305,6,120,22,12,5,215
update,92,26,5,103,4,9,4,10,306,6,120,22,12,5,216
update,92,26,5,103,4,9,4,10,307,6,120,22,12,5,217
update,92,26,5,297,4,9,4,10,308,17,120,22,12,5,218
update,92,26,5,22,4,9,4,10,309,18,120,22,12,5,213
update,92,26,5,22,4,9,4,10,310,18,120,22,12,5,213
update,92,26,5,22,4,9,4,10,310,18,120,22,12,5,219
update,92,26,5,22,4,9,4,10,311,56,120,22,12,5,220
update,92,26,5,22,4,9,4,10,27,57,120,22,12,5,213
update,92,26,5,22,4,9,4,10,312,21,120,22,12,5,213
update,92,26,5,22,4,9,4,10,305,58,120,22,12,5,213
update,92,26,5,22,4,9,4,10,305,59,120,22,12,5,221
update,92,26,5,22,4,9,4,10,305,60,120,22,12,5,131
update,92,180,5,22,4,9,4,10,313,7,120,22,12,5,131
update,92,181,5,22,4,9,4,10,314,61,120,22,12,5,131
update,92,181,5,22,4,9,4,10,124,59,120,22,12,5,222
update,92,181,5,22,4,9,4,10,124,62,120,22,12,5,223
update,92,181,5,22,4,9,4,10,315,63,120,22,12,5,223
update,92,182,5,22,4,9,4,10,316,64,120,22,12,5,224
update,92,183,5,22,4,9,4,10,317,50,120,22,12,5,131
update,92,183,5,22,4,9,4,10,318,50,120,22,12,5,131
update,92,183,5,22,4,9,4,10,319,50,120,22,12,5,131
update,92,183,5,22,4,9,4,10,320,50,120,22,12,5,225
update,92,183,5,22,4,9,4,10,320,65,120,22,12,5,213
update,92,183,5,22,4,9,4,10,321,66,120,22,12,5,213
update,92,183,5,22,4,9,4,10,322,67,120,22,12,5,226
update,92,183,5,22,4,9,4,10,322,67,120,68,12,5,227
update,92,183,5,22,4,9,4,10,322,67,120,67,12,5,228
update,92,183,5,22,4,9,4,10,322,67,120,67,12,5,229
update,92,183,5,22,4,9,4,10,322,67,120,0,0,0,0
insert,93,1,2,298,0,0,0,0,1,0,265,0,0,3,230
update,93,26,7,64,4,9,4,10,27,6,266,196,12,7,231
insert,94,184,1,17,0,0,0,0,323,0,267,0,0,1,232
update,94,185,8,299,4,9,4,10,324,6,268,174,150,8,54
update,94,185,8,299,4,9,4,10,324,6,268,175,151,8,54
update,94,185,8,299,4,9,4,10,325,6,268,175,151,8,54
update,94,186,8,299,4,9,4,10,326,6,268,175,151,8,54
update,94,187,8,299,4,9,4,10,326,6,268,175,151,8,54
update,94,185,8,299,4,9,4,10,326,6,268,175,151,8,54
update,94,185,13,299,4,9,4,10,327,6,268,176,152,18,54
update,94,185,12,299,4,9,4,10,27,6,268,177,153,11,233
update,94,188,12,299,4,9,4,10,328,6,269,197,154,11,234
update,94,189,12,300,4,9,4,10,329,6,270,175,151,11,234
update,94,189,12,301,4,9,4,10,329,6,270,175,151,11,234
update,94,190,12,302,4,9,4,10,330,6,271,176,152,11,235
update,94,185,12,299,4,9,4,10,326,6,269,177,153,11,54
update,94,185,12,299,4,9,4,10,326,6,271,177,153,11,54
update,94,185,12,299,4,9,4,10,326,6,268,177,153,11,54
update,94,188,12,299,4,9,4,10,326,6,268,177,153,11,54
update,94,189,12,299,4,9,4,10,326,6,268,177,153,11,54
update,94,189,12,299,4,9,4,10,326,6,268,198,155,11,54
update,94,189,12,299,4,9,4,10,326,6,268,199,156,11,54
update,94,191,12,299,4,9,4,10,326,6,268,199,156,11,54
update,94,192,12,299,4,9,4,10,326,6,268,199,156,11,54
update,94,193,12,299,4,9,4,10,326,6,268,199,156,11,54
update,94,194,12,299,4,9,4,10,331,6,268,199,156,11,54
update,94,194,12,299,4,9,4,10,332,6,268,199,156,11,54
update,94,194,12,299,4,9,4,10,333,6,268,199,156,11,54
update,94,194,12,299,4,9,4,10,334,6,268,199,157,11,54
insert,95,1,3,0,0,0,0,0,1,0,272,0,0,4,236
update,95,26,12,22,4,9,4,10,27,6,273,22,12,11,237
insert,96,195,3,0,0,0,0,0,335,0,274,0,0,4,0
insert,97,1,0,0,0,0,0,0,1,0,1,0,0,0,0
update,97,26,5,22,4,9,4,10,27,6,275,22,12,5,32
update,97,26,5,22,4,9,4,10,27,6,276,200,12,5,32
update,97,26,5,22,4,9,4,10,27,6,277,201,12,5,32
update,97,26,5,22,4,9,4,10,27,6,277,201,12,5,32
update,97,26,5,22,4,9,4,10,27,6,277,201,12,5,32
update,97,26,5,22,4,9,4,10,27,6,277,201,12,5,32
update,97,26,5,22,4,9,4,10,27,6,277,202,12,5,32
update,97,26,5,22,4,9,4,10,27,6,277,156,12,5,32
update,97,26,5,22,4,9,4,10,27,6,277,156,12,5,32
insert,98,196,3,9,0,0,0,0,336,68,278,0,0,4,0
update,98,197,12,89,4,9,4,10,337,69,279,22,12,11,238
update,98,197,12,89,4,9,4,10,337,15,279,22,12,11,239
insert,99,1,0,0,0,0,0,0,1,0,280,0,0,3,240
update,99,26,6,303,4,9,4,10,27,6,281,22,12,7,241
insert,100,198,1,304,0,0,0,0,338,0,282,0,0,1,242
update,100,199,8,305,4,9,4,10,339,6,283,22,12,8,243
update,100,199,8,305,4,9,4,10,339,6,283,22,158,8,243
update,100,199,8,305,4,9,4,10,339,6,283,22,159,8,243
update,100,199,8,305,4,9,4,10,340,6,283,22,159,8,243
update,100,199,8,305,4,9,4,10,341,6,283,27,160,8,244
update,100,199,8,305,4,9,4,10,341,6,283,28,161,8,245
insert,101,200,3,306,0,0,0,0,342,0,284,0,0,4,1
update,101,201,12,293,4,9,4,10,343,6,285,22,12,11,39
insert,102,1,3,232,2,7,2,3,344,0,286,203,123,4,19
update,102,26,12,184,8,38,9,16,345,6,287,204,162,11,86
update,102,26,12,184,8,83,9,16,345,6,287,145,128,11,86
insert,103,1,3,0,0,0,0,0,1,0,288,0,0,4,246
update,103,26,12,307,4,9,4,10,27,6,289,22,12,11,247
insert,104,1,0,0,0,0,0,0,346,70,290,0,0,0,0
insert,105,202,2,198,1,84,1,76,347,0,291,205,0,3,248
update,105,203,7,24,6,11,6,77,348,71,292,206,12,7,34
update,105,203,7,24,6,11,6,77,349,72,292,206,12,7,34
update,105,203,7,24,6,11,6,77,350,72,292,207,12,7,34
update,105,203,7,24,6,11,6,77,350,72,292,208,12,7,34
update,105,204,7,24,6,11,6,77,351,72,292,208,12,7,34
update,105,205,7,24,6,11,6,77,352,72,292,208,12,7,34
update,105,26,7,24,6,11,6,77,352,72,292,209,8,7,34
insert,106,206,2,21,0,0,0,0,353,0,293,0,0,3,248
update,106,207,7,172,4,9,4,10,354,30,294,22,12,7,34
update,106,207,7,172,4,9,4,10,355,31,294,22,12,7,34
update,106,207,7,172,4,9,4,10,356,6,294,22,12,7,34
insert,107,1,0,0,0,0,0,0,1,0,1,0,0,0,0
insert,108,1,0,306,0,0,0,0,1,0,1,5,0,0,249
update,108,26,5,308,4,9,4,10,27,6,45,67,12,5,250
update,108,26,5,309,4,9,4,10,27,6,45,210,12,5,251
update,108,26,5,309,4,9,4,10,27,6,45,211,12,5,251
update,108,26,5,309,4,9,4,10,27,6,45,151,12,5,252
update,108,26,5,309,4,9,4,10,27,6,45,212,12,5,253
update,108,26,5,309,4,9,4,10,27,6,45,213,12,5,253
update,108,26,5,310,4,9,4,10,27,6,45,214,12,5,253
update,108,26,5,311,4,9,4,10,27,6,45,214,12,5,254
update,108,26,5,312,4,9,4,10,27,6,45,215,12,5,255
update,108,26,5,312,4,9,4,10,27,6,45,216,12,5,256
update,108,26,5,312,4,9,4,10,27,6,45,217,163,5,34
insert,109,1,1,13,0,0,0,0,1,0,295,0,0,1,151
update,109,26,8,98,4,9,4,10,357,6,296,22,12,8,257
update,109,26,8,98,4,9,4,10,358,6,296,22,12,8,257
update,109,26,8,98,4,9,4,10,359,6,296,22,12,8,257
update,109,26,8,98,4,9,4,10,360,6,296,22,12,8,257
insert,110,208,3,313,0,0,0,0,361,68,297,0,0,4,258
update,110,209,12,314,4,9,4,10,362,15,298,22,12,11,259
update,110,209,12,314,4,9,4,10,363,20,298,22,12,11,259
insert,111,1,0,0,0,0,0,0,1,0,1,0,0,0,0
update,111,26,5,315,4,9,4,10,27,6,45,22,12,5,32
update,111,26,5,90,4,9,4,10,364,6,45,22,12,5,32
update,111,210,5,90,4,9,4,10,365,6,299,22,12,5,32
insert,112,1,0,316,0,0,0,0,1,0,1,0,0,0,0
update,112,26,5,317,4,9,4,10,27,6,45,22,12,5,32
update,112,26,5,318,4,9,4,10,27,6,45,22,12,5,32
update,112,26,5,319,4,9,4,10,27,6,45,22,12,5,260
update,112,26,5,320,4,9,4,10,27,6,45,22,12,5,57
update,112,26,5,321,4,9,4,10,27,6,45,22,12,5,57
update,112,26,5,322,4,9,4,10,27,6,45,22,12,5,57
insert,113,211,2,198,2,84,2,76,366,0,300,218,164,3,261
update,113,212,7,24,8,11,9,77,367,6,301,24,11,7,188
update,113,212,7,24,8,11,9,77,367,6,301,219,11,7,188
update,113,212,7,24,8,85,9,77,367,6,301,220,11,7,188
update,113,212,7,24,8,86,9,77,367,6,302,220,11,7,188
update,113,212,7,24,8,86,9,77,367,6,303,220,11,7,188
update,113,212,7,24,8,86,9,77,367,6,303,221,165,7,188
update,113,212,7,24,8,86,9,77,367,6,303,222,166,7,188
update,113,212,7,24,8,87,9,77,367,6,303,223,60,7,188
update,113,212,7,24,8,88,9,77,367,6,303,224,167,7,188
update,113,212,7,24,8,88,9,77,368,6,303,76,35,7,188
update,113,213,7,24,8,88,9,77,369,6,303,76,35,7,188
update,113,26,7,24,8,88,9,77,369,6,303,76,98,7,188
insert,114,1,0,0,0,0,0,0,1,0,304,0,0,0,0
update,114,26,5,323,4,9,4,10,27,6,305,22,12,5,262
update,114,26,5,324,4,9,4,10,27,6,305,22,12,5,98
update,114,26,5,324,4,9,4,10,27,6,305,22,12,5,98
update,114,26,5,325,4,9,4,10,27,6,305,22,12,5,98
update,114,26,5,326,4,9,4,10,27,6,305,22,12,5,263
insert,115,1,0,0,0,0,0,0,370,0,306,0,0,0,0
update,115,26,5,22,4,9,4,10,371,6,117,22,12,5,32
update,115,26,5,22,4,9,4,10,372,6,117,22,12,5,32
update,115,26,5,22,4,9,4,10,372,73,117,22,12,5,32
update,115,26,5,22,4,9,4,10,373,74,117,68,12,5,32
update,115,26,5,22,4,9,4,10,374,6,117,67,12,5,32
update,115,26,5,22,4,9,4,10,375,6,117,67,12,5,32
update,115,26,5,22,4,9,4,10,376,6,117,67,12,5,32
update,115,26,5,22,4,9,4,10,372,6,117,67,12,5,32
insert,116,1,0,0,0,0,0,0,1,0,307,0,0,4,264
update,116,26,16,327,4,9,4,10,27,6,308,22,12,11,265
update,116,26,12,328,4,9,4,10,27,6,308,22,12,11,266
insert,117,214,29,0,0,0,0,0,377,0,309,0,0,2,0
update,117,215,10,22,4,9,4,10,378,6,310,27,168,9,32
update,117,215,10,22,4,9,4,10,378,6,310,28,169,9,32
update,117,215,10,22,4,9,4,10,379,6,310,28,169,9,32
update,117,215,10,28,4,9,4,10,380,6,310,28,169,9,267
insert,118,1,0,0,0,0,0,0,1,0,1,0,0,0,0
insert,119,216,1,329,0,0,0,0,381,0,311,0,0,1,268
update,119,217,8,330,4,9,4,10,382,6,312,22,12,8,269
update,119,217,8,330,4,9,4,10,382,6,312,22,12,8,269
update,119,217,8,330,4,9,4,10,382,6,312,22,12,8,269
update,119,217,8,330,4,9,4,10,383,6,312,22,12,8,269
update,119,217,8,330,4,9,4,10,384,6,312,22,12,8,270
update,119,217,8,330,4,9,4,10,384,6,312,22,12,8,271
update,119,217,8,330,4,9,4,10,384,6,312,108,12,18,272
update,119,217,8,330,4,9,4,10,384,6,312,109,170,11,273
update,119,217,8,330,4,9,4,10,384,6,312,109,171,11,273
update,119,217,8,330,4,9,4,10,384,6,312,109,171,11,273
update,119,217,8,330,4,9,4,10,384,6,313,109,171,11,273
insert,120,1,0,0,0,0,0,0,1,0,314,0,0,0,0
update,120,26,5,22,4,9,4,10,27,6,315,225,12,5,32
update,120,26,5,22,4,9,4,10,27,6,315,122,12,5,32
insert,121,1,0,331,0,0,0,0,1,0,316,226,0,0,274
insert,122,1,0,0,0,0,0,0,1,0,317,0,0,0,0
update,122,26,5,332,4,9,4,10,27,6,318,22,12,5,32
update,122,26,5,333,4,9,4,10,27,6,318,22,12,5,275
update,122,26,5,334,4,9,4,10,27,6,318,22,12,5,276
update,122,26,5,335,4,9,4,10,27,6,318,22,12,5,277
update,122,26,5,336,4,9,4,10,27,6,318,22,12,5,278
update,122,26,5,337,4,9,4,10,27,6,318,22,12,5,149
update,122,26,5,337,4,9,4,10,27,6,318,227,12,5,149
update,122,26,5,337,4,9,4,10,27,6,318,69,12,5,279
update,122,26,5,337,4,9,4,10,27,6,318,69,12,5,45
update,122,26,5,338,4,9,4,10,27,6,318,69,12,5,45
update,122,26,30,201,4,9,4,10,27,6,318,69,12,29,45
update,122,26,31,339,4,9,4,10,27,6,318,69,12,30,280
update,122,26,31,340,4,9,26,78,27,6,318,69,12,30,281
update,122,26,31,340,4,9,22,79,385,75,318,69,12,30,281
update,122,26,31,340,4,9,22,79,386,76,318,69,12,30,282
update,122,26,31,340,4,9,22,79,387,77,318,69,12,30,283
update,122,26,31,340,4,9,22,79,388,41,319,69,12,30,283
update,122,26,31,340,4,9,22,79,388,41,190,69,12,30,283
update,122,26,31,340,4,9,22,79,388,41,320,69,12,30,283
update,122,26,31,341,4,9,22,79,388,41,321,69,12,30,284
update,122,26,31,336,4,9,22,79,388,41,322,228,51,30,285
update,122,26,31,337,4,9,22,79,388,41,45,67,52,30,122
update,122,26,31,342,4,9,22,79,388,41,45,67,52,30,286
update,122,26,31,22,4,9,22,79,388,41,45,67,52,30,287
update,122,26,31,22,4,9,22,79,388,41,45,67,52,30,287
update,122,26,31,22,4,9,22,79,388,41,45,67,52,30,288
update,122,26,31,22,4,9,22,79,388,41,323,67,52,30,289
update,122,26,31,22,4,9,22,79,388,41,324,67,52,30,288
update,122,26,31,22,4,9,22,79,388,41,324,67,52,30,289
update,122,26,31,343,4,9,22,79,388,41,324,67,52,30,287
update,122,26,31,201,4,9,22,79,388,41,324,67,52,30,287
update,122,26,31,201,4,9,22,79,388,41,324,67,52,30,287
update,122,26,31,344,4,9,22,79,388,41,325,67,52,30,287
update,122,26,31,22,4,9,22,79,388,41,45,67,52,30,290
update,122,26,31,22,4,9,22,79,388,41,45,67,52,30,291
update,122,26,31,22,4,9,22,79,388,41,323,67,52,30,291
update,122,26,31,22,4,9,22,79,388,41,324,67,52,30,291
insert,123,1,2,345,1,89,1,1,1,0,326,14,0,3,274
update,123,26,7,346,6,59,6,14,27,6,327,118,12,7,122
update,123,26,7,347,6,90,6,80,27,6,327,118,12,16,292
update,123,26,7,141,6,14,6,81,27,6,328,229,12,11,293
update,123,26,7,348,6,91,6,82,389,6,329,225,12,17,294
update,123,26,7,264,6,59,6,14,390,6,327,122,12,7,122
update,123,26,7,264,6,59,6,14,390,6,330,122,12,7,122
update,123,26,7,264,6,59,6,14,390,6,331,122,12,7,122
update,123,26,7,264,6,59,6,14,390,6,331,122,12,7,122
update,123,26,7,264,7,59,8,14,390,6,331,122,12,7,122
update,123,26,7,264,8,59,9,14,390,6,331,122,12,7,122
update,123,26,7,264,8,59,9,14,390,6,331,193,12,7,122
update,123,26,7,264,8,59,9,14,390,6,331,120,12,7,122
update,123,26,7,264,8,59,9,14,390,6,331,120,12,7,122
update,123,26,7,264,8,59,9,14,390,6,331,120,12,7,122
update,123,26,7,264,8,59,9,14,391,6,331,120,12,7,122
update,123,26,7,264,8,59,9,14,392,6,331,120,12,7,122
update,123,26,7,264,8,59,9,14,393,6,331,120,12,7,122
update,123,26,7,264,8,59,9,14,393,6,331,120,12,7,122
update,123,26,7,264,8,59,9,14,394,6,331,120,12,7,122
update,123,26,7,349,8,59,9,14,395,6,331,120,12,7,122
update,123,26,7,350,8,59,9,14,395,6,332,120,12,7,122
update,123,26,7,350,8,59,9,14,396,6,327,120,12,7,122
update,123,26,7,350,8,59,9,14,397,6,327,120,12,7,122
update,123,26,7,351,8,59,9,14,397,6,327,120,12,7,122
update,123,26,7,186,8,59,9,14,398,6,327,120,12,7,122
update,123,26,7,352,9,59,10,14,399,6,327,121,12,7,122
update,123,26,7,264,6,90,6,80,391,6,327,122,12,16,292
update,123,26,7,264,6,14,6,81,400,6,327,122,12,11,293
update,123,26,7,264,6,14,6,81,401,6,327,122,12,11,293
update,123,26,7,264,6,14,6,81,402,6,327,122,12,11,293
update,123,26,7,353,6,14,6,81,403,6,327,122,12,11,293
